# Blender v3.1.2 OBJ File: 'Candle.blend'
# www.blender.org
mtllib Candle.mtl
o Candle
v -0.000000 0.154312 0.011423
v -0.000000 0.154312 -0.011423
v -0.000000 0.200005 0.011423
v -0.000000 0.200005 -0.011423
v -0.000000 0.177159 0.011423
v -0.000000 0.177159 -0.011423
v -0.000000 0.154312 -0.000000
v -0.000000 0.200005 -0.000000
v -0.000000 0.177159 -0.000000
v -0.000000 0.165736 0.011423
v -0.000000 0.165736 -0.011423
v -0.000000 0.165736 -0.000000
v -0.000000 0.188582 -0.011423
v -0.000000 0.188582 0.011423
v -0.000000 0.188582 -0.000000
v -0.000000 0.154312 -0.005712
v -0.000000 0.200005 -0.005712
v -0.000000 0.177159 -0.005712
v -0.000000 0.165736 -0.005712
v -0.000000 0.188582 -0.005712
v -0.000000 0.200005 0.005712
v -0.000000 0.177159 0.005712
v -0.000000 0.154312 0.005712
v -0.000000 0.165736 0.005712
v -0.000000 0.188582 0.005712
v -0.000000 0.194293 -0.011423
v -0.000000 0.194293 -0.000000
v -0.000000 0.194293 0.011423
v -0.000000 0.194293 -0.005712
v -0.000000 0.194293 0.005712
v -0.000000 0.182870 0.011423
v -0.000000 0.182870 -0.011423
v -0.000000 0.182870 -0.000000
v -0.000000 0.182870 -0.005712
v -0.000000 0.182870 0.005712
v -0.000000 0.171447 -0.011423
v -0.000000 0.171447 -0.000000
v -0.000000 0.171447 0.011423
v -0.000000 0.171447 -0.005712
v -0.000000 0.171447 0.005712
v -0.000000 0.160024 0.011423
v -0.000000 0.160024 -0.011423
v -0.000000 0.160024 -0.000000
v -0.000000 0.160024 -0.005712
v -0.000000 0.160024 0.005712
v -0.011423 0.154312 0.000000
v 0.011423 0.154312 0.000000
v -0.011423 0.200005 0.000000
v 0.011423 0.200005 0.000000
v -0.011423 0.177159 0.000000
v 0.011423 0.177159 0.000000
v -0.000000 0.154312 0.000000
v -0.000000 0.200005 0.000000
v -0.000000 0.177159 0.000000
v -0.011423 0.165736 0.000000
v 0.011423 0.165736 0.000000
v -0.000000 0.165736 0.000000
v 0.011423 0.188582 0.000000
v -0.011423 0.188582 0.000000
v -0.000000 0.188582 0.000000
v 0.005712 0.154312 0.000000
v 0.005712 0.200005 0.000000
v 0.005712 0.177159 0.000000
v 0.005712 0.165736 0.000000
v 0.005712 0.188582 0.000000
v -0.005712 0.200005 0.000000
v -0.005712 0.177159 0.000000
v -0.005712 0.154312 0.000000
v -0.005712 0.165736 0.000000
v -0.005712 0.188582 0.000000
v 0.011423 0.194293 0.000000
v -0.000000 0.194293 0.000000
v -0.011423 0.194293 0.000000
v 0.005712 0.194293 0.000000
v -0.005712 0.194293 0.000000
v -0.011423 0.182870 0.000000
v 0.011423 0.182870 0.000000
v -0.000000 0.182870 0.000000
v 0.005712 0.182870 0.000000
v -0.005712 0.182870 0.000000
v 0.011423 0.171447 0.000000
v -0.000000 0.171447 0.000000
v -0.011423 0.171447 0.000000
v 0.005712 0.171447 0.000000
v -0.005712 0.171447 0.000000
v -0.011423 0.160024 0.000000
v 0.011423 0.160024 0.000000
v -0.000000 0.160024 0.000000
v 0.005712 0.160024 0.000000
v -0.005712 0.160024 0.000000
v 0.008077 0.154312 0.008077
v -0.008077 0.154312 -0.008077
v 0.008077 0.200005 0.008077
v -0.008077 0.200005 -0.008077
v 0.008077 0.177159 0.008077
v -0.008077 0.177159 -0.008077
v -0.000000 0.154312 0.000000
v -0.000000 0.200005 0.000000
v -0.000000 0.177159 0.000000
v 0.008077 0.165736 0.008077
v -0.008077 0.165736 -0.008077
v -0.000000 0.165736 0.000000
v -0.008077 0.188582 -0.008077
v 0.008077 0.188582 0.008077
v -0.000000 0.188582 0.000000
v -0.004039 0.154312 -0.004039
v -0.004039 0.200005 -0.004039
v -0.004039 0.177159 -0.004039
v -0.004039 0.165736 -0.004039
v -0.004039 0.188582 -0.004039
v 0.004039 0.200005 0.004039
v 0.004039 0.177159 0.004039
v 0.004039 0.154312 0.004039
v 0.004039 0.165736 0.004039
v 0.004039 0.188582 0.004039
v -0.008077 0.194293 -0.008077
v -0.000000 0.194293 0.000000
v 0.008077 0.194293 0.008077
v -0.004039 0.194293 -0.004039
v 0.004039 0.194293 0.004039
v 0.008077 0.182870 0.008077
v -0.008077 0.182870 -0.008077
v -0.000000 0.182870 0.000000
v -0.004039 0.182870 -0.004039
v 0.004039 0.182870 0.004039
v -0.008077 0.171447 -0.008077
v -0.000000 0.171447 0.000000
v 0.008077 0.171447 0.008077
v -0.004039 0.171447 -0.004039
v 0.004039 0.171447 0.004039
v 0.008077 0.160024 0.008077
v -0.008077 0.160024 -0.008077
v -0.000000 0.160024 0.000000
v -0.004039 0.160024 -0.004039
v 0.004039 0.160024 0.004039
v -0.008077 0.154312 0.008077
v 0.008077 0.154312 -0.008077
v -0.008077 0.200005 0.008077
v 0.008077 0.200005 -0.008077
v -0.008077 0.177159 0.008077
v 0.008077 0.177159 -0.008077
v -0.000000 0.154312 0.000000
v -0.000000 0.200005 0.000000
v -0.000000 0.177159 0.000000
v -0.008077 0.165736 0.008077
v 0.008077 0.165736 -0.008077
v -0.000000 0.165736 0.000000
v 0.008077 0.188582 -0.008077
v -0.008077 0.188582 0.008077
v -0.000000 0.188582 0.000000
v 0.004039 0.154312 -0.004039
v 0.004039 0.200005 -0.004039
v 0.004039 0.177159 -0.004039
v 0.004039 0.165736 -0.004039
v 0.004039 0.188582 -0.004039
v -0.004039 0.200005 0.004039
v -0.004039 0.177159 0.004039
v -0.004039 0.154312 0.004039
v -0.004039 0.165736 0.004039
v -0.004039 0.188582 0.004039
v 0.008077 0.194293 -0.008077
v -0.000000 0.194293 0.000000
v -0.008077 0.194293 0.008077
v 0.004039 0.194293 -0.004039
v -0.004039 0.194293 0.004039
v -0.008077 0.182870 0.008077
v 0.008077 0.182870 -0.008077
v -0.000000 0.182870 0.000000
v 0.004039 0.182870 -0.004039
v -0.004039 0.182870 0.004039
v 0.008077 0.171447 -0.008077
v -0.000000 0.171447 0.000000
v -0.008077 0.171447 0.008077
v 0.004039 0.171447 -0.004039
v -0.004039 0.171447 0.004039
v -0.008077 0.160024 0.008077
v 0.008077 0.160024 -0.008077
v -0.000000 0.160024 0.000000
v 0.004039 0.160024 -0.004039
v -0.004039 0.160024 0.004039
v -0.014993 0.111742 0.023030
v -0.016741 0.155823 0.021768
v -0.016837 0.036912 0.021713
v -0.025044 0.000034 0.003012
v 0.025067 0.000043 0.002771
v 0.007386 0.000050 0.044607
v 0.037598 0.160635 -0.000751
v 0.037317 0.164992 -0.001899
v 0.035033 0.162319 0.000737
v 0.030713 0.164072 -0.000149
v 0.033124 0.165499 0.001388
v 0.031036 0.165435 -0.003500
v 0.030514 0.165162 -0.004598
v -0.027495 0.124929 -0.001395
v -0.027221 0.107762 -0.003836
v -0.027531 0.068798 -0.000499
v 0.031177 0.163583 -0.002304
v 0.030939 0.165245 -0.003660
v 0.031340 0.165286 -0.003373
v 0.032924 0.166239 -0.003181
v 0.031407 0.165658 -0.003579
v -0.015399 0.156807 -0.012617
v -0.016930 0.156294 -0.008241
v -0.013264 0.153727 -0.011424
v 0.006001 0.163471 -0.023147
v 0.010038 0.165531 -0.022970
v 0.004182 0.164180 -0.024189
v 0.009548 0.164746 -0.023249
v -0.001206 0.162743 -0.024889
v -0.008292 0.162728 -0.024869
v -0.000033 0.158189 -0.021886
v -0.005160 0.162873 -0.025317
v -0.006792 0.162490 -0.025382
v -0.002415 0.156313 -0.027069
v 0.002910 0.156856 -0.027030
v 0.005029 0.161670 -0.025093
v 0.006634 0.160382 -0.025937
v 0.010811 0.000028 -0.025890
v -0.027156 0.061544 0.004398
v -0.027470 0.059518 0.001235
v -0.027343 0.015235 0.002925
v 0.024495 0.000043 -0.030218
v 0.042237 0.000052 -0.007074
v 0.026702 0.016088 -0.006472
v 0.026923 0.111259 -0.005510
v 0.027332 0.014632 -0.003033
v 0.011226 0.011500 -0.025053
v 0.013296 0.091336 -0.024041
v 0.015021 0.012221 -0.023025
v 0.020647 0.010058 -0.018170
v 0.019741 0.095341 -0.019138
v 0.020595 0.120496 -0.018198
v 0.025346 0.160485 0.009242
v 0.026495 0.161814 0.003899
v 0.024408 0.157218 0.006351
v 0.026033 0.058327 0.008854
v 0.024760 0.086757 0.011894
v 0.026270 0.027911 0.008240
v -0.004047 0.000060 -0.036276
v -0.004881 0.000039 -0.020405
v -0.029526 0.000064 -0.031454
v -0.016259 0.013250 -0.022177
v -0.019326 0.046894 -0.019617
v -0.015528 0.048409 -0.022724
v 0.008953 0.160430 -0.021355
v 0.008617 0.154491 -0.018740
v 0.011864 0.157044 -0.018681
v -0.006402 0.153315 -0.001965
v -0.008779 0.153451 0.003148
v 0.007085 0.153095 0.008663
v 0.022096 0.075134 -0.016313
v 0.022862 0.106265 -0.015664
v 0.028053 0.112349 -0.003859
v 0.026339 0.114445 -0.007821
v 0.030130 0.116169 -0.005739
v 0.010569 0.010318 0.025347
v 0.013870 0.016173 0.023708
v 0.012052 0.066481 0.024667
v -0.015502 0.013764 0.022668
v 0.012616 0.152840 -0.001700
v -0.004942 0.153047 -0.004320
v 0.015383 0.153076 0.006693
v 0.020897 0.157075 0.013695
v 0.023019 0.159038 0.011981
v 0.007624 0.151968 -0.026404
v 0.010704 0.098275 -0.025289
v 0.009063 0.017563 -0.025931
v -0.007133 0.049407 -0.026566
v -0.004204 0.150586 -0.027158
v -0.003974 0.015165 -0.027195
v 0.014420 0.006353 0.022933
v 0.013355 0.007070 0.026429
v -0.011241 0.007614 0.039515
v -0.009188 0.004632 0.043823
v -0.007954 0.007018 0.039013
v 0.009796 0.062020 0.025717
v 0.006253 0.034215 0.026822
v -0.006728 0.162334 0.021683
v -0.010723 0.164864 0.023058
v -0.003121 0.163742 0.024249
v -0.007878 0.149040 -0.026339
v -0.025607 0.104302 -0.009936
v -0.024948 0.096787 -0.011564
v -0.025806 0.016958 -0.009398
v -0.021760 0.015639 0.016766
v -0.021492 0.041730 0.017183
v -0.023006 0.010269 0.014961
v -0.032440 0.000052 0.020987
v 0.021253 0.159769 0.015739
v 0.002271 0.162416 0.024090
v -0.005184 0.159771 0.021539
v 0.013648 0.003667 -0.029415
v 0.010182 0.002786 -0.026765
v 0.013245 0.005487 -0.023400
v 0.035158 0.004850 -0.008507
v 0.034076 0.003402 0.000918
v 0.039583 0.003464 -0.011751
v -0.010824 0.155964 -0.016432
v -0.012347 0.157792 -0.017192
v -0.027240 0.129673 -0.022253
v -0.025931 0.126250 -0.021673
v -0.028491 0.130261 -0.020036
v 0.021298 0.008045 -0.025868
v 0.018982 0.008701 -0.021090
v 0.023643 0.009278 -0.015284
v 0.024908 0.163639 0.020853
v 0.022684 0.164225 0.018970
v 0.021864 0.164959 0.021385
v 0.009754 0.131764 0.031384
v 0.008272 0.125872 0.034034
v 0.009031 0.124425 0.030834
v -0.010564 0.156973 -0.025121
v -0.007461 0.156953 -0.026132
v -0.009569 0.161634 -0.022927
v -0.014334 0.165013 -0.021494
v -0.015342 0.161418 -0.019567
v 0.033939 0.168297 0.004010
v 0.030790 0.163939 0.002673
v 0.032381 0.165647 0.005159
v 0.028937 0.133694 0.009053
v 0.026731 0.131599 0.008479
v 0.028875 0.123825 0.010219
v -0.027330 0.155885 -0.013955
v -0.030054 0.153369 -0.016532
v -0.027239 0.151620 -0.014180
v -0.027414 0.149063 -0.002564
v -0.026775 0.124360 -0.006268
v 0.033306 0.153201 0.005199
v 0.033644 0.156909 0.007638
v 0.032908 0.150622 0.007574
v 0.032596 0.157994 0.008875
v 0.030941 0.150221 0.008053
v -0.025511 0.162989 0.001635
v -0.024110 0.159762 0.000407
v -0.025510 0.161280 -0.001940
v -0.008688 0.155377 0.017531
v -0.014104 0.155163 0.012721
v -0.011769 0.157788 0.017040
v 0.036528 0.148687 -0.000483
v 0.035120 0.145618 0.001814
v 0.034746 0.144492 -0.000449
v 0.029785 0.108245 0.007815
v 0.030442 0.107697 0.003919
v 0.032878 0.107623 0.007163
v 0.029785 0.001732 0.023191
v 0.027601 0.000899 0.015623
v 0.026921 0.002809 0.016327
v 0.022388 0.011589 0.015924
v 0.024312 0.018678 0.012846
v 0.023375 0.083215 0.014398
v 0.011092 0.003102 0.045251
v 0.007729 0.000832 0.045496
v 0.015113 0.000820 0.045370
v 0.022692 0.000069 0.010693
v 0.028225 0.000065 0.031335
v 0.024112 0.137488 -0.018362
v 0.025325 0.137120 -0.018261
v 0.024499 0.125381 -0.019280
v 0.021952 0.159159 -0.012329
v 0.021578 0.164938 -0.013848
v 0.017107 0.165218 -0.018575
v 0.000630 0.026970 0.027440
v -0.001128 0.069330 0.027485
v -0.002155 0.013273 0.027424
v 0.002780 0.124949 0.029801
v 0.004450 0.128914 0.031345
v 0.001983 0.127138 0.027435
v 0.020051 0.150271 0.023006
v 0.020753 0.148509 0.020004
v 0.021516 0.148017 0.023079
v 0.027970 0.153519 0.013452
v 0.027551 0.152698 0.017265
v 0.027897 0.143132 0.013364
v 0.023205 0.132189 0.025014
v 0.025757 0.132716 0.025136
v 0.024920 0.138209 0.024312
v 0.016132 0.106456 0.022267
v 0.018082 0.012977 0.020696
v 0.018598 0.085742 0.020252
v -0.019934 0.129506 -0.023916
v -0.021623 0.135568 -0.024540
v -0.019472 0.138509 -0.024593
v -0.019035 0.164186 -0.022929
v -0.023696 0.166043 -0.022224
v -0.024426 0.166445 -0.018038
v -0.022930 0.125820 0.020841
v -0.020568 0.123726 0.019145
v -0.019748 0.138963 0.019351
v -0.024030 0.160606 0.003540
v -0.021811 0.165714 0.014390
v 0.012289 0.150605 -0.025240
v 0.013090 0.155129 -0.027426
v 0.013859 0.143763 -0.027091
v 0.011039 0.154463 -0.025068
v 0.010273 0.161805 -0.024733
v 0.033693 0.119524 0.000377
v 0.032069 0.113289 0.002282
v 0.034240 0.111857 -0.000028
v 0.028356 0.074965 0.001627
v 0.030845 0.072496 0.004363
v 0.027599 0.060660 0.002112
v 0.007825 0.159346 0.023206
v 0.010471 0.164537 0.023350
v 0.013031 0.158823 0.021588
v 0.008088 0.165278 0.030393
v 0.007570 0.165471 0.028014
v 0.007163 0.160155 0.030184
v 0.004695 0.000017 -0.026411
v -0.011025 0.008042 -0.028726
v -0.023579 0.008007 -0.029231
v -0.019044 0.008779 -0.024883
v -0.013595 0.145070 0.023980
v -0.005260 0.140095 0.033733
v -0.008133 0.139062 0.034407
v -0.006177 0.133958 0.034488
v 0.030961 0.140376 -0.012407
v 0.031932 0.142427 -0.011841
v 0.034269 0.139299 -0.011383
v 0.030362 0.130098 -0.010246
v 0.033221 0.129528 -0.008824
v 0.030453 0.128090 -0.008711
v -0.003803 0.068422 0.027231
v -0.007021 0.068533 0.026568
v -0.006302 0.018699 0.026759
v -0.009563 0.133953 0.032954
v -0.010053 0.130494 0.030284
v -0.010362 0.128795 0.033606
v -0.002736 0.004740 -0.029376
v -0.009424 0.005702 -0.031947
v -0.001589 0.004983 -0.026638
v 0.004187 0.149346 -0.027168
v 0.006292 0.016145 -0.026753
v 0.002624 0.015269 -0.027378
v -0.027503 0.121796 0.001242
v -0.027213 0.075643 0.003868
v -0.027460 0.167629 0.015622
v -0.025841 0.168131 0.012846
v -0.028425 0.170014 0.011464
v 0.012581 0.148926 0.025142
v 0.011254 0.140786 0.026494
v 0.013211 0.140321 0.024510
v 0.014424 0.162539 0.021717
v 0.012655 0.165245 0.024275
v 0.017216 0.167637 -0.022494
v 0.019077 0.160965 -0.023971
v 0.018333 0.166074 -0.026224
v 0.015948 0.124190 -0.027053
v 0.018039 0.123791 -0.025426
v 0.016825 0.112324 -0.026824
v -0.022984 0.160657 0.019720
v -0.026329 0.156422 0.018361
v -0.025238 0.148202 0.020120
v -0.023382 0.080879 0.020565
v -0.025128 0.088321 0.019181
v -0.024991 0.072586 0.019042
v 0.027233 0.106172 0.003993
v 0.025947 0.106613 0.009145
v 0.026788 0.083681 0.006189
v 0.031045 0.084269 0.000842
v -0.032129 0.090996 0.011756
v -0.031724 0.096337 0.010977
v -0.029501 0.087073 0.010015
v -0.029419 0.111459 0.014453
v -0.029859 0.107158 0.013286
v -0.027632 0.112324 0.016123
v 0.018121 0.165374 -0.020680
v 0.018673 0.156589 -0.021291
v 0.018894 0.161500 -0.019845
v 0.021076 0.165372 -0.020461
v 0.021269 0.154981 -0.020490
v 0.025750 0.150776 0.009347
v 0.025083 0.131684 0.011451
v 0.025450 0.126939 0.010226
v 0.026012 0.072622 0.008820
v -0.006417 0.168098 0.028605
v -0.005861 0.165232 0.032535
v -0.004402 0.166102 0.030068
v -0.009728 0.139345 0.030976
v -0.026357 0.003079 -0.000418
v -0.030247 0.000400 -0.001408
v -0.025689 0.000027 0.000172
v -0.026585 0.008097 -0.027434
v -0.029020 0.008849 -0.019901
v -0.025142 0.008995 -0.020758
v 0.032531 0.142264 -0.009417
v 0.034332 0.138593 -0.009106
v 0.032043 0.140857 -0.007968
v 0.029529 0.139730 -0.005805
v 0.022061 0.133464 0.019173
v 0.021361 0.134274 0.023056
v 0.020838 0.132469 0.019952
v 0.025340 0.139289 0.011356
v 0.027235 0.157895 0.012112
v -0.026541 0.006893 -0.014290
v -0.032456 0.007173 -0.016444
v -0.026406 0.006768 -0.008601
v -0.026685 0.013429 -0.006584
v -0.026587 0.104937 -0.006987
v -0.002767 0.003114 0.043162
v 0.003627 0.002790 0.050167
v 0.003746 0.003296 0.045186
v 0.007767 0.107244 0.031226
v 0.006330 0.117683 0.033707
v 0.005407 0.119021 0.031170
v 0.009801 0.117962 0.034172
v 0.010585 0.109152 0.033763
v 0.011421 0.111725 0.032599
v -0.025873 0.009986 0.016009
v -0.025599 0.012820 0.017981
v -0.032913 0.002465 0.041145
v -0.029335 0.001687 0.042602
v -0.026717 0.003222 0.039877
v -0.027037 0.125131 -0.007297
v -0.027098 0.150682 -0.007438
v -0.027694 0.137335 -0.007824
v -0.027608 0.114232 -0.013171
v -0.023326 0.111695 -0.014751
v -0.025822 0.113545 -0.010985
v -0.018135 0.017514 0.021714
v -0.016000 0.014105 0.025085
v -0.022440 0.096016 0.019145
v -0.020655 0.080890 0.018317
v -0.006113 0.153864 -0.017798
v -0.002858 0.153268 -0.011788
v 0.015338 0.153751 -0.013965
v -0.006691 0.158679 -0.020969
v -0.016657 0.114987 -0.026998
v -0.014490 0.116198 -0.027147
v -0.015553 0.110064 -0.027689
v -0.019267 0.065658 -0.019854
v -0.018077 0.073735 -0.020564
v -0.016352 0.068222 -0.022178
v 0.031080 0.116798 -0.002562
v 0.029849 0.113011 -0.001375
v 0.014043 0.149701 0.024604
v 0.015179 0.138649 0.024057
v 0.017188 0.145158 0.025153
v 0.018960 0.121714 0.019868
v 0.017677 0.114158 0.022159
v 0.018053 0.110180 0.020492
v 0.042542 0.000051 -0.022578
v 0.028541 0.008858 -0.019176
v 0.030034 0.006327 -0.024120
v 0.027203 0.007957 -0.025168
v -0.032130 0.091579 0.013873
v -0.031149 0.087607 0.013508
v -0.030149 0.090609 0.014828
v -0.029899 0.073066 0.005062
v -0.030018 0.096221 0.005501
v -0.027907 0.076890 0.004845
v 0.021843 0.165983 -0.015417
v 0.023185 0.167969 -0.016597
v 0.028503 0.158843 -0.017247
v 0.029089 0.162657 -0.014712
v 0.030097 0.156820 -0.015256
v 0.000001 0.119878 0.027338
v -0.001575 0.112228 0.027630
v -0.000072 0.111163 0.027452
v -0.002716 0.078864 0.030361
v -0.002471 0.073766 0.031279
v -0.001138 0.072216 0.028157
v -0.026329 0.060552 0.007902
v -0.026374 0.014817 0.007853
v -0.030679 0.058858 0.008552
v -0.028366 0.061852 0.006881
v -0.028082 0.062278 0.008772
v 0.019918 0.006220 -0.028447
v 0.016754 0.004490 -0.028927
v 0.017162 0.006895 -0.024787
v 0.025671 0.003019 -0.029623
v 0.024630 0.007291 -0.027124
v 0.026871 0.004228 -0.027382
v -0.018693 0.090467 -0.021237
v -0.019491 0.093569 -0.023868
v -0.019925 0.087772 -0.024467
v -0.025946 0.108861 -0.018184
v -0.025503 0.114956 -0.018277
v -0.024333 0.109749 -0.020315
v -0.001636 0.080813 0.027963
v 0.002244 0.078869 0.029622
v 0.001309 0.082875 0.027762
v 0.001022 0.072849 0.028761
v 0.004664 0.099629 0.030580
v 0.000964 0.101481 0.029644
v 0.001725 0.098240 0.029524
v 0.003225 0.069490 0.031526
v 0.002695 0.069963 0.028368
v 0.006139 0.070898 0.029992
v -0.009162 0.153990 0.008861
v 0.004645 0.154659 0.020744
v 0.010293 0.154716 0.019761
v 0.011236 0.156863 0.020698
v 0.014938 0.153863 0.016578
v 0.011501 0.077760 0.027726
v 0.010923 0.082075 0.026239
v 0.010441 0.087902 0.029275
v 0.004545 0.071448 0.032454
v 0.007095 0.073454 0.030235
v 0.006957 0.080662 0.029304
v 0.026522 0.005420 0.003912
v 0.024754 0.006930 0.010872
v 0.025199 0.000958 0.005731
v 0.042293 0.003322 -0.011755
v 0.040115 0.003229 -0.003836
v -0.022829 0.095402 -0.021471
v -0.020314 0.096793 -0.019443
v -0.022060 0.090907 -0.020274
v -0.020368 0.075449 -0.019902
v -0.019729 0.081820 -0.019723
v -0.019541 0.052648 0.020441
v -0.022432 0.062486 0.020541
v -0.020866 0.048404 0.022430
v -0.018351 0.051519 0.020466
v -0.019312 0.152838 0.019602
v -0.019421 0.122636 0.019447
v 0.029883 0.162486 -0.011663
v 0.032556 0.158059 -0.009230
v 0.030682 0.155748 -0.008317
v 0.034849 0.148978 0.001304
v 0.038288 0.150842 0.001134
v 0.038887 0.151142 0.003405
v 0.035738 0.001029 0.002124
v 0.027161 0.004941 0.002991
v 0.026794 0.000850 0.004031
v -0.035253 0.156708 0.014925
v -0.031182 0.162261 0.011936
v -0.030406 0.158387 0.009257
v -0.029479 0.150854 0.019302
v -0.030435 0.152119 0.016312
v -0.030070 0.146292 0.014915
v -0.025056 0.063380 -0.016617
v -0.022942 0.068848 -0.015496
v -0.025209 0.071204 -0.017730
v -0.025675 0.112873 -0.016647
v -0.025461 0.103455 -0.016139
v 0.025783 0.162476 0.014183
v 0.025505 0.152828 0.011409
v -0.017751 0.078465 -0.021895
v -0.018217 0.075871 -0.024536
v -0.011650 0.111252 -0.024868
v -0.009945 0.056499 -0.025633
v -0.013084 0.087995 -0.024254
v 0.029170 0.070520 0.007580
v 0.030359 0.082920 0.005483
v 0.027845 0.080241 0.005608
v 0.028860 0.051882 0.007815
v 0.027194 0.061446 0.008132
v 0.026942 0.028964 0.007277
v 0.032508 0.143921 -0.006478
v 0.031839 0.150651 -0.003995
v 0.034934 0.151830 -0.005532
v 0.034525 0.154340 -0.003718
v 0.034211 0.151123 -0.003827
v -0.024961 0.010389 -0.017471
v -0.026676 0.009628 -0.016151
v -0.022756 0.010089 -0.015200
v -0.023565 0.033657 -0.014752
v -0.025758 0.024853 -0.016849
v -0.023161 0.010652 -0.016078
v -0.000077 0.124442 0.028023
v -0.001675 0.119655 0.030271
v -0.001779 0.116219 0.028115
v -0.004425 0.123953 0.031010
v -0.005652 0.121149 0.029984
v -0.004988 0.107431 0.030626
v -0.024498 0.000068 0.044408
v -0.036320 0.000079 0.038007
v -0.028036 0.011237 0.018979
v -0.027024 0.015050 0.022362
v 0.011878 0.164620 -0.026876
v 0.024711 0.129714 0.017836
v 0.021326 0.122968 0.017682
v 0.023052 0.117977 0.020109
v 0.019470 0.094891 0.019590
v 0.026819 0.126961 -0.016644
v 0.029718 0.133207 -0.018399
v 0.028742 0.125058 -0.017700
v 0.029639 0.126475 -0.010881
v -0.024195 0.165305 -0.009422
v -0.022476 0.160510 -0.009844
v -0.018307 0.165801 -0.017912
v -0.030010 0.149510 -0.008294
v -0.029113 0.153378 -0.008632
v 0.020125 0.012599 0.018730
v 0.023976 0.003301 0.014326
v 0.019487 0.003285 0.019133
v 0.027526 0.003228 0.030416
v -0.027328 0.156137 0.001281
v -0.027545 0.140579 0.001391
v -0.029894 0.126556 0.007681
v -0.029337 0.133768 0.006769
v -0.030804 0.132556 0.004296
v -0.021062 0.011027 0.034732
v -0.021373 0.013977 0.028836
v -0.023998 0.010380 0.031105
v -0.015647 0.012570 0.032267
v -0.009278 0.008022 -0.025603
v -0.004774 0.005877 -0.026529
v -0.008192 0.015528 -0.026248
v -0.030721 0.165905 0.008625
v -0.030290 0.160819 0.003878
v -0.030046 0.147213 0.003410
v -0.027787 0.149139 0.002517
v 0.028219 0.088860 -0.012323
v 0.025584 0.091975 -0.011057
v 0.026972 0.075074 -0.011688
v 0.017220 0.158913 0.025905
v 0.016362 0.159154 0.028958
v 0.016064 0.153348 0.030781
v 0.012113 0.154775 0.034029
v 0.010882 0.161580 0.031269
v 0.010824 0.154321 0.033506
v -0.030073 0.166888 0.005890
v -0.028205 0.164385 0.002348
v -0.026288 0.167544 0.009359
v -0.027518 0.166253 0.003965
v 0.013307 0.153139 0.028198
v 0.015584 0.153213 0.029295
v 0.012535 0.148332 0.027760
v 0.007229 0.138991 0.032174
v 0.011784 0.142386 0.033113
v 0.012583 0.147150 0.036464
v 0.025551 0.059346 -0.010174
v 0.032237 0.004927 0.000327
v 0.030448 0.005100 -0.006817
v 0.026109 0.005164 -0.007343
v -0.028640 0.001578 0.009393
v -0.026181 0.002874 0.007456
v -0.025645 0.003764 0.006373
v 0.025503 0.166293 -0.012305
v 0.027568 0.166872 -0.012011
v 0.026476 0.168695 -0.013586
v 0.026572 0.165377 -0.005989
v 0.018673 0.003189 0.027885
v 0.016981 0.003186 0.042115
v 0.024325 0.000040 0.036975
v 0.016087 0.000053 0.043841
v 0.004427 0.132184 0.032456
v 0.004758 0.135444 0.033658
v 0.003264 0.134982 0.031048
v 0.007956 0.133641 0.033990
v -0.012704 0.110122 -0.025003
v -0.014173 0.108205 -0.027315
v -0.018408 0.143261 -0.025022
v -0.016568 0.139345 -0.026390
v -0.028484 0.086001 0.015131
v -0.029162 0.078756 0.015004
v -0.026735 0.075390 0.012546
v -0.021363 0.035352 0.023160
v -0.023333 0.046061 0.020925
v -0.022439 0.034860 0.020783
v 0.025693 0.043961 -0.016393
v 0.027616 0.040612 -0.015170
v 0.025868 0.039791 -0.015406
v -0.016890 0.158465 -0.024371
v -0.015973 0.163683 -0.025856
v -0.015185 0.152917 -0.027878
v -0.018009 0.166323 -0.019508
v 0.011509 0.010681 0.033692
v 0.002385 0.011558 0.033365
v 0.006595 0.011004 0.036344
v -0.001341 0.009877 0.033796
v 0.000542 0.009671 0.036948
v 0.022723 0.157433 -0.020279
v 0.025924 0.161339 -0.017002
v 0.023975 0.153135 -0.018090
v 0.016961 0.122795 -0.022601
v 0.018015 0.124115 -0.020659
v 0.016875 0.094923 -0.021950
v 0.006801 0.151734 0.027521
v 0.006696 0.151158 0.031168
v 0.006020 0.156486 0.028784
v -0.000833 0.161968 0.029897
v -0.002879 0.158769 0.032596
v -0.001097 0.154667 0.030060
v -0.034923 0.001085 -0.030960
v -0.037071 0.002019 -0.027659
v -0.030587 0.004183 -0.029835
v -0.035175 0.000055 -0.008302
v -0.037995 0.000076 -0.020146
v -0.020724 0.159164 -0.005914
v -0.023575 0.159444 -0.005429
v -0.022445 0.159426 0.003435
v -0.018899 0.160671 -0.015302
v -0.022275 0.136085 0.021062
v -0.024664 0.141106 0.020171
v -0.025427 0.142882 0.016348
v -0.025011 0.131060 0.019123
v -0.008643 0.147209 0.038396
v -0.009363 0.142473 0.034248
v -0.007655 0.144984 0.035621
v -0.007634 0.162480 0.033620
v -0.011324 0.156797 0.033282
v -0.007629 0.154149 0.035345
v 0.019737 0.086933 0.019937
v 0.022581 0.093634 0.020418
v 0.023976 0.121167 0.013491
v 0.026143 0.132245 0.013346
v 0.026735 0.123073 0.015791
v -0.032221 0.133064 0.008935
v -0.029973 0.133355 0.008146
v -0.030498 0.122947 0.009202
v -0.026828 0.138328 0.016317
v -0.029960 0.135958 0.016735
v -0.025672 0.124996 0.019345
v -0.037872 0.001537 -0.016107
v -0.036691 0.000750 -0.009339
v -0.034137 0.005029 -0.012718
v -0.035490 0.002473 -0.008088
v -0.030201 0.006013 -0.008319
v -0.003223 0.169310 0.024922
v -0.004457 0.169159 0.026645
v -0.001166 0.170373 0.024769
v -0.013087 0.134869 0.028322
v -0.013807 0.143633 0.025897
v -0.013369 0.127738 0.027219
v 0.023703 0.084178 0.015766
v 0.026469 0.084041 0.020361
v 0.021954 0.083465 0.018088
v 0.021854 0.081958 0.016699
v -0.033359 0.005864 0.031738
v -0.033713 0.004111 0.029804
v -0.035283 0.003227 0.035461
v -0.029894 0.004741 0.039031
v -0.024735 0.006908 0.037381
v -0.029254 0.135510 -0.008771
v -0.029717 0.125113 -0.008415
v -0.027156 0.125562 -0.016289
v -0.025148 0.125869 -0.018969
v -0.027856 0.115596 -0.015545
v -0.030031 0.160021 -0.020142
v -0.028913 0.162250 -0.017415
v -0.027641 0.162241 -0.021156
v -0.028988 0.137193 -0.026913
v -0.024339 0.140139 -0.027191
v -0.026632 0.134802 -0.027837
v -0.027212 0.109304 0.003873
v -0.028825 0.123089 0.001924
v -0.029218 0.122312 0.005375
v -0.031945 0.122280 0.002950
v 0.030034 0.137057 -0.004438
v 0.031573 0.150927 -0.002727
v 0.032969 0.140756 -0.002469
v 0.030259 0.124988 -0.008441
v 0.030548 0.123485 -0.005522
v 0.030269 0.118459 -0.008456
v 0.043928 0.000571 -0.014254
v 0.043347 0.001030 -0.022888
v 0.043577 0.002454 -0.014334
v 0.036423 0.006364 -0.017327
v 0.030156 0.007218 -0.016027
v -0.012012 0.123228 0.028617
v -0.008922 0.074390 0.025974
v -0.010969 0.090156 0.025197
v -0.009421 0.018565 0.025806
v 0.038926 0.157352 -0.002431
v 0.038404 0.155779 -0.001057
v 0.038768 0.153679 -0.002965
v 0.033708 0.159905 -0.006601
v 0.031308 0.166229 -0.007577
v 0.035313 0.161602 -0.004516
v -0.005015 0.102461 0.027163
v -0.005549 0.107587 0.027713
v -0.006287 0.116237 0.027755
v -0.007948 0.114232 0.026323
v -0.009480 0.101423 0.025824
v 0.016167 0.162130 0.022496
v 0.017131 0.162263 0.026651
v 0.020318 0.155653 0.023482
v 0.023311 0.160234 0.022997
v 0.021273 0.159721 0.021985
v 0.027337 0.094447 -0.002893
v 0.025870 0.011044 0.008760
v 0.029705 0.132628 -0.013901
v 0.029752 0.125905 -0.013445
v 0.031392 0.132900 -0.015852
v 0.027277 0.139545 -0.011911
v 0.028676 0.135334 -0.014008
v 0.029501 0.139544 -0.015246
v 0.034375 0.131262 0.005767
v 0.032119 0.133354 0.005645
v 0.031911 0.128084 0.006667
v 0.034145 0.120974 0.001058
v 0.034973 0.121049 0.004488
v 0.031473 0.120450 0.004801
v 0.006563 0.143983 0.028579
v 0.005329 0.143148 0.030802
v 0.009144 0.147007 0.035096
v 0.004760 0.158761 0.026724
v -0.001065 0.149861 0.027626
v 0.006108 0.144449 0.026977
v 0.016160 0.091501 -0.022255
v 0.014878 0.102089 -0.027210
v 0.034921 0.136893 0.002820
v 0.034126 0.136379 0.005864
v 0.035181 0.130941 0.004764
v 0.000289 0.138826 0.027523
v -0.002932 0.135822 0.030462
v -0.000011 0.128414 0.029945
v -0.000124 0.129935 0.027827
v -0.014398 0.110460 0.026921
v -0.012837 0.121321 0.024569
v -0.014377 0.111098 0.024427
v -0.011439 0.090971 0.026706
v -0.008930 0.092232 0.027419
v -0.009786 0.090021 0.029420
v -0.022039 0.000106 -0.035972
v -0.007158 0.003458 -0.034830
v 0.004991 0.038967 0.030945
v 0.004304 0.028058 0.030894
v 0.006376 0.028927 0.029593
v 0.011759 0.010999 0.028042
v 0.007956 0.011427 0.029701
v 0.003753 0.011423 0.032517
v 0.014285 0.092217 -0.024522
v 0.017593 0.092859 -0.025516
v 0.016388 0.092925 -0.023137
v 0.018150 0.101698 -0.024539
v -0.031047 0.132895 -0.019664
v -0.030950 0.136213 -0.021341
v -0.032565 0.133281 -0.022253
v -0.031622 0.132774 -0.024380
v -0.030678 0.135909 -0.024469
v 0.001056 0.164480 0.025679
v -0.000267 0.165109 0.029496
v -0.000650 0.159489 0.027630
v -0.029786 0.152976 -0.010759
v -0.029971 0.126887 -0.010311
v -0.027561 0.131282 -0.014289
v -0.027981 0.124877 -0.013243
v 0.019220 0.111039 0.026264
v 0.016888 0.108985 0.022446
v 0.011666 0.098130 0.025253
v 0.011768 0.091870 0.029168
v 0.012801 0.092416 0.024331
v 0.006217 0.002961 0.045256
v 0.006003 0.001749 0.049181
v 0.025232 0.108619 -0.017051
v 0.022228 0.121510 -0.018017
v 0.027137 0.119252 -0.016132
v 0.026286 0.117163 -0.012155
v 0.026741 0.116372 -0.014252
v -0.011695 0.048265 -0.024879
v -0.015886 0.050618 -0.028493
v -0.012248 0.051333 -0.026568
v -0.013406 0.049782 -0.024870
v 0.007181 0.049683 0.029434
v 0.010890 0.064012 0.028106
v 0.005704 0.068739 0.026947
v 0.002299 0.068895 0.027434
v 0.001200 0.051947 0.027439
v -0.029625 0.077287 0.009768
v -0.031030 0.076801 0.007432
v -0.030226 0.071022 0.008903
v -0.031369 0.064895 0.008891
v -0.029778 0.064230 0.010198
v 0.013683 0.158991 -0.027782
v 0.016598 0.148422 -0.027061
v 0.015135 0.136650 -0.027247
v 0.017325 0.136268 -0.026253
v 0.020285 0.137093 -0.026556
v 0.019107 0.136992 -0.023569
v 0.003124 0.001704 0.052607
v -0.002206 0.000079 0.052826
v 0.003128 0.000117 0.052028
v -0.003415 0.002842 0.047143
v -0.004334 0.002839 0.051346
v 0.036827 0.155223 0.005116
v 0.033959 0.157773 0.005739
v 0.034793 0.153874 0.003981
v 0.035001 0.166987 0.005781
v 0.004654 0.141286 0.032271
v 0.006937 0.142527 0.034019
v 0.027004 0.011801 0.004448
v 0.029110 0.046158 0.008169
v 0.029156 0.027067 0.007914
v 0.026227 0.154364 0.019949
v 0.027505 0.159162 0.018217
v 0.028647 0.157165 0.022185
v 0.025506 0.154305 0.021940
v 0.024624 0.157611 0.023213
v 0.023918 0.152080 0.022150
v 0.005819 0.043219 0.030171
v 0.007437 0.056662 0.030354
v 0.010802 0.066257 0.029136
v -0.020309 0.156924 -0.000438
v -0.016191 0.154509 0.006568
v -0.005025 0.127350 0.034436
v -0.003325 0.128408 0.031813
v -0.005102 0.136551 0.031993
v -0.004791 0.125602 0.031946
v -0.006886 0.125813 0.034421
v -0.007862 0.124118 0.030803
v -0.024050 0.032445 -0.020348
v -0.023320 0.016898 -0.020518
v -0.025278 0.020409 -0.019583
v 0.027275 0.109548 -0.003176
v 0.028376 0.106520 -0.002025
v -0.029008 0.132710 -0.026475
v -0.031555 0.130533 -0.022090
v -0.028965 0.130607 -0.024870
v 0.016375 0.121284 0.024959
v 0.014999 0.130101 0.023156
v 0.013321 0.117824 0.024044
v 0.011560 0.128403 0.025486
v 0.012843 0.131734 0.027856
v 0.010388 0.120509 0.028503
v -0.021235 0.162935 0.013854
v -0.018796 0.164786 0.017723
v -0.022362 0.146177 0.021300
v -0.019949 0.148117 0.019517
v -0.023837 0.070879 -0.020549
v -0.025670 0.067552 -0.018325
v -0.022704 0.081622 -0.021646
v 0.033467 0.148636 -0.002184
v 0.034102 0.151766 -0.002549
v 0.037802 0.150790 -0.004584
v 0.033647 0.145024 -0.002070
v -0.001661 0.149011 -0.027464
v 0.001307 0.150846 -0.027470
v -0.000411 0.011971 -0.027482
v 0.028000 0.091133 -0.015091
v 0.028207 0.061214 -0.012457
v 0.027777 0.064873 -0.014550
v 0.025514 0.001099 0.037656
v 0.024471 0.003007 0.036625
v 0.019091 0.002666 0.042471
v 0.026932 0.000082 0.015295
v 0.029096 0.000358 0.022127
v 0.029866 0.104468 -0.002281
v 0.030942 0.097923 -0.002284
v 0.028571 0.094781 -0.002275
v 0.031636 0.082570 0.003240
v 0.030521 0.071933 0.006789
v -0.007141 0.091043 0.026474
v -0.006245 0.081612 0.026912
v -0.005120 0.086096 0.029871
v -0.005848 0.088055 0.027710
v 0.021659 0.153215 0.000743
v 0.020484 0.153332 0.007732
v 0.022440 0.155799 0.006158
v 0.024454 0.157482 -0.007651
v 0.022334 0.156402 -0.006194
v 0.023169 0.156238 -0.000453
v -0.029648 0.139124 0.009548
v -0.032201 0.137061 0.009760
v -0.029050 0.142293 0.011701
v -0.030483 0.150021 0.012573
v -0.031426 0.150167 0.014581
v 0.033788 0.097132 0.000913
v 0.031313 0.098215 0.001296
v 0.031993 0.094729 0.000649
v 0.027465 0.107731 0.007229
v 0.021187 0.153348 -0.004767
v 0.031300 0.106459 -0.001207
v 0.030088 0.109752 -0.001176
v 0.032762 0.109504 -0.002761
v -0.011922 0.157278 0.028650
v -0.011137 0.162742 0.025336
v -0.011930 0.153302 0.025512
v -0.012726 0.153752 0.024327
v -0.012922 0.163442 0.023035
v -0.022734 0.025110 0.020367
v -0.022269 0.028938 0.022410
v -0.022689 0.016352 0.021602
v -0.025733 0.015417 0.025956
v -0.021618 0.016295 0.027366
v 0.028496 0.154764 -0.013646
v 0.026490 0.155528 -0.012120
v 0.027304 0.156606 -0.010480
v 0.030604 0.154155 -0.008360
v 0.026947 0.084830 -0.015836
v 0.026139 0.068678 -0.015711
v 0.025882 0.095169 -0.016381
v 0.026812 0.107359 -0.016463
v 0.027474 0.098882 -0.015105
v -0.018091 0.155236 -0.024145
v -0.020375 0.159083 -0.025241
v -0.018252 0.160816 -0.023432
v -0.006780 0.158111 0.019711
v 0.003958 0.157645 0.022113
v -0.004001 0.156029 0.019889
v -0.013365 0.012984 0.025176
v -0.011760 0.012493 0.030771
v -0.007575 0.009223 0.026215
v -0.006776 0.007596 0.028943
v -0.004421 0.008474 0.026866
v -0.023779 0.003007 0.013312
v -0.030708 0.002991 0.016585
v -0.022832 0.003959 0.014033
v -0.024635 0.012553 0.012108
v -0.025383 0.063479 0.010493
v -0.029395 0.141175 0.015174
v -0.032074 0.136989 0.012367
v -0.028569 0.138125 0.013813
v -0.031667 0.117148 0.010883
v 0.018671 0.131126 0.024554
v 0.019712 0.127000 0.022910
v 0.016831 0.003731 0.025768
v 0.016433 0.006581 0.027538
v 0.017601 0.003786 0.031379
v 0.013294 0.003936 0.043801
v 0.016158 0.004047 0.040277
v 0.015432 0.006575 0.039580
v -0.030752 0.119139 0.013920
v -0.032112 0.126395 0.012665
v -0.031659 0.117797 0.011883
v -0.029992 0.114101 0.016735
v -0.016649 0.008261 -0.022098
v -0.022005 0.009441 -0.020987
v -0.019668 0.010169 -0.019220
v -0.022659 0.045411 -0.020144
v -0.021167 0.024849 -0.018980
v -0.022733 0.024361 -0.020224
v -0.023150 0.058246 0.020959
v -0.021584 0.110189 -0.022739
v -0.021776 0.115713 -0.024138
v -0.019736 0.110506 -0.022775
v -0.023710 0.104663 -0.020513
v -0.022433 0.107493 -0.021587
v 0.028960 0.145092 0.009226
v 0.026675 0.145907 0.008675
v 0.029330 0.161411 0.008513
v -0.011241 0.111962 0.028056
v -0.009943 0.111259 0.026084
v -0.006815 0.122767 0.029504
v -0.029763 0.142581 0.013812
v -0.032222 0.139238 0.011676
v -0.028784 0.144894 0.016432
v -0.025611 0.143861 0.019503
v -0.023433 0.061472 0.014361
v -0.024421 0.069199 0.012511
v -0.023678 0.080049 0.014069
v 0.026781 0.120926 -0.017205
v 0.029783 0.119704 -0.013780
v 0.023465 0.092740 0.014207
v 0.023317 0.116296 0.014709
v 0.010763 0.166272 0.025613
v 0.008774 0.166701 0.027324
v 0.011686 0.166740 0.028754
v 0.013655 0.166140 0.030065
v -0.015713 0.008114 0.037331
v -0.008904 0.007380 0.036500
v -0.008622 0.009997 0.032148
v 0.013231 0.105894 0.024108
v -0.025450 0.075790 0.016215
v -0.023594 0.077802 0.014985
v -0.023376 0.061659 0.015448
v -0.025923 0.085067 0.012853
v -0.023913 0.095623 0.013223
v -0.027299 0.095510 0.012806
v -0.030417 0.147138 -0.025190
v -0.027996 0.152126 -0.027535
v -0.028272 0.147313 -0.028828
v -0.020771 0.165591 -0.025103
v 0.031195 0.043950 0.006590
v 0.030740 0.031795 0.007294
v 0.030996 0.030180 0.004485
v 0.027840 0.013038 0.005398
v 0.030442 0.013110 0.007692
v 0.027006 0.012257 0.007728
v 0.012345 0.166160 -0.021345
v 0.013186 0.161090 -0.019779
v 0.011889 0.170048 -0.023196
v 0.009979 0.088362 0.025900
v 0.007101 0.103034 0.030261
v -0.014816 0.059937 -0.027721
v -0.014136 0.070090 -0.026581
v -0.012087 0.059117 -0.025690
v -0.018689 0.092524 -0.025589
v -0.018497 0.087472 -0.026523
v 0.027490 0.047246 0.000691
v 0.027485 0.016504 0.002031
v 0.028330 0.028059 0.003211
v 0.030426 0.029272 0.003440
v 0.030297 0.022860 0.004574
v 0.029685 0.114340 0.010255
v 0.027043 0.113615 0.010231
v 0.032265 0.109019 0.009706
v 0.032132 0.109455 0.002775
v 0.034554 0.110130 0.006986
v 0.002780 0.012634 0.027817
v 0.003679 0.020407 0.029322
v 0.001907 0.025506 0.027548
v 0.001272 0.011622 0.028649
v -0.025491 0.122379 -0.019414
v -0.024689 0.117373 -0.020544
v -0.027682 0.117623 -0.021582
v 0.032310 0.113940 0.008061
v 0.031928 0.123433 0.006831
v -0.033393 0.005193 0.019837
v -0.037289 0.001189 0.025981
v -0.036982 0.001476 0.038445
v -0.031005 0.000810 0.013647
v -0.013732 0.146843 -0.027401
v -0.011892 0.155770 -0.025632
v -0.011784 0.142338 -0.024883
v -0.023565 0.124715 -0.027040
v -0.020350 0.125605 -0.024497
v -0.025307 0.121283 -0.024695
v -0.028441 0.127411 -0.024809
v 0.022988 0.133267 0.020418
v 0.022576 0.131490 0.022096
v 0.026813 0.137655 0.019479
v 0.026635 0.136925 0.023164
v 0.026992 0.132122 0.023158
v -0.010267 0.161718 0.029077
v -0.012973 0.156129 0.031006
v 0.014849 0.151615 0.034508
v 0.013850 0.158650 0.032718
v 0.014135 0.147094 0.035143
v 0.013798 0.144249 0.031749
v -0.010279 0.148708 0.039484
v -0.012233 0.150834 0.037535
v -0.012954 0.146865 0.036969
v -0.011389 0.150177 0.033553
v -0.010362 0.144447 0.031273
v -0.013053 0.145514 0.033928
v -0.025543 0.087665 0.016477
v -0.026113 0.098486 0.015877
v -0.024045 0.095659 0.014618
v -0.025747 0.087853 0.017919
v 0.003003 0.033808 0.030521
v 0.006938 0.063447 0.029651
v 0.002950 0.053150 0.027771
v 0.003703 0.051504 0.030086
v -0.002140 0.143989 0.027916
v 0.031823 0.107102 0.001851
v 0.032811 0.103806 0.003093
v 0.031005 0.102282 0.002275
v 0.025247 0.131069 0.021143
v 0.025125 0.133905 0.019666
v 0.027345 0.133514 0.015145
v 0.026628 0.125455 0.017476
v 0.011986 0.133062 0.025674
v 0.012836 0.140550 0.028540
v 0.014683 0.137877 0.029479
v 0.013911 0.145852 0.030606
v 0.028209 0.054123 0.002413
v 0.030278 0.062580 0.004921
v 0.030667 0.055428 0.004398
v 0.028467 0.044239 0.003100
v 0.030215 0.047407 0.004083
v -0.034504 0.160531 0.014726
v 0.016093 0.092878 -0.026990
v 0.013060 0.130566 -0.024923
v 0.014442 0.127173 -0.026775
v 0.014247 0.106698 -0.026847
v -0.029964 0.137723 0.002160
v -0.030349 0.145150 0.004370
v -0.030466 0.137846 0.004943
v 0.011633 0.139652 -0.024919
v 0.012954 0.105349 -0.024532
v 0.012369 0.098129 -0.025560
v -0.016524 0.143703 -0.028664
v -0.014777 0.138906 -0.026688
v -0.012624 0.142830 -0.028194
v 0.042514 0.002176 -0.005227
v 0.043321 0.000751 -0.006449
v 0.032135 0.000037 0.002772
v 0.009291 0.008098 0.037336
v 0.001820 0.006223 0.039997
v -0.002544 0.006902 0.034878
v -0.029040 0.147463 0.011968
v -0.029092 0.144635 0.009872
v -0.030615 0.146345 0.009504
v -0.029971 0.149923 0.011104
v -0.032337 0.147980 0.008488
v -0.028560 0.096417 0.013473
v -0.031231 0.096111 0.013775
v 0.031131 0.132788 0.006484
v 0.030151 0.134296 0.008154
v 0.030835 0.144119 0.007459
v 0.032566 0.141863 0.005995
v 0.034126 0.141885 0.008324
v -0.015584 0.067189 -0.027133
v -0.017632 0.055659 -0.028944
v -0.017174 0.060586 -0.026844
v -0.015723 0.054561 -0.030261
v -0.029625 0.155392 -0.011452
v -0.029564 0.158283 -0.009875
v -0.026893 0.158539 -0.013283
v -0.025664 0.162312 -0.005456
v -0.025057 0.167181 -0.010609
v -0.027082 0.166716 -0.011666
v -0.029179 0.125129 0.012478
v -0.026865 0.116759 0.017408
v -0.028873 0.120743 0.017678
v -0.030608 0.117447 0.017463
v -0.037541 0.004562 -0.017739
v -0.036847 0.004246 -0.021764
v -0.034184 0.004980 -0.018151
v -0.030302 0.006296 -0.021653
v 0.017185 0.157301 0.025265
v 0.013958 0.155024 0.026391
v 0.018171 0.152007 0.024996
v -0.028426 0.163090 -0.012996
v -0.025118 0.167145 -0.015109
v 0.015346 0.168231 -0.022106
v 0.014929 0.168474 -0.024647
v 0.013254 0.170070 -0.024199
v 0.014604 0.164281 -0.026476
v 0.015675 0.159021 -0.027012
v 0.011129 0.069012 0.025724
v -0.018786 0.106552 -0.022951
v -0.017429 0.111243 -0.025650
v -0.016686 0.106505 -0.027826
v -0.010898 0.002467 -0.037168
v -0.013915 0.004554 -0.034823
v -0.029291 0.001318 -0.032180
v -0.022227 0.001044 -0.036750
v 0.001400 0.117188 0.028612
v 0.002040 0.118070 0.030533
v 0.002295 0.112182 0.030890
v 0.001268 0.107569 0.029245
v 0.003887 0.107066 0.030486
v 0.011427 0.168732 -0.025567
v 0.013794 0.006844 0.030244
v 0.011598 0.006611 0.037467
v -0.026305 0.005152 -0.029246
v -0.019576 0.007604 -0.033387
v -0.005476 0.148871 0.033277
v -0.008110 0.149445 0.039100
v -0.006165 0.144835 0.033221
v -0.011046 0.152418 0.037819
v 0.012537 0.007263 0.033339
v -0.030613 0.150472 -0.022255
v -0.028168 0.150505 -0.024465
v -0.030536 0.144669 -0.017225
v -0.030915 0.140365 -0.020482
v -0.030439 0.137002 -0.018718
v 0.003938 0.000231 -0.030351
v 0.003515 0.002587 -0.030412
v 0.005862 0.000891 -0.027164
v 0.008783 0.004751 -0.025174
v -0.012432 0.070249 -0.024684
v -0.015322 0.100204 -0.026473
v -0.014042 0.094327 -0.024168
v -0.003285 0.097031 0.030780
v -0.002224 0.090985 0.030967
v -0.001540 0.098284 0.029996
v -0.005127 0.096879 0.030108
v -0.006373 0.095311 0.027693
v -0.005639 0.090089 0.029856
v 0.032565 0.137127 -0.003697
v 0.031325 0.131705 -0.003801
v 0.033292 0.119034 -0.002308
v 0.032681 0.115357 -0.001919
v -0.025901 0.144107 -0.026729
v -0.029494 0.145203 -0.025976
v -0.023065 0.149573 -0.026643
v -0.023143 0.153755 -0.027099
v -0.021150 0.152063 -0.025470
v -0.015767 0.096555 -0.027151
v -0.017419 0.100746 -0.026079
v -0.018115 0.096194 -0.028149
v -0.030311 0.120663 0.016107
v -0.028621 0.123546 0.013580
v -0.030198 0.135838 0.012890
v -0.029715 0.132220 0.012010
v 0.016665 0.128142 -0.026858
v 0.020161 0.130958 -0.023439
v 0.018939 0.130775 -0.020003
v 0.020710 0.125244 -0.022243
v 0.019977 0.135952 -0.021916
v 0.028220 0.095411 0.002261
v 0.027818 0.102371 0.002343
v 0.008215 0.156896 0.033576
v 0.008240 0.149416 0.029337
v 0.009864 0.152392 0.031132
v 0.011714 0.098000 0.028631
v 0.013537 0.101862 0.030595
v 0.012248 0.095479 0.032165
v 0.009003 0.123290 0.032552
v 0.010700 0.118096 0.032619
v -0.029080 0.126114 0.016317
v -0.030617 0.134628 0.014309
v -0.028807 0.130983 0.012763
v -0.028179 0.126887 0.018311
v -0.030700 0.072172 0.010066
v -0.029287 0.069981 0.011854
v -0.031923 0.068390 0.011707
v -0.031277 0.078812 0.011655
v -0.010401 0.164990 -0.023762
v -0.012501 0.166587 -0.025913
v -0.013344 0.156085 -0.027496
v -0.021971 0.118347 -0.023932
v -0.021549 0.118092 -0.021828
v -0.019347 0.114127 -0.022746
v -0.018869 0.162952 0.018861
v -0.020203 0.166214 0.018397
v 0.009977 0.113698 0.028696
v 0.009754 0.119452 0.030259
v 0.010022 0.120704 0.025780
v -0.020798 0.122300 -0.023663
v -0.017141 0.114546 -0.022950
v -0.018552 0.117611 -0.025498
v -0.023331 0.104308 -0.014606
v -0.024312 0.097715 -0.014153
v 0.022854 0.109379 0.021041
v 0.020383 0.099096 0.018775
v 0.024038 0.110213 0.020307
v 0.025267 0.100199 0.019408
v 0.036948 0.161025 -0.003474
v 0.038118 0.156861 -0.004561
v 0.036151 0.156382 -0.005147
v 0.037280 0.153702 -0.004130
v -0.027209 0.099020 -0.018438
v -0.024517 0.099856 -0.021148
v -0.025404 0.094769 -0.020263
v -0.023042 0.091045 -0.015226
v -0.026853 0.097736 -0.016020
v -0.025140 0.089601 -0.017417
v 0.020396 0.125996 -0.024503
v 0.018181 0.123341 -0.024249
v -0.018280 0.121791 -0.026030
v -0.016896 0.124945 -0.026822
v -0.018535 0.118959 -0.027400
v -0.017594 0.119162 -0.021912
v -0.026282 0.068360 0.009465
v -0.028896 0.069270 0.009722
v -0.026721 0.064305 0.009546
v 0.007413 0.006753 0.040066
v 0.009325 0.006309 0.044783
v 0.006517 0.166377 0.026154
v 0.005941 0.164226 0.024322
v 0.023969 0.086444 0.014359
v 0.025323 0.093774 0.017699
v 0.027414 0.086502 0.018922
v 0.009295 0.073930 0.030332
v 0.008639 0.067492 0.029938
v 0.028725 0.009398 -0.009469
v 0.025784 0.009468 -0.009351
v 0.033357 0.005349 -0.008514
v 0.032909 0.007014 -0.010274
v -0.018549 0.005246 0.040383
v -0.013801 0.003412 0.045394
v -0.010090 0.000039 0.048171
v -0.010976 0.141361 0.029313
v -0.012312 0.152789 0.028904
v -0.009739 0.150058 0.030812
v 0.026604 0.018248 0.009940
v -0.031341 0.065531 0.005452
v -0.029450 0.063400 0.005382
v -0.031723 0.060413 0.006919
v -0.030670 0.074165 0.006522
v -0.031944 0.064492 0.007182
v -0.019585 0.006376 0.036054
v -0.019472 0.004708 0.038232
v -0.017326 0.007188 0.037816
v 0.031307 0.023160 0.006054
v 0.032106 0.018268 0.009071
v 0.030483 0.024804 0.007615
v 0.029838 0.018185 0.011113
v -0.027355 0.102817 0.014736
v -0.029526 0.101243 0.013593
v -0.026919 0.099864 0.014043
v 0.025631 0.118640 -0.018140
v -0.016251 0.164393 -0.024432
v -0.017289 0.164829 -0.022760
v -0.010801 0.145629 0.037817
v -0.010015 0.142502 0.032939
v -0.013047 0.091590 0.024169
v -0.012815 0.013490 0.024314
v -0.013833 0.097135 0.027012
v -0.013055 0.093835 0.025182
v -0.013272 0.092879 0.027976
v -0.018178 0.009195 0.036589
v -0.021873 0.008610 0.035432
v 0.020016 0.161854 0.018687
v 0.016699 0.162179 0.020793
v 0.017797 0.160492 0.023291
v 0.020676 0.162779 0.021924
v -0.021466 0.127439 -0.026782
v -0.022968 0.131619 -0.026008
v -0.021235 0.130563 -0.024172
v -0.028454 0.125260 -0.028590
v -0.028036 0.130166 -0.026763
v -0.026085 0.125995 -0.029364
v 0.030557 0.050636 0.007055
v 0.020054 0.136904 -0.019498
v 0.021722 0.134305 -0.017356
v 0.041986 0.003150 -0.022756
v 0.038175 0.003043 -0.027191
v 0.036787 0.003705 -0.024004
v 0.033036 0.002791 -0.029387
v 0.030044 0.003854 -0.027164
v -0.013149 0.093614 0.030216
v -0.009370 0.095466 0.030051
v -0.010343 0.092114 0.030749
v -0.007436 0.094702 0.027433
v -0.023890 0.127699 -0.027830
v -0.026263 0.130475 -0.027014
v -0.020858 0.096797 0.018079
v 0.033373 0.153248 -0.010070
v 0.032742 0.144892 -0.008567
v 0.032065 0.146571 -0.011222
v 0.031137 0.149127 -0.008289
v -0.024289 0.115812 0.019263
v -0.024085 0.102993 0.018611
v -0.021662 0.114153 0.017654
v 0.025350 0.092785 0.019172
v 0.026333 0.087831 0.022214
v 0.023389 0.084559 0.021811
v 0.030266 0.121309 0.009274
v 0.036422 0.156567 -0.007041
v 0.036006 0.154822 -0.009064
v 0.033248 0.159965 -0.008246
v 0.034420 0.157331 -0.003922
v -0.011063 0.100835 0.027625
v -0.011307 0.095806 0.030577
v -0.012235 0.091461 0.031346
v 0.029603 0.001127 0.028162
v 0.028231 0.003155 0.023558
v 0.013216 0.135897 0.023860
v 0.034674 0.131217 0.001985
v 0.034497 0.126071 -0.000071
v 0.031919 0.127987 0.000532
v 0.031486 0.120734 -0.003976
v 0.033147 0.120194 -0.005426
v -0.012920 0.099120 0.028447
v -0.029992 0.166851 0.010297
v 0.038572 0.000309 0.000442
v 0.037306 0.002767 0.000360
v 0.011778 0.130199 0.029451
v 0.012265 0.133714 0.031344
v 0.009096 0.138686 0.031556
v 0.031950 0.127178 -0.004000
v 0.034782 0.135242 -0.004239
v 0.034872 0.129913 -0.004972
v 0.033323 0.126595 -0.001433
v 0.035971 0.125706 -0.003502
v 0.035790 0.129549 -0.001040
v -0.017262 0.018238 0.021457
v -0.019269 0.034800 0.023520
v -0.020082 0.017131 0.023324
v 0.029168 0.150779 -0.011585
v 0.028312 0.144516 -0.011650
v 0.034503 0.135671 -0.000532
v 0.032068 0.135445 -0.000863
v 0.033390 0.136193 0.001120
v 0.031418 0.133440 0.001457
v 0.023499 0.148594 0.023716
v 0.026195 0.149370 0.021511
v 0.021902 0.151575 0.023406
v 0.027774 0.144889 0.018005
v 0.024864 0.144140 0.018384
v 0.027743 0.138447 0.018663
v -0.017708 0.036337 0.021791
v -0.018728 0.044185 0.021283
v -0.030054 0.109987 0.005381
v -0.027940 0.108909 0.004730
v -0.027156 0.121253 0.004820
v 0.033976 0.140739 -0.000806
v 0.035805 0.136926 -0.002956
v 0.036685 0.131779 -0.003550
v -0.016038 0.147002 -0.027304
v -0.020726 0.147239 -0.025629
v -0.019449 0.152952 -0.024134
v -0.021317 0.106927 -0.022589
v -0.019318 0.102432 -0.023925
v -0.022649 0.103577 -0.024006
v -0.020773 0.101849 -0.023336
v -0.021119 0.101862 -0.020283
v -0.022959 0.098707 -0.021240
v 0.020671 0.168446 -0.019352
v -0.025342 0.011450 0.027074
v -0.028794 0.010817 0.022997
v -0.017739 0.159447 -0.012539
v -0.013576 0.160228 -0.017637
v -0.029721 0.121768 0.006935
v -0.027804 0.113436 0.005395
v -0.030633 0.116634 0.009129
v -0.028011 0.115675 -0.023232
v -0.026738 0.114183 -0.024543
v -0.027133 0.111850 -0.021806
v -0.026503 0.121308 -0.028302
v -0.026438 0.117579 -0.026589
v -0.025944 0.115845 -0.028743
v 0.024588 0.166748 -0.016715
v 0.026651 0.151546 -0.016804
v 0.029160 0.151479 -0.017185
v -0.018025 0.016626 0.025391
v 0.021630 0.003211 -0.030969
v 0.018437 0.004101 -0.030059
v 0.011275 0.003064 -0.034018
v 0.011127 0.001905 -0.029578
v -0.030120 0.140259 -0.023525
v -0.031793 0.144041 -0.025555
v -0.028838 0.142406 -0.025326
v -0.032896 0.144597 -0.021843
v -0.024729 0.013290 -0.011948
v -0.023807 0.050237 -0.013607
v -0.023350 0.018242 -0.014542
v 0.036514 0.123604 0.001564
v 0.020961 0.002163 -0.034667
v 0.020284 0.001655 -0.041193
v 0.019921 0.000034 -0.041910
v 0.020911 0.000060 -0.034260
v 0.021654 0.000809 -0.034611
v 0.021356 0.000727 -0.039417
v 0.026111 0.001398 -0.030442
v 0.036038 0.000826 -0.029417
v -0.001103 0.005164 0.038232
v -0.033450 0.108203 0.010755
v -0.033449 0.109261 0.008316
v -0.030717 0.111415 0.012169
v -0.031578 0.102844 0.011813
v 0.027229 0.009465 -0.000540
v 0.026588 0.006120 -0.003709
v -0.029933 0.136137 -0.010663
v -0.030931 0.140503 -0.012614
v -0.028450 0.141234 -0.014136
v 0.034468 0.138275 0.000436
v 0.036013 0.136660 -0.001447
v 0.031269 0.136281 -0.000082
v 0.020468 0.117574 0.018876
v 0.022455 0.131331 0.017030
v -0.024474 0.111983 -0.025431
v -0.022766 0.113940 -0.024073
v -0.024736 0.060697 0.017157
v -0.022071 0.049504 0.016744
v 0.029765 0.128931 -0.005001
v 0.030618 0.131736 -0.005073
v 0.031701 0.132655 -0.006229
v 0.029460 0.128186 -0.006622
v 0.032177 0.128881 -0.007301
v -0.029877 0.005812 -0.025298
v 0.007608 0.013351 0.026877
v -0.033238 0.098123 0.008738
v -0.030756 0.098605 0.007770
v -0.029775 0.107280 -0.013736
v -0.026706 0.111081 -0.011042
v -0.030947 0.121014 -0.011122
v -0.001514 0.091705 0.028021
v 0.001355 0.093244 0.027576
v -0.030972 0.091036 0.006701
v -0.031156 0.108312 0.007544
v -0.005359 0.004700 0.037789
v -0.005013 0.005729 0.042109
v -0.006177 0.003204 0.048747
v -0.013351 0.153059 0.031299
v 0.026608 0.166109 -0.010041
v 0.029233 0.170066 -0.010111
v 0.029132 0.165521 -0.012241
v 0.032352 0.163920 -0.010191
v -0.030341 0.097259 0.008543
v -0.033910 0.098548 0.010379
v -0.031964 0.097644 0.012519
v 0.007730 0.115782 0.034459
v 0.004681 0.125278 0.033740
v 0.006458 0.130399 0.034819
v 0.023632 0.087348 0.022850
v 0.024058 0.092354 0.020649
v -0.025774 0.166448 -0.020140
v -0.026912 0.164456 -0.022007
v -0.023033 0.161088 -0.024949
v -0.025100 0.161340 -0.027252
v -0.023472 0.165129 -0.024636
v 0.019253 0.154184 -0.010552
v 0.015773 0.153161 -0.007919
v 0.025391 0.016139 0.010842
v 0.018942 0.004428 0.019122
v 0.023316 0.004194 0.013246
v -0.001224 0.129633 0.031219
v -0.000907 0.123018 0.030856
v -0.002572 0.120666 0.031332
v -0.031829 0.155191 -0.020905
v -0.028514 0.159636 -0.023795
v -0.027817 0.158580 -0.026718
v -0.025783 0.165099 -0.025983
v -0.026729 0.160820 -0.027642
v -0.028058 0.163270 -0.024281
v 0.025884 0.157648 0.000933
v 0.026698 0.164282 -0.003228
v 0.025821 0.158727 -0.004547
v 0.024444 0.165005 -0.009525
v 0.005524 0.008443 -0.026568
v 0.004202 0.004088 -0.026137
v -0.023667 0.046198 0.019713
v -0.021025 0.017192 0.018166
v -0.020948 0.036830 0.018475
v -0.013228 0.055028 -0.029235
v -0.011161 0.054245 -0.026599
v -0.018371 0.052358 -0.025998
v -0.015938 0.050453 -0.023463
v -0.017294 0.055133 -0.022478
v -0.017512 0.062765 -0.024476
v -0.018646 0.057313 -0.024835
v -0.027681 0.112360 -0.008334
v -0.029433 0.116119 -0.008053
v -0.028957 0.110123 -0.009106
v -0.031520 0.120488 -0.009078
v -0.031333 0.149872 -0.020419
v -0.029784 0.157991 -0.015963
v -0.012097 0.010804 0.025433
v 0.025476 0.100299 0.016955
v 0.023318 0.107494 0.015552
v 0.025371 0.108631 0.017980
v 0.024329 0.096366 0.019846
v -0.026770 0.115414 -0.007375
v -0.017568 0.053523 -0.021022
v -0.001875 0.113549 0.029903
v -0.002026 0.109628 0.030934
v -0.000209 0.105337 0.029671
v -0.019026 0.060002 -0.019926
v 0.039154 0.000042 -0.027392
v 0.040989 0.001531 -0.026194
v -0.031059 0.157126 0.016242
v -0.033794 0.158948 0.017027
v -0.033394 0.154057 0.016821
v -0.028320 0.156699 0.018661
v -0.024456 0.165727 0.018830
v -0.028736 0.161380 0.018961
v -0.033793 0.001336 0.041809
v -0.034459 0.000193 0.041036
v 0.000510 0.011432 0.027283
v -0.000174 0.008568 0.027236
v -0.003112 0.008516 0.032417
v 0.025177 0.160144 0.010292
v 0.027525 0.160449 0.014184
v 0.028313 0.161515 0.015979
v 0.005625 0.164373 0.025170
v 0.000392 0.158451 0.026984
v -0.028267 0.004272 0.017098
v -0.032596 0.001978 0.018929
v 0.034779 0.148748 -0.007284
v 0.034107 0.146303 -0.006157
v 0.026405 0.125158 0.009489
v -0.027461 0.127953 -0.017145
v -0.030283 0.140350 -0.015313
v -0.030366 0.136352 -0.014914
v -0.025221 0.015266 0.018567
v -0.022760 0.016627 0.020110
v 0.020615 0.138504 -0.020602
v 0.022649 0.145449 -0.020229
v 0.023076 0.138838 -0.018813
v 0.019464 0.152965 -0.020244
v 0.000813 0.168319 0.027521
v -0.002554 0.169438 0.027437
v -0.002349 0.166317 0.030014
v -0.027683 0.002981 -0.032333
v -0.020831 0.002644 -0.036400
v -0.005451 0.143349 0.031044
v 0.027101 0.110001 0.008821
v 0.024934 0.112937 0.011339
v 0.016505 0.001863 0.044638
v -0.012251 0.000563 -0.037436
v 0.000300 0.000466 -0.034497
v -0.002554 0.001985 -0.036351
v -0.023618 0.109238 -0.022141
v 0.003926 0.155238 -0.020613
v 0.003704 0.154031 -0.019480
v 0.033444 0.164338 -0.004682
v 0.014051 0.139157 0.031718
v -0.026401 0.161222 -0.002406
v -0.026568 0.155776 -0.006708
v -0.026645 0.160275 -0.007231
v -0.028385 0.159028 -0.008024
v 0.003448 0.009435 0.038192
v -0.013358 0.007509 -0.033072
v 0.009106 0.085411 0.029753
v 0.010806 0.090226 0.032559
v 0.008369 0.088121 0.030837
v -0.006717 0.097811 0.026545
v -0.004024 0.102111 0.029193
v 0.023457 0.142388 0.023053
v 0.022007 0.142480 0.022140
v 0.022718 0.138505 0.024228
v 0.019030 0.149081 0.023604
v 0.019035 0.144348 0.024435
v 0.019886 0.139621 0.022597
v 0.039197 0.003545 -0.018339
v -0.025082 0.006397 0.009795
v -0.026646 0.008190 0.005042
v -0.005737 0.069922 0.028235
v -0.002960 0.070614 0.029019
v -0.005118 0.069206 0.031917
v -0.006153 0.079679 0.029853
v -0.007481 0.076351 0.030347
v -0.006187 0.075814 0.031838
v 0.018726 0.139098 0.024459
v 0.017806 0.122557 0.024622
v 0.011526 0.103039 0.033215
v 0.011364 0.096996 0.033279
v 0.013331 0.104128 0.032230
v 0.008024 0.096487 0.033463
v 0.035502 0.006313 -0.021235
v 0.037359 0.005257 -0.014369
v -0.004604 0.002017 0.052249
v -0.015773 0.000301 0.055647
v -0.009901 0.000373 0.050450
v -0.012358 0.001692 0.049998
v 0.036166 0.165181 -0.004130
v -0.017788 0.094722 -0.020932
v -0.020816 0.100229 -0.019241
v 0.008643 0.100403 0.031598
v 0.008184 0.098170 0.030092
v -0.015886 0.163248 0.019565
v -0.017164 0.160740 0.016001
v -0.017839 0.157098 0.007789
v -0.020216 0.157781 0.008413
v -0.013533 0.126594 -0.024227
v -0.015367 0.124891 -0.026541
v -0.013397 0.132090 -0.024189
v 0.007954 0.090575 0.033028
v 0.007796 0.095421 0.030848
v 0.006939 0.090278 0.030134
v -0.033319 0.144885 0.007036
v -0.030884 0.146534 0.005319
v -0.030036 0.144886 0.007498
v -0.031090 0.152397 0.005375
v -0.032438 0.148762 0.007156
v -0.017234 0.076279 -0.026507
v -0.015277 0.076980 -0.027040
v -0.030279 0.154573 0.002836
v -0.015560 0.154484 -0.007706
v -0.015858 0.153748 -0.000999
v -0.017998 0.156603 0.002626
v 0.011272 0.084506 0.025107
v -0.017759 0.080314 -0.028108
v -0.015000 0.080956 -0.027566
v -0.016353 0.084694 -0.026642
v -0.013479 0.080753 -0.024618
v -0.024728 0.167833 0.017139
v -0.021427 0.002213 0.042785
v -0.023390 0.001393 0.046651
v -0.020459 0.000005 0.053523
v 0.010848 0.149486 0.034464
v 0.010354 0.148604 0.031021
v 0.030951 0.118511 -0.017357
v 0.030586 0.124090 -0.015522
v -0.007424 0.069959 0.030971
v -0.007478 0.072527 0.029541
v -0.026332 0.107488 0.017657
v -0.025438 0.110896 0.018335
v -0.012871 0.166214 -0.023652
v 0.015023 0.164920 0.025460
v 0.014513 0.167691 0.029002
v 0.015412 0.164693 0.028432
v 0.033529 0.100305 0.002966
v 0.029515 0.166061 -0.007478
v -0.028893 0.139740 0.007334
v -0.028877 0.143651 0.007506
v -0.025863 0.040688 -0.016944
v -0.025379 0.016869 -0.018710
v -0.024083 0.010325 -0.020468
v 0.022320 0.115511 -0.016609
v 0.023766 0.076301 -0.015292
v -0.025143 0.090696 -0.019245
v -0.024324 0.081382 -0.021349
v -0.025989 0.081745 -0.019211
v -0.023745 0.080435 -0.015266
v -0.025687 0.081436 -0.017095
v -0.027773 0.074590 -0.019929
v -0.026207 0.074801 -0.022196
v -0.022301 0.071514 -0.020588
v -0.020748 0.065618 -0.019627
v 0.016964 0.108196 0.026979
v 0.012559 0.108076 0.025425
v 0.015202 0.107290 0.024452
v 0.015190 0.112727 0.028846
v 0.015710 0.116672 0.026190
v 0.011967 0.114336 0.025244
v -0.008653 0.002570 0.049071
v 0.035556 0.094292 -0.001064
v 0.033449 0.095633 -0.003935
v 0.034655 0.101116 -0.000594
v 0.034471 0.106015 0.001661
v 0.035144 0.099042 0.000793
v -0.032251 0.115625 0.016213
v -0.031136 0.114289 0.013046
v 0.032046 0.166182 0.007585
v 0.029212 0.162827 0.007342
v -0.013726 0.008500 -0.023588
v -0.012453 0.017074 -0.024497
v -0.030957 0.154414 0.009782
v -0.032338 0.153798 0.012642
v -0.025389 0.076955 -0.017271
v 0.011042 0.108877 0.025836
v 0.010316 0.103796 0.025766
v 0.010347 0.117346 0.025781
v -0.023545 0.062148 -0.014101
v -0.022837 0.055775 -0.015647
v -0.023474 0.062500 -0.015570
v -0.024824 0.053720 -0.016978
v 0.031658 0.093259 -0.000613
v 0.033267 0.093698 -0.002640
v 0.035374 0.152300 -0.008689
v 0.036588 0.153396 -0.006573
v 0.034227 0.151151 -0.007162
v 0.031515 0.151681 -0.007346
v 0.027000 0.116113 -0.011437
v 0.029365 0.115234 -0.013466
v 0.030752 0.094503 -0.002122
v 0.026543 0.022100 -0.014873
v 0.027684 0.029831 -0.014320
v 0.028544 0.037860 -0.013277
v -0.014046 0.101598 0.028420
v -0.014870 0.101188 0.026313
v -0.013155 0.111399 0.027900
v 0.024349 0.021134 -0.014332
v 0.024242 0.039871 -0.014808
v 0.022817 0.045970 -0.015318
v 0.022897 0.022051 -0.015211
v 0.031823 0.118073 -0.011891
v 0.030062 0.121303 -0.011849
v 0.029401 0.115911 -0.007871
v 0.027547 0.115028 -0.009174
v 0.030343 0.113179 -0.010520
v -0.024254 0.142533 -0.026399
v -0.020612 0.143296 -0.025771
v -0.021282 0.140308 -0.027342
v -0.002665 0.103217 0.030489
v -0.003084 0.113929 0.030629
v 0.028866 0.014994 0.010675
v 0.029431 0.141130 0.018263
v 0.025662 0.132920 0.018294
v 0.027782 0.136746 0.017338
v 0.012741 0.106843 0.030343
v -0.030382 0.079521 0.014256
v -0.030429 0.075780 0.009467
v -0.033458 0.073226 0.011140
v 0.010539 0.000098 -0.042656
v 0.017629 0.001807 -0.042861
v 0.026725 0.014365 0.009483
v -0.035962 0.000194 0.024964
v 0.012346 0.000605 -0.043764
v 0.017356 0.000367 -0.043931
v -0.026889 0.140866 -0.026413
v 0.027680 0.164030 0.000059
v 0.026762 0.162031 0.007371
v 0.028351 0.157312 0.009483
v 0.003279 0.120640 0.030745
v 0.023864 0.001319 0.011674
v 0.024799 0.130291 0.023703
v 0.002074 0.070906 0.031885
v 0.037499 0.158159 0.002896
v 0.035740 0.167265 0.002356
v 0.037643 0.163344 0.004045
v 0.035863 0.162682 0.006059
v 0.038460 0.156022 0.002587
v 0.037273 0.158666 0.004929
v 0.038172 0.154436 0.000748
v -0.023497 0.168761 0.014674
v -0.022355 0.170052 0.016497
v -0.020297 0.168552 0.017669
v 0.017874 0.046217 -0.020936
v -0.030194 0.131403 -0.019882
v -0.030398 0.130409 -0.016484
v -0.028627 0.132469 -0.015112
v -0.031237 0.132794 -0.014617
v 0.020884 0.139273 0.022583
v -0.023449 0.090623 -0.020415
v 0.026235 0.023859 -0.009530
v 0.028338 0.022612 -0.011088
v 0.027757 0.032384 -0.011435
v 0.028137 0.019064 -0.014150
v 0.028405 0.032120 -0.012720
v 0.028937 0.008769 -0.012089
v -0.016747 0.092563 -0.026321
v -0.023727 0.116925 -0.024538
v -0.022616 0.122418 -0.024259
v -0.027427 0.146798 0.020545
v -0.028157 0.145442 0.020051
v 0.025741 0.144169 0.021065
v 0.028056 0.145694 0.021458
v 0.028004 0.147500 0.018350
v 0.028465 0.146414 0.020447
v -0.020577 0.044047 -0.018801
v -0.020543 0.050008 -0.019694
v -0.023987 0.131689 0.020834
v 0.034057 0.119946 -0.001398
v 0.034622 0.119877 -0.005516
v 0.036421 0.121043 -0.004077
v 0.034032 0.123577 -0.000919
v 0.012871 0.153151 0.025944
v 0.014250 0.154036 0.024144
v 0.030072 0.124875 -0.016954
v 0.031011 0.133037 -0.017383
v -0.023905 0.094109 0.019731
v 0.017936 0.111675 0.028768
v 0.018286 0.115705 0.025639
v 0.015287 0.109951 0.028902
v -0.026428 0.162194 0.001395
v 0.033010 0.110430 0.009413
v 0.008506 0.000369 -0.039131
v 0.010408 0.000518 -0.028714
v 0.008397 0.001090 -0.026686
v 0.017256 0.116339 0.026551
v 0.020027 0.157822 -0.014049
v 0.020386 0.156258 -0.010126
v 0.016990 0.156427 -0.014253
v 0.019607 0.151175 -0.024528
v 0.019635 0.149766 -0.021378
v 0.019622 0.143018 -0.024143
v -0.033063 0.131132 0.010211
v -0.019008 0.116698 -0.020566
v -0.019534 0.120052 -0.020817
v -0.019121 0.122750 -0.024229
v -0.028956 0.125159 -0.026992
v -0.028903 0.122987 -0.021771
v 0.034586 0.144120 0.008272
v 0.033896 0.147059 0.005287
v 0.002240 0.087743 0.030536
v 0.005002 0.081024 0.031418
v 0.006671 0.086315 0.030488
v -0.031836 0.167874 0.016350
v -0.032242 0.165922 0.013544
v -0.034815 0.164003 0.014092
v -0.027240 0.168056 0.018383
v -0.029138 0.166231 0.016874
v -0.031080 0.122228 -0.025977
v -0.030393 0.118990 -0.028601
v -0.028183 0.121388 -0.028766
v 0.006988 0.000069 -0.024961
v 0.035662 0.166264 -0.001891
v 0.032973 0.167254 -0.001853
v 0.019166 0.138580 -0.028114
v 0.020967 0.145975 -0.026135
v 0.033684 0.129687 -0.011496
v 0.028409 0.135723 -0.011892
v 0.030112 0.137533 -0.010067
v -0.004354 0.080141 0.031006
v -0.003076 0.085686 0.031435
v 0.016476 0.138376 -0.026997
v 0.020402 0.149298 -0.027449
v 0.028733 0.149416 0.009897
v 0.031248 0.141975 0.005693
v 0.030360 0.138517 0.008573
v -0.030306 0.160574 0.017699
v 0.005949 0.037578 0.028660
v 0.007067 0.024065 0.029834
v 0.006516 0.046250 0.027223
v 0.028894 0.145666 -0.013490
v 0.029363 0.147753 -0.014505
v 0.029601 0.146267 -0.012585
v -0.027815 0.164848 -0.016109
v -0.022848 0.168558 -0.014758
v 0.031230 0.118567 0.001643
v 0.030536 0.117340 0.009152
v 0.031406 0.115914 0.002656
v 0.009094 0.001637 -0.036017
v 0.009841 0.001089 -0.042148
v 0.002930 0.005180 0.043418
v -0.002099 0.003212 0.040772
v 0.031315 0.119660 -0.002932
v -0.004120 0.161616 0.034826
v -0.001190 0.163622 0.033474
v 0.020808 0.084736 0.019685
v 0.020178 0.082438 0.018678
v 0.027248 0.094143 0.003525
v 0.018260 0.155040 -0.028620
v 0.018683 0.162072 -0.026111
v 0.020105 0.155699 -0.026642
v -0.030066 0.002582 -0.001780
v -0.030438 0.005216 -0.005239
v -0.027253 0.016583 -0.003566
v -0.006295 0.152828 0.034414
v -0.030060 0.149204 -0.015730
v 0.017280 0.161255 -0.027330
v -0.030083 0.162989 -0.009771
v -0.029426 0.165631 -0.009036
v -0.029246 0.162475 -0.007642
v -0.027109 0.162677 -0.006754
v 0.034564 0.108426 -0.001126
v 0.033580 0.104358 -0.000684
v -0.027465 0.012110 -0.000356
v -0.026571 0.005284 -0.003704
v 0.031696 0.005714 -0.025296
v 0.028311 0.006059 -0.026175
v 0.036204 0.126560 0.001328
v 0.036966 0.125893 0.004087
v 0.033999 0.165466 0.002002
v 0.016849 0.006150 0.032219
v -0.009829 0.125850 0.030241
v -0.009192 0.115432 0.026656
v -0.009497 0.122040 0.028915
v 0.030331 0.133612 -0.000316
v 0.015178 0.148338 0.033131
v 0.017564 0.157502 0.031960
v 0.017604 0.149531 0.030950
v -0.023653 0.076963 -0.013968
v 0.033088 0.006997 -0.013673
v 0.028332 0.009880 -0.010428
v -0.017572 0.014031 0.027676
v 0.015579 0.149685 0.030412
v -0.025439 0.024598 -0.018460
v -0.025954 0.034903 -0.018129
v 0.035355 0.127416 0.006553
v 0.036528 0.123760 0.005208
v 0.034653 0.123761 0.006457
v 0.015075 0.164195 0.029888
v -0.030701 0.137064 -0.016675
v -0.032719 0.133581 -0.015741
v -0.004469 0.157064 -0.020339
v -0.001374 0.154482 -0.019988
v -0.031705 0.007055 -0.012613
v -0.026157 0.078781 0.017522
v -0.012419 0.161043 0.019307
v 0.016133 0.159462 0.033629
v 0.021537 0.129817 -0.017785
v 0.017542 0.150044 0.034709
v 0.036212 0.143724 0.006955
v 0.035919 0.138123 0.008311
v 0.035145 0.138166 0.004274
v 0.036351 0.138397 0.006627
v -0.008516 0.120524 0.026395
v -0.025066 0.071876 0.012757
v 0.030925 0.136041 -0.006109
v -0.026015 0.070020 0.011625
v -0.018973 0.101003 -0.019856
v -0.018442 0.099780 -0.023706
v -0.020030 0.091668 -0.018994
v 0.029968 0.141800 0.016019
v 0.029016 0.144798 0.016838
v 0.030053 0.137831 0.019142
v 0.027996 0.088570 -0.000744
v 0.016922 0.158085 0.019003
v -0.032749 0.069495 0.014656
v -0.031259 0.080355 0.012760
v -0.015456 0.133431 -0.026415
v -0.017905 0.052555 -0.028297
v -0.014008 0.052428 -0.029692
v 0.028591 0.138370 0.013971
v 0.030588 0.138734 0.015712
v -0.014300 0.165210 -0.026414
v -0.030913 0.069064 0.015131
v -0.031253 0.067435 0.013490
v -0.028275 0.071470 0.013312
v 0.009567 0.100201 0.033015
v 0.008314 0.108996 0.033509
v -0.027998 0.107021 -0.011239
v -0.030152 0.116464 -0.011243
v -0.031190 0.108946 -0.013512
v -0.030447 0.118784 0.007200
v -0.012700 0.149967 0.035701
v -0.012686 0.153911 0.035415
v -0.012960 0.152981 0.033451
v 0.020780 0.000704 0.042051
v 0.011421 0.093833 -0.024973
v 0.012564 0.094757 -0.025710
v 0.015269 0.094471 -0.028549
v -0.020148 0.096589 -0.026503
v -0.020120 0.096461 -0.024538
v -0.032311 0.107844 -0.012095
v -0.030339 0.105993 -0.011334
v -0.030925 0.110659 -0.009654
v 0.022464 0.163387 0.022644
v 0.026948 0.163843 0.019725
v 0.027609 0.166014 -0.016105
v 0.027581 0.168633 -0.014684
v 0.026879 0.157293 0.023827
v -0.031802 0.140721 -0.010154
v -0.007493 0.076050 0.027742
v -0.027760 0.116816 -0.030139
v -0.029474 0.119066 -0.025243
v -0.029822 0.116265 -0.027347
v -0.027666 0.116278 -0.025858
v 0.035198 0.143739 0.004723
v 0.034557 0.145751 0.007117
v 0.025650 0.051410 -0.016435
v 0.027109 0.059373 -0.015984
v 0.023549 0.046339 -0.015136
v 0.023614 0.070483 -0.014818
v -0.021077 0.026800 0.023446
v -0.025437 0.114540 -0.020064
v 0.021028 0.131144 0.017833
v -0.003196 0.146669 0.030885
v -0.003232 0.140211 0.030581
v 0.033978 0.137988 0.008664
v 0.032190 0.139268 0.005769
v -0.006733 0.006174 0.034120
v 0.030971 0.015860 0.004775
v -0.006460 0.168899 0.024492
v -0.009889 0.167730 0.025382
v -0.010338 0.166233 0.028380
v -0.018105 0.109642 -0.024314
v -0.017856 0.104731 -0.025327
v -0.024233 0.000276 0.049442
v -0.017670 0.001320 0.054102
v 0.025419 0.105869 -0.010360
v 0.026200 0.022940 -0.008180
v 0.028382 0.037566 -0.011591
v 0.025296 0.046299 -0.011111
v 0.025900 0.037331 -0.009902
v -0.011991 0.160468 0.031993
v 0.032680 0.016868 0.006882
v 0.031099 0.015038 0.009642
v 0.012021 0.111205 0.026308
v 0.010603 0.107632 0.027516
v 0.009555 0.113664 0.026253
v 0.026085 0.058940 -0.011119
v 0.025350 0.054809 -0.011260
v 0.029810 0.120720 -0.019050
v 0.016031 0.015334 0.022330
v 0.028262 0.054733 -0.014414
v 0.027881 0.048444 -0.013417
v 0.027134 0.045746 -0.012147
v 0.012950 0.168162 0.025808
v -0.021708 0.105636 0.017296
v -0.035106 0.164287 0.015658
v -0.032728 0.162798 0.017212
v -0.031623 0.166017 0.017876
v -0.033294 0.144536 -0.024152
v 0.020041 0.155696 0.012447
v -0.011817 0.122850 -0.024789
v 0.038878 0.149352 -0.001883
v 0.035776 0.148581 -0.001972
v 0.040301 0.151055 -0.001754
v -0.026620 0.139980 0.015792
v 0.027766 0.166186 0.016243
v 0.027165 0.162944 0.017558
v 0.025059 0.163668 0.017092
v -0.027809 0.139153 -0.014078
v -0.028878 0.135332 -0.014261
v -0.028477 0.133805 -0.013202
v -0.024913 0.161549 -0.004853
v -0.027124 0.009373 0.030804
v -0.029001 0.008758 0.021262
v -0.032345 0.007655 0.027918
v -0.002392 0.003162 -0.034677
v -0.000914 0.003404 -0.030125
v 0.017364 0.163769 0.030796
v -0.009176 0.160506 -0.020492
v -0.004823 0.139403 0.032205
v 0.018779 0.149241 0.032554
v 0.017390 0.158082 0.032949
v 0.025079 0.085748 0.022753
v 0.018425 0.154736 0.024392
v 0.032180 0.121274 -0.017397
v 0.032323 0.120274 -0.015619
v 0.020106 0.108114 0.019479
v 0.004685 0.094016 0.031312
v 0.006801 0.095802 0.030143
v 0.003937 0.089262 0.030764
v 0.030563 0.145963 -0.017974
v 0.030431 0.145788 -0.016232
v 0.030415 0.139365 -0.017049
v 0.007742 0.123113 0.034268
v -0.017548 0.158523 0.014014
v -0.023718 0.003896 -0.032139
v -0.018232 0.004082 -0.034807
v 0.027744 0.102464 -0.013096
v 0.001651 0.043030 0.027853
v 0.001993 0.036166 0.030078
v 0.003110 0.024933 0.030204
v 0.029332 0.140492 -0.018493
v 0.029063 0.148456 -0.018685
v 0.028134 0.140890 -0.018642
v -0.018726 0.157076 -0.007092
v 0.027571 0.107610 -0.012941
v 0.027833 0.107711 -0.014848
v 0.001646 0.033802 0.027932
v -0.024707 0.167324 0.011667
v 0.027416 0.026885 0.001901
v 0.027697 0.021612 0.003886
v 0.027566 0.131102 -0.016693
v 0.026326 0.140367 -0.017567
v 0.016714 0.168777 -0.025999
v 0.030539 0.041851 0.003529
v 0.031086 0.050726 0.005541
v 0.012133 0.006288 0.043474
v 0.035364 0.130283 -0.009511
v 0.033442 0.130844 -0.007246
v 0.035332 0.132371 -0.008876
v -0.033504 0.074274 0.012935
v -0.033267 0.069196 0.012905
v -0.000264 0.094841 0.027501
v 0.017993 0.110807 -0.025286
v 0.017181 0.097801 -0.028504
v 0.018133 0.094610 -0.027408
v 0.005541 0.019914 0.030512
v 0.004363 0.012622 0.031079
v -0.026092 0.110601 -0.010297
v 0.014002 0.096839 -0.028386
v -0.000242 0.085819 0.027349
v 0.000123 0.071638 0.027842
v -0.016803 0.118563 -0.028702
v -0.014387 0.120048 -0.028003
v -0.012868 0.120885 -0.025372
v -0.024753 0.078237 -0.020784
v -0.025669 0.078151 -0.019208
v -0.018779 0.125540 -0.025083
v -0.030534 0.116736 -0.009270
v -0.026311 0.103105 -0.018042
v -0.031029 0.125743 -0.019223
v -0.031183 0.131739 -0.018881
v -0.029916 0.131348 -0.017888
v -0.032205 0.127123 -0.016209
v -0.032425 0.129544 -0.016387
v -0.027731 0.131615 -0.017259
v -0.015321 0.141800 -0.028825
v -0.030203 0.007374 -0.018230
v -0.003766 0.107070 0.031471
v -0.032949 0.131751 -0.017570
v -0.033149 0.126190 -0.019536
v -0.033586 0.126207 -0.017343
v -0.032164 0.108137 -0.010190
v -0.030026 0.107644 -0.009173
v -0.025933 0.157304 -0.027933
v -0.024441 0.151640 -0.028729
v -0.026167 0.146853 -0.028821
v 0.006360 0.065550 0.027889
v -0.032292 0.124814 -0.017678
v -0.030680 0.125892 -0.017365
v -0.011847 0.144123 0.035588
v 0.007492 0.153797 0.031615
v 0.007658 0.154886 0.033435
v -0.030046 0.119737 -0.007079
v -0.027682 0.118898 -0.005862
v -0.027074 0.118177 -0.004457
v -0.014611 0.101472 0.024053
v -0.013423 0.097554 0.024456
v -0.014948 0.097747 0.023047
v -0.013838 0.090052 0.029246
v -0.011587 0.088869 0.028574
v -0.015580 0.157557 0.012955
v -0.027793 0.065353 0.003276
v -0.022829 0.012449 0.016499
v 0.007148 0.069826 0.029270
v -0.026333 0.116008 -0.025193
v 0.017350 0.136469 0.024666
v 0.017772 0.142184 0.025627
v 0.019840 0.134044 0.024587
v -0.033414 0.152532 0.014345
v 0.025319 0.145918 0.022322
v -0.006768 0.142931 0.034314
v -0.023673 0.145310 -0.025717
v -0.030278 0.123475 0.006286
v -0.031635 0.125304 0.005009
v -0.028531 0.112227 -0.028635
v -0.026387 0.114600 -0.027523
v -0.028862 0.118887 -0.013229
v 0.013424 0.133620 0.030270
v -0.029700 0.116272 -0.029032
v -0.027850 0.112813 -0.030413
v 0.025333 0.153679 0.010364
v -0.030034 0.140456 -0.008165
v -0.028485 0.144110 -0.008137
v 0.010862 0.144781 0.029362
v 0.031566 0.116482 -0.012753
v 0.031699 0.115655 -0.010320
v 0.028136 0.113951 -0.011623
v 0.029991 0.151158 -0.015281
v 0.031347 0.149193 -0.017995
v -0.024479 0.100597 -0.024137
v -0.021960 0.099036 -0.023779
v -0.032174 0.006199 0.024384
v -0.028087 0.009192 0.018005
v -0.029610 0.167533 0.014763
v 0.035374 0.125517 -0.006265
v 0.036164 0.128426 -0.004184
v 0.036328 0.122812 -0.003343
v -0.029856 0.144531 -0.011767
v -0.029979 0.144643 -0.009440
v -0.030688 0.167720 0.011601
v -0.030631 0.128497 0.001599
v -0.029746 0.132936 0.002746
v -0.028481 0.127097 0.000645
v 0.036783 0.130819 -0.002093
v 0.035444 0.158082 0.002006
v -0.025662 0.002311 0.043803
v -0.020774 0.004352 0.040281
v -0.021940 0.005382 0.037504
v -0.037733 0.000156 -0.028091
v 0.030345 0.131107 -0.011837
v 0.030601 0.065666 0.006262
v 0.003303 0.075215 0.031223
v 0.002776 0.082854 0.030402
v -0.025107 0.063535 -0.019512
v -0.023486 0.055757 -0.020567
v -0.022657 0.061328 -0.020755
v -0.013432 0.118917 0.026911
v 0.033402 0.125051 -0.006478
v -0.020177 0.062641 -0.018935
v -0.020585 0.057735 -0.019788
v 0.022922 0.001613 -0.032232
v -0.016858 0.006959 -0.034376
v 0.028992 0.163778 -0.013373
v 0.018329 0.164324 0.029369
v 0.018460 0.162212 0.028424
v 0.015307 0.134922 0.023021
v 0.017978 0.100284 -0.026418
v 0.019267 0.095681 -0.025665
v 0.025633 0.114412 -0.009883
v 0.025581 0.107803 -0.011793
v 0.024645 0.115801 -0.012636
v 0.004368 0.122065 0.031903
v 0.016807 0.100803 -0.027352
v 0.030575 0.060342 0.007412
v 0.032334 0.137562 -0.011772
v 0.033272 0.131583 -0.012909
v 0.030174 0.133421 -0.012261
v 0.035852 0.131855 -0.011412
v 0.033810 0.135143 -0.011632
v 0.028587 0.153355 -0.012268
v 0.018181 0.153884 0.013368
v 0.017101 0.156273 0.016404
v 0.034162 0.134986 -0.009567
v 0.029463 0.151003 -0.008231
v -0.008319 0.128844 0.035084
v -0.008557 0.133353 0.034357
v -0.009064 0.126261 0.033936
v 0.031509 0.137684 0.017924
v 0.012895 0.009864 0.029863
v -0.019356 0.079691 -0.026522
v -0.019521 0.079819 -0.024763
v -0.023747 0.006871 -0.013384
v -0.011830 0.115750 0.028740
v -0.026830 0.112156 -0.007817
v 0.003875 0.044643 0.030650
v 0.005779 0.053917 0.030649
v -0.022563 0.001177 0.051664
v -0.021591 0.000457 0.054172
v -0.011734 0.089503 0.030785
v 0.004991 0.133301 0.029028
v 0.009903 0.165791 0.031398
v 0.008675 0.160190 0.031928
v 0.009407 0.167568 0.029538
v 0.027097 0.009210 -0.014612
v -0.028569 0.161152 -0.015048
v 0.006931 0.157158 0.032635
v 0.005153 0.074398 0.031471
v -0.030391 0.059891 0.010382
v -0.032720 0.060879 0.010214
v -0.010322 0.051793 -0.025888
v -0.004604 0.153821 0.032300
v 0.035902 0.167582 0.004903
v -0.032772 0.060212 0.008286
v -0.029608 0.162908 0.015775
v -0.018927 0.055190 -0.026688
v -0.031718 0.133396 0.012044
v -0.021348 0.169251 0.018905
v -0.014178 0.144103 -0.029066
v -0.026071 0.049775 -0.019767
v -0.023802 0.049055 -0.020952
v -0.023235 0.157307 -0.026221
v -0.019935 0.155276 -0.027481
v -0.018532 0.084738 -0.026039
v 0.001167 0.112160 0.028200
v -0.024216 0.045243 -0.020093
v -0.025458 0.045162 -0.018372
v -0.025526 0.054456 -0.018353
v 0.018872 0.145978 0.021180
v 0.021491 0.142528 0.020144
v 0.019257 0.148557 0.020202
v 0.020278 0.141672 0.020546
v -0.024076 0.051131 -0.015287
v -0.026706 0.050173 -0.017506
v 0.001359 0.164812 0.024907
v 0.010474 0.113429 0.025425
v 0.019822 0.138604 -0.022827
v 0.018837 0.145766 -0.020623
v -0.016373 0.103928 -0.026958
v -0.030568 0.149338 -0.010865
v -0.028342 0.148471 -0.013860
v -0.002325 0.166356 0.033316
v 0.032091 0.101997 -0.000792
v -0.001255 0.084363 0.029826
v 0.021023 0.139072 -0.025444
v -0.020371 0.089210 -0.019918
v -0.018604 0.085473 -0.020894
v -0.039282 0.001416 -0.020638
v -0.038756 0.002200 -0.023663
v -0.030416 0.074908 0.014585
v 0.023385 0.148729 -0.020397
v 0.021385 0.149239 -0.021510
v 0.018570 0.156897 -0.024182
v 0.019880 0.151329 -0.022854
v 0.031715 0.162424 -0.003615
v 0.032836 0.162455 -0.002492
v -0.017537 0.063011 -0.025766
v -0.006018 0.169474 0.026179
v -0.007602 0.168551 0.030468
v -0.021319 0.160120 0.009881
v 0.001927 0.159573 0.023183
v -0.007369 0.072294 0.027485
v 0.002571 0.093167 0.030284
v 0.001367 0.088381 0.028560
v -0.023454 0.046449 -0.014858
v -0.025021 0.045934 -0.016658
v 0.026140 0.130342 0.017448
v 0.025286 0.122428 0.018802
v -0.028298 0.143064 -0.014775
v -0.008509 0.166070 0.032607
v -0.011076 0.165862 0.030814
v 0.018524 0.119034 0.024094
v -0.013079 0.159006 0.017870
v -0.025097 0.099709 0.018649
v -0.026117 0.098203 0.017365
v 0.004086 0.003304 -0.027636
v 0.023253 0.095437 0.015440
v 0.000437 0.170123 0.025496
v 0.015212 0.003335 0.022280
v 0.006196 0.003199 -0.025542
v 0.027527 0.050793 -0.015029
v 0.028446 0.136865 0.015370
v -0.002048 0.149563 0.030773
v -0.030971 0.085548 0.011853
v -0.007057 0.006623 0.031441
v 0.025271 0.115166 0.017100
v 0.025109 0.114189 0.019007
v -0.029152 0.166257 -0.010952
v 0.004271 0.134331 0.027346
v -0.025789 0.007484 -0.007810
v 0.002777 0.139036 0.028093
v 0.028249 0.140297 -0.011255
v 0.027594 0.041608 0.002552
v 0.014489 0.167438 -0.025962
v 0.029451 0.061083 0.008441
v 0.027464 0.071724 0.007418
v 0.019157 0.156511 0.024631
v 0.018316 0.009313 -0.020341
v 0.024680 0.148992 -0.018335
v -0.003978 0.073960 0.032312
v -0.006200 0.070512 0.032999
v 0.030188 0.096572 0.002103
v 0.035951 0.156156 0.000157
v 0.023193 0.145749 -0.018148
v -0.010542 0.161481 0.032983
v -0.010705 0.154094 -0.015107
v 0.030758 0.090826 0.003580
v -0.006761 0.073307 0.031622
v 0.024220 0.016477 -0.013629
v 0.026210 0.009699 -0.014623
v 0.027862 0.015413 0.003916
v 0.025722 0.140661 0.021619
v 0.025959 0.117992 0.010403
v 0.024836 0.141749 0.022918
v 0.004726 0.138596 0.031886
v -0.006455 0.129353 0.035225
v 0.007814 0.021927 0.029180
v 0.020507 0.138833 -0.027501
v -0.031487 0.128274 0.002970
v -0.031797 0.005461 0.018286
v -0.026345 0.004927 -0.006563
v 0.031377 0.087565 0.003380
v 0.034645 0.149959 0.003546
v 0.034262 0.094631 0.000478
v 0.012028 0.160765 -0.027298
v -0.011195 0.166530 -0.023774
v 0.037335 0.150730 0.004463
v 0.003272 0.137276 0.029788
v 0.022397 0.156227 0.024316
v 0.008401 0.167170 0.024885
v -0.027597 0.133970 0.001438
v -0.032680 0.144881 0.008705
v 0.023704 0.010186 -0.013803
v -0.028818 0.121472 -0.021139
v -0.017933 0.107291 -0.026291
v -0.012730 0.141869 0.028168
v 0.011517 0.089805 0.031058
v 0.016728 0.166818 -0.027492
v -0.020310 0.061773 0.019126
v -0.021110 0.073801 0.018560
v 0.007131 0.099046 0.029073
v 0.037083 0.163902 0.005377
v -0.023208 0.073009 0.020130
v -0.028303 0.136945 0.006905
v -0.022921 0.021744 0.021294
v -0.024397 0.074903 -0.022410
v 0.015921 0.160536 0.027783
v -0.022898 0.077074 -0.021308
v 0.005459 0.000523 0.050296
v -0.005799 0.108904 0.029733
v -0.006698 0.120251 0.026648
v 0.026643 0.153437 0.009310
v -0.031184 0.003126 0.039718
v -0.022551 0.100658 -0.024807
v 0.036054 0.154562 -0.004928
v 0.015054 0.005798 -0.023270
v 0.000590 0.003322 -0.026887
v -0.019231 0.083849 -0.024400
v -0.030318 0.113759 -0.029320
v -0.029524 0.113688 -0.027586
v 0.031685 0.162851 0.008676
v 0.018594 0.152156 -0.020772
v 0.009597 0.106012 0.033039
v -0.025373 0.123671 -0.028909
v -0.029550 0.114599 -0.030510
v 0.025933 0.120730 0.009507
v 0.019509 0.127938 0.019911
v 0.031607 0.148358 -0.016370
v 0.026726 0.078799 0.006345
v 0.029780 0.086276 0.004499
v -0.030103 0.152581 0.011628
v -0.019186 0.049143 0.020201
v -0.000641 0.147040 0.001189
v -0.001366 0.141981 0.000716
v -0.000760 0.137182 0.001213
v -0.001390 0.134830 0.000599
v -0.001423 0.138097 -0.000432
v -0.001203 0.156225 0.000158
v -0.000808 0.156914 -0.000964
v -0.001060 0.153303 -0.000737
v -0.000460 0.153439 -0.001036
v -0.000116 0.149060 -0.000816
v -0.000855 0.148905 -0.000987
v 0.000065 0.159651 -0.000852
v 0.000173 0.158426 0.000752
v 0.000132 0.153628 -0.000374
v 0.000124 0.163500 -0.000697
v -0.000482 0.163016 0.000118
v 0.000834 0.164555 0.000427
v -0.000252 0.138719 0.000923
v -0.000439 0.131763 0.001100
v -0.000069 0.132264 0.000128
v -0.000172 0.136305 0.000782
v 0.000018 0.153394 0.000899
v -0.000593 0.148795 0.001223
v 0.000066 0.148338 0.000376
v -0.000695 0.159414 0.001116
v 0.000407 0.163469 0.001188
v -0.000726 0.161405 0.000734
v -0.001338 0.152388 0.000175
v -0.001295 0.147204 0.000757
v -0.000657 0.152027 0.001160
v -0.001343 0.145446 -0.000359
v -0.001195 0.134342 -0.000823
v -0.000411 0.137145 -0.000978
v -0.000766 0.139440 -0.001045
v 0.000122 0.138456 -0.000160
v 0.000946 0.162454 -0.000060
v -0.000050 0.159455 0.001024
v 0.000720 0.162770 0.000850
v -0.000575 0.145411 -0.001080
v -0.000007 0.143063 -0.000212
v -0.000041 0.139998 -0.000471
v -0.000275 0.147494 0.001022
v 0.000046 0.140578 0.000250
v 0.000563 0.162547 -0.000856
v -0.000050 0.148256 -0.000505
v -0.001236 0.131606 -0.000763
v -0.001292 0.131915 0.000855
v 0.002082 0.163054 0.001130
v 0.003852 0.162793 0.000672
v 0.003633 0.162713 0.002622
v -0.000457 0.131420 -0.000309
v -0.001103 0.153858 0.000771
v 0.002931 0.164174 0.000094
v 0.003599 0.164116 0.001765
v 0.001836 0.164689 0.001050
v 0.002380 0.163776 0.001806
v 0.002557 0.163376 -0.000446
v 0.001213 0.164227 -0.000642
v 0.001695 0.162987 0.000373
v -0.001243 0.142566 -0.000655
v -0.000421 0.161701 -0.000928
v -0.000904 0.160769 -0.000461
v -0.001177 0.159302 0.000205
v 0.000121 0.147502 0.000093
v -0.001427 0.132938 -0.000253
v -0.000272 0.139493 -0.000878
v -0.000449 0.131816 -0.000995
v 0.000040 0.136130 -0.000158
v -0.001230 0.144595 0.000785
vt 0.750000 0.875000
vt 1.000000 0.875000
vt 1.000000 1.000000
vt 0.750000 1.000000
vt 0.750000 0.375000
vt 1.000000 0.375000
vt 1.000000 0.500000
vt 0.750000 0.500000
vt 0.250000 0.375000
vt 0.500000 0.375000
vt 0.500000 0.500000
vt 0.250000 0.500000
vt 0.250000 0.875000
vt 0.500000 0.875000
vt 0.500000 1.000000
vt 0.250000 1.000000
vt 0.250000 0.125000
vt 0.500000 0.125000
vt 0.500000 0.250000
vt 0.250000 0.250000
vt 0.750000 0.125000
vt 1.000000 0.125000
vt 1.000000 0.250000
vt 0.750000 0.250000
vt 0.250000 0.625000
vt 0.500000 0.625000
vt 0.500000 0.750000
vt 0.250000 0.750000
vt 0.750000 0.625000
vt 1.000000 0.625000
vt 1.000000 0.750000
vt 0.750000 0.750000
vt 0.000000 0.625000
vt 0.000000 0.750000
vt 0.000000 0.125000
vt 0.000000 0.250000
vt 0.000000 0.875000
vt 0.000000 1.000000
vt 0.000000 0.375000
vt 0.000000 0.500000
vt 0.000000 0.000000
vt 0.250000 0.000000
vt 0.500000 0.000000
vt 0.750000 0.000000
vt 1.000000 0.000000
vt 0.750000 0.875000
vt 1.000000 0.875000
vt 1.000000 1.000000
vt 0.750000 1.000000
vt 0.750000 0.375000
vt 1.000000 0.375000
vt 1.000000 0.500000
vt 0.750000 0.500000
vt 0.250000 0.375000
vt 0.500000 0.375000
vt 0.500000 0.500000
vt 0.250000 0.500000
vt 0.250000 0.875000
vt 0.500000 0.875000
vt 0.500000 1.000000
vt 0.250000 1.000000
vt 0.250000 0.125000
vt 0.500000 0.125000
vt 0.500000 0.250000
vt 0.250000 0.250000
vt 0.750000 0.125000
vt 1.000000 0.125000
vt 1.000000 0.250000
vt 0.750000 0.250000
vt 0.250000 0.625000
vt 0.500000 0.625000
vt 0.500000 0.750000
vt 0.250000 0.750000
vt 0.750000 0.625000
vt 1.000000 0.625000
vt 1.000000 0.750000
vt 0.750000 0.750000
vt 0.000000 0.625000
vt 0.000000 0.750000
vt 0.000000 0.125000
vt 0.000000 0.250000
vt 0.000000 0.875000
vt 0.000000 1.000000
vt 0.000000 0.375000
vt 0.000000 0.500000
vt 0.000000 0.000000
vt 0.250000 0.000000
vt 0.500000 0.000000
vt 0.750000 0.000000
vt 1.000000 0.000000
vt 0.750000 0.875000
vt 1.000000 0.875000
vt 1.000000 1.000000
vt 0.750000 1.000000
vt 0.750000 0.375000
vt 1.000000 0.375000
vt 1.000000 0.500000
vt 0.750000 0.500000
vt 0.250000 0.375000
vt 0.500000 0.375000
vt 0.500000 0.500000
vt 0.250000 0.500000
vt 0.250000 0.875000
vt 0.500000 0.875000
vt 0.500000 1.000000
vt 0.250000 1.000000
vt 0.250000 0.125000
vt 0.500000 0.125000
vt 0.500000 0.250000
vt 0.250000 0.250000
vt 0.750000 0.125000
vt 1.000000 0.125000
vt 1.000000 0.250000
vt 0.750000 0.250000
vt 0.250000 0.625000
vt 0.500000 0.625000
vt 0.500000 0.750000
vt 0.250000 0.750000
vt 0.750000 0.625000
vt 1.000000 0.625000
vt 1.000000 0.750000
vt 0.750000 0.750000
vt 0.000000 0.625000
vt 0.000000 0.750000
vt 0.000000 0.125000
vt 0.000000 0.250000
vt 0.000000 0.875000
vt 0.000000 1.000000
vt 0.000000 0.375000
vt 0.000000 0.500000
vt 0.000000 0.000000
vt 0.250000 0.000000
vt 0.500000 0.000000
vt 0.750000 0.000000
vt 1.000000 0.000000
vt 0.750000 0.875000
vt 1.000000 0.875000
vt 1.000000 1.000000
vt 0.750000 1.000000
vt 0.750000 0.375000
vt 1.000000 0.375000
vt 1.000000 0.500000
vt 0.750000 0.500000
vt 0.250000 0.375000
vt 0.500000 0.375000
vt 0.500000 0.500000
vt 0.250000 0.500000
vt 0.250000 0.875000
vt 0.500000 0.875000
vt 0.500000 1.000000
vt 0.250000 1.000000
vt 0.250000 0.125000
vt 0.500000 0.125000
vt 0.500000 0.250000
vt 0.250000 0.250000
vt 0.750000 0.125000
vt 1.000000 0.125000
vt 1.000000 0.250000
vt 0.750000 0.250000
vt 0.250000 0.625000
vt 0.500000 0.625000
vt 0.500000 0.750000
vt 0.250000 0.750000
vt 0.750000 0.625000
vt 1.000000 0.625000
vt 1.000000 0.750000
vt 0.750000 0.750000
vt 0.000000 0.625000
vt 0.000000 0.750000
vt 0.000000 0.125000
vt 0.000000 0.250000
vt 0.000000 0.875000
vt 0.000000 1.000000
vt 0.000000 0.375000
vt 0.000000 0.500000
vt 0.000000 0.000000
vt 0.250000 0.000000
vt 0.500000 0.000000
vt 0.750000 0.000000
vt 1.000000 0.000000
vt 0.467533 0.263059
vt 0.598157 0.272433
vt 0.181207 0.265107
vt 0.939540 0.182384
vt 0.757534 0.178567
vt 0.829270 0.030122
vt 0.644558 0.785067
vt 0.649769 0.780538
vt 0.650329 0.788042
vt 0.665407 0.780938
vt 0.658620 0.786339
vt 0.660954 0.772874
vt 0.661651 0.769017
vt 0.507657 0.397230
vt 0.445418 0.408757
vt 0.318262 0.402867
vt 0.655790 0.771187
vt 0.657999 0.771536
vt 0.657380 0.772077
vt 0.656298 0.775846
vt 0.657797 0.771969
vt 0.657929 0.772554
vt 0.749105 0.768832
vt 0.765036 0.763258
vt 0.756511 0.779911
vt 0.692025 0.821260
vt 0.693706 0.790942
vt 0.714298 0.825773
vt 0.624984 0.591678
vt 0.649467 0.576863
vt 0.654326 0.592606
vt 0.628760 0.612882
vt 0.650615 0.620410
vt 0.643971 0.627264
vt 0.809433 0.283017
vt 0.286801 0.379737
vt 0.275918 0.396185
vt 0.075750 0.396772
vt 0.760210 0.298879
vt 0.695830 0.215834
vt 0.087308 0.791101
vt 0.474718 0.787404
vt 0.081569 0.805708
vt 0.063216 0.662391
vt 0.407567 0.664194
vt 0.066293 0.680387
vt 0.058992 0.711890
vt 0.422800 0.703475
vt 0.509456 0.707703
vt 0.840060 0.920315
vt 0.817957 0.932301
vt 0.825205 0.909894
vt 0.280622 0.020590
vt 0.399059 0.033148
vt 0.141320 0.018888
vt 0.861752 0.321171
vt 0.865858 0.264556
vt 0.953072 0.305772
vt 0.072553 0.543113
vt 0.210301 0.518620
vt 0.220012 0.540124
vt 0.713181 0.862486
vt 0.736333 0.854302
vt 0.732528 0.868653
vt 0.789691 0.800816
vt 0.806082 0.792044
vt 0.827445 0.843065
vt 0.328076 0.719032
vt 0.452496 0.721311
vt 0.479774 0.795175
vt 0.486381 0.777729
vt 0.500620 0.791755
vt 0.065234 0.120855
vt 0.089703 0.105544
vt 0.301467 0.113421
vt 0.073032 0.255593
vt 0.794394 0.863508
vt 0.782113 0.806090
vt 0.822643 0.871126
vt 0.852810 0.893639
vt 0.849604 0.906642
vt 0.611399 0.633216
vt 0.436303 0.648844
vt 0.088313 0.651670
vt 0.226086 0.583019
vt 0.602109 0.586978
vt 0.078808 0.598860
vt 0.827691 0.426474
vt 0.822846 0.447737
vt 0.816591 0.433495
vt 0.760480 0.539192
vt 0.740695 0.528351
vt 0.763048 0.525985
vt 0.282002 0.123627
vt 0.162450 0.139110
vt 0.884562 0.786258
vt 0.891959 0.768364
vt 0.897534 0.798519
vt 0.595007 0.573308
vt 0.431439 0.435099
vt 0.400276 0.443858
vt 0.083373 0.449961
vt 0.080368 0.328465
vt 0.202663 0.318232
vt 0.051918 0.341735
vt 0.968152 0.119291
vt 0.865619 0.898602
vt 0.896510 0.820205
vt 0.877571 0.795012
vt 0.936367 0.400553
vt 0.955979 0.398401
vt 0.955243 0.420215
vt 0.914153 0.522509
vt 0.923833 0.551042
vt 0.896377 0.517811
vt 0.737132 0.786240
vt 0.731962 0.779091
vt 0.523736 0.475275
vt 0.513277 0.472911
vt 0.528120 0.468126
vt 0.925420 0.439446
vt 0.944554 0.446943
vt 0.945770 0.476282
vt 0.629911 0.095232
vt 0.637096 0.096285
vt 0.633431 0.100611
vt 0.534514 0.149126
vt 0.515879 0.155060
vt 0.512625 0.144735
vt 0.623522 0.558834
vt 0.648865 0.563529
vt 0.625060 0.571193
vt 0.703372 0.785947
vt 0.701146 0.760553
vt 0.717911 0.763437
vt 0.658227 0.792782
vt 0.666815 0.788225
vt 0.662431 0.795074
vt 0.589918 0.876553
vt 0.584761 0.890338
vt 0.543539 0.889728
vt 0.611084 0.451980
vt 0.601790 0.461263
vt 0.599128 0.450530
vt 0.591408 0.401051
vt 0.507569 0.412663
vt 0.641327 0.813209
vt 0.651614 0.810658
vt 0.639077 0.825632
vt 0.656199 0.811232
vt 0.642779 0.832870
vt 0.799962 0.717085
vt 0.793876 0.730518
vt 0.784602 0.722458
vt 0.854122 0.788019
vt 0.837000 0.771267
vt 0.855879 0.774351
vt 0.621029 0.799339
vt 0.612907 0.810847
vt 0.606067 0.804581
vt 0.470203 0.878980
vt 0.462263 0.862461
vt 0.475345 0.870478
vt 0.806046 0.370511
vt 0.830102 0.359335
vt 0.830666 0.367207
vt 0.070533 0.057020
vt 0.100928 0.041233
vt 0.385105 0.046279
vt 0.748162 0.439639
vt 0.731107 0.447948
vt 0.748623 0.425238
vt 0.767837 0.149803
vt 0.751610 0.074260
vt 0.567799 0.716020
vt 0.566891 0.720136
vt 0.530389 0.722248
vt 0.755285 0.906153
vt 0.737295 0.921622
vt 0.715644 0.904679
vt 0.131127 0.184411
vt 0.319688 0.193708
vt 0.072818 0.195774
vt 0.511714 0.179464
vt 0.523516 0.173196
vt 0.518549 0.186715
vt 0.587873 0.104645
vt 0.580626 0.100523
vt 0.584668 0.096422
vt 0.611483 0.063952
vt 0.605573 0.073960
vt 0.581156 0.055148
vt 0.552722 0.085221
vt 0.553951 0.083823
vt 0.561841 0.086360
vt 0.462686 0.094131
vt 0.076457 0.084261
vt 0.396384 0.082816
vt 0.523939 0.524725
vt 0.543998 0.518807
vt 0.554367 0.525937
vt 0.641234 0.510558
vt 0.636539 0.492956
vt 0.644620 0.479777
vt 0.507245 0.295650
vt 0.498826 0.286163
vt 0.549440 0.283500
vt 0.806095 0.728950
vt 0.852008 0.723484
vt 0.608561 0.650166
vt 0.623415 0.656498
vt 0.587712 0.659066
vt 0.621042 0.645882
vt 0.650496 0.642839
vt 0.521696 0.834358
vt 0.490672 0.847089
vt 0.480990 0.832870
vt 0.314929 0.822381
vt 0.304334 0.838888
vt 0.252432 0.823533
vt 0.886069 0.842215
vt 0.905820 0.854318
vt 0.881191 0.861741
vt 0.616530 0.169237
vt 0.620244 0.172403
vt 0.606207 0.174985
vt 0.831237 0.285321
vt 0.980761 0.888228
vt 0.956485 0.853141
vt 0.978086 0.856676
vt 0.564762 0.260643
vt 0.553735 0.216336
vt 0.551450 0.224201
vt 0.537154 0.219039
vt 0.582524 0.761242
vt 0.588151 0.763240
vt 0.580160 0.768165
vt 0.553869 0.767917
vt 0.558983 0.774650
vt 0.549148 0.775492
vt 0.316531 0.206691
vt 0.316934 0.223456
vt 0.094322 0.213939
vt 0.536663 0.229848
vt 0.527300 0.236185
vt 0.524624 0.228831
vt 0.986521 0.922636
vt 0.970681 0.900644
vt 0.998083 0.924230
vt 0.599828 0.619755
vt 0.082113 0.640178
vt 0.078368 0.625276
vt 0.495796 0.388562
vt 0.342713 0.388032
vt 0.635785 0.313866
vt 0.646969 0.316450
vt 0.640838 0.324496
vt 0.580954 0.126070
vt 0.561440 0.127936
vt 0.560757 0.120952
vt 0.643451 0.138617
vt 0.643646 0.166414
vt 0.634253 0.156424
vt 0.663322 0.680780
vt 0.639425 0.685964
vt 0.652591 0.675831
vt 0.522202 0.667398
vt 0.522125 0.677077
vt 0.480761 0.671329
vt 0.615516 0.294167
vt 0.604213 0.303788
vt 0.579811 0.301631
vt 0.353144 0.296701
vt 0.376330 0.303367
vt 0.325654 0.303740
vt 0.463587 0.004220
vt 0.464876 0.023319
vt 0.382666 0.011010
vt 0.357919 0.829625
vt 0.387860 0.351881
vt 0.405431 0.352298
vt 0.376996 0.360214
vt 0.457273 0.328251
vt 0.441368 0.332607
vt 0.460468 0.318536
vt 0.663212 0.694338
vt 0.626805 0.695598
vt 0.642507 0.699087
vt 0.654431 0.708012
vt 0.621412 0.705616
vt 0.607329 0.045349
vt 0.547539 0.039663
vt 0.532288 0.032226
vt 0.342788 0.020250
vt 0.613730 0.223902
vt 0.606122 0.222017
vt 0.610017 0.219921
vt 0.550488 0.236196
vt 0.985269 0.729039
vt 0.966169 0.736058
vt 0.971775 0.717085
vt 0.954570 0.841104
vt 0.966365 0.814925
vt 0.976374 0.827463
vt 0.589888 0.770553
vt 0.579687 0.772952
vt 0.587272 0.776232
vt 0.586317 0.784769
vt 0.543222 0.080355
vt 0.548941 0.092016
vt 0.540275 0.084037
vt 0.572345 0.044243
vt 0.627098 0.063375
vt 0.984072 0.795188
vt 0.960030 0.795066
vt 0.992061 0.770573
vt 0.068816 0.438659
vt 0.433625 0.422754
vt 0.747514 0.499780
vt 0.723238 0.474608
vt 0.741812 0.471685
vt 0.458153 0.161039
vt 0.490747 0.161495
vt 0.492993 0.169775
vt 0.491397 0.150514
vt 0.465329 0.148416
vt 0.473403 0.143743
vt 0.832353 0.638390
vt 0.830090 0.625297
vt 0.844334 0.636961
vt 0.736631 0.615846
vt 0.732080 0.604497
vt 0.743573 0.597292
vt 0.510313 0.416100
vt 0.597388 0.421101
vt 0.554398 0.421288
vt 0.472697 0.446088
vt 0.457641 0.454052
vt 0.463681 0.443905
vt 0.829704 0.564513
vt 0.834692 0.581840
vt 0.820234 0.567243
vt 0.400971 0.294113
vt 0.353313 0.286207
vt 0.736605 0.804601
vt 0.757756 0.814399
vt 0.754781 0.875258
vt 0.716283 0.799211
vt 0.474428 0.538988
vt 0.477951 0.547658
vt 0.454838 0.541517
vt 0.283853 0.510890
vt 0.313763 0.514682
vt 0.294366 0.523440
vt 0.502977 0.808287
vt 0.482303 0.807418
vt 0.583517 0.122852
vt 0.557242 0.115243
vt 0.574293 0.113180
vt 0.509602 0.085012
vt 0.486365 0.090815
vt 0.474366 0.085503
vt 0.695036 0.271703
vt 0.921943 0.475517
vt 0.904603 0.465610
vt 0.912319 0.456203
vt 0.388631 0.346330
vt 0.377645 0.347788
vt 0.385109 0.341660
vt 0.334808 0.378408
vt 0.405983 0.373663
vt 0.346798 0.384007
vt 0.671848 0.723087
vt 0.661885 0.722939
vt 0.677292 0.699615
vt 0.630546 0.731649
vt 0.640985 0.738809
vt 0.625473 0.737942
vt 0.496046 0.190965
vt 0.474815 0.194180
vt 0.472332 0.190000
vt 0.358267 0.201979
vt 0.342477 0.203267
vt 0.331770 0.190792
vt 0.282282 0.360371
vt 0.073185 0.375454
vt 0.302009 0.365956
vt 0.294203 0.368605
vt 0.294777 0.360519
vt 0.920722 0.426912
vt 0.927689 0.412721
vt 0.939212 0.429745
vt 0.893504 0.436309
vt 0.912969 0.444396
vt 0.899291 0.447201
vt 0.377102 0.512965
vt 0.387954 0.524442
vt 0.366585 0.525919
vt 0.450890 0.471300
vt 0.476976 0.467128
vt 0.457660 0.483472
vt 0.365045 0.192323
vt 0.357585 0.174504
vt 0.372511 0.181706
vt 0.334033 0.180765
vt 0.431633 0.172110
vt 0.437110 0.186413
vt 0.425448 0.181964
vt 0.328567 0.167501
vt 0.320752 0.174639
vt 0.324776 0.157646
vt 0.825002 0.789473
vt 0.866928 0.832286
vt 0.865541 0.850919
vt 0.873754 0.854808
vt 0.855743 0.867038
vt 0.351748 0.128002
vt 0.369606 0.121685
vt 0.395478 0.134761
vt 0.332126 0.164312
vt 0.335364 0.152005
vt 0.363491 0.150673
vt 0.042916 0.834963
vt 0.048212 0.867110
vt 0.022402 0.843407
vt 0.888477 0.520999
vt 0.903218 0.542058
vt 0.396252 0.494024
vt 0.398271 0.505013
vt 0.379528 0.495688
vt 0.321337 0.505394
vt 0.343600 0.506962
vt 0.248560 0.278865
vt 0.287826 0.293414
vt 0.230501 0.286566
vt 0.243792 0.273484
vt 0.590386 0.282336
vt 0.494938 0.282030
vt 0.642484 0.748952
vt 0.632635 0.761648
vt 0.625743 0.759026
vt 0.623275 0.806490
vt 0.630144 0.798614
vt 0.633810 0.801421
vt 0.914982 0.558121
vt 0.956319 0.564543
vt 0.942379 0.584494
vt 0.609233 0.328572
vt 0.623587 0.334380
vt 0.616792 0.345096
vt 0.588930 0.313424
vt 0.594823 0.321422
vt 0.575682 0.329702
vt 0.273247 0.475062
vt 0.293695 0.466051
vt 0.304143 0.477428
vt 0.466817 0.462162
vt 0.428149 0.465989
vt 0.638742 0.078533
vt 0.656562 0.069918
vt 0.658526 0.090424
vt 0.613078 0.053961
vt 0.331602 0.518568
vt 0.323831 0.530390
vt 0.458157 0.561322
vt 0.255536 0.571512
vt 0.368299 0.557096
vt 0.294814 0.855817
vt 0.349366 0.850081
vt 0.338218 0.861322
vt 0.215799 0.858434
vt 0.255240 0.866068
vt 0.133176 0.864095
vt 0.597550 0.777083
vt 0.612372 0.783612
vt 0.618935 0.776405
vt 0.623177 0.781484
vt 0.616773 0.781272
vt 0.986416 0.816287
vt 0.982185 0.808380
vt 0.998120 0.810564
vt 0.152813 0.470454
vt 0.118002 0.485820
vt 0.058415 0.481431
vt 0.510150 0.192741
vt 0.495639 0.201940
vt 0.485253 0.196036
vt 0.508092 0.213086
vt 0.496857 0.216711
vt 0.458287 0.208696
vt 0.942819 0.034857
vt 0.984123 0.059152
vt 0.819968 0.630419
vt 0.817662 0.612731
vt 0.667511 0.641001
vt 0.672101 0.644736
vt 0.653273 0.657780
vt 0.535564 0.067213
vt 0.514278 0.076141
vt 0.498628 0.069256
vt 0.427562 0.080590
vt 0.537287 0.731955
vt 0.558357 0.737417
vt 0.532264 0.740601
vt 0.541157 0.768026
vt 0.749423 0.718142
vt 0.755325 0.737098
vt 0.714051 0.740987
vt 0.592695 0.430104
vt 0.605541 0.430458
vt 0.074838 0.072198
vt 0.845300 0.371720
vt 0.835245 0.396194
vt 0.792536 0.387847
vt 0.620457 0.381535
vt 0.560209 0.387907
vt 0.512181 0.361156
vt 0.535384 0.363699
vt 0.531592 0.373139
vt 0.778853 0.579920
vt 0.802134 0.587184
vt 0.784657 0.595651
vt 0.792226 0.563080
vt 0.993869 0.890187
vt 0.995354 0.911508
vt 0.080619 0.580502
vt 0.636078 0.338480
vt 0.629899 0.356275
vt 0.583313 0.372631
vt 0.591421 0.380134
vt 0.384252 0.754960
vt 0.396548 0.765594
vt 0.329761 0.761527
vt 0.611803 0.130365
vt 0.606842 0.140270
vt 0.592443 0.141141
vt 0.592915 0.159982
vt 0.609447 0.163576
vt 0.591852 0.163039
vt 0.641422 0.343322
vt 0.646017 0.356916
vt 0.649975 0.330303
vt 0.648516 0.348399
vt 0.589875 0.132614
vt 0.592149 0.137644
vt 0.579079 0.132314
vt 0.552120 0.161458
vt 0.563898 0.151815
vt 0.576343 0.155435
vt 0.264278 0.771645
vt 0.931149 0.547889
vt 0.931575 0.524232
vt 0.943884 0.522868
vt 0.836450 0.692369
vt 0.851304 0.692322
vt 0.859780 0.713325
vt 0.024932 0.382853
vt 0.023213 0.413157
vt 0.008504 0.398030
vt 0.665734 0.739649
vt 0.658566 0.743593
vt 0.659303 0.735726
vt 0.671696 0.759222
vt 0.807698 0.410203
vt 0.762795 0.422921
vt 0.766719 0.054602
vt 0.797713 0.031308
vt 0.532389 0.170121
vt 0.540301 0.166853
vt 0.539771 0.173706
vt 0.536730 0.158311
vt 0.453932 0.557392
vt 0.447603 0.546550
vt 0.571472 0.529487
vt 0.559081 0.538588
vt 0.371931 0.339271
vt 0.351921 0.344532
vt 0.339633 0.335508
vt 0.173637 0.288775
vt 0.221814 0.299359
vt 0.171853 0.300940
vt 0.205802 0.738188
vt 0.192190 0.747010
vt 0.188514 0.739400
vt 0.622799 0.526299
vt 0.639661 0.531035
vt 0.604972 0.540667
vt 0.661830 0.503832
vt 0.797839 0.450489
vt 0.799417 0.480327
vt 0.789519 0.465213
vt 0.794108 0.493993
vt 0.784436 0.485197
vt 0.628287 0.710735
vt 0.638711 0.725203
vt 0.615219 0.716924
vt 0.516234 0.688533
vt 0.522002 0.695898
vt 0.422783 0.689201
vt 0.585322 0.180785
vt 0.586832 0.174653
vt 0.597262 0.180487
vt 0.603821 0.209171
vt 0.595764 0.213773
vt 0.589126 0.205350
vt 0.917016 0.828662
vt 0.918356 0.816249
vt 0.932060 0.836102
vt 0.974902 0.223510
vt 0.984123 0.266002
vt 0.941638 0.192572
vt 0.770945 0.744371
vt 0.772265 0.733872
vt 0.805548 0.736429
vt 0.734855 0.750975
vt 0.539982 0.293777
vt 0.556285 0.301899
vt 0.559752 0.313827
vt 0.523202 0.305625
vt 0.573431 0.225118
vt 0.561028 0.227437
vt 0.567520 0.222465
vt 0.601232 0.224500
vt 0.590446 0.231679
vt 0.585108 0.222257
vt 0.400936 0.079190
vt 0.423234 0.069594
vt 0.510497 0.040957
vt 0.548550 0.047563
vt 0.517009 0.052756
vt 0.530667 0.352047
vt 0.533157 0.359092
vt 0.499149 0.356015
vt 0.545114 0.317007
vt 0.535016 0.322407
vt 0.504599 0.305502
vt 0.933751 0.779399
vt 0.919489 0.786877
vt 0.945729 0.761980
vt 0.955835 0.778841
vt 0.953846 0.761751
vt 0.974925 0.767697
vt 0.620777 0.218239
vt 0.617906 0.220755
vt 0.619831 0.215185
vt 0.537628 0.247418
vt 0.560576 0.255229
vt 0.516787 0.249116
vt 0.391028 0.050875
vt 0.402482 0.061066
vt 0.388285 0.064173
vt 0.379916 0.059657
vt 0.766306 0.626514
vt 0.768393 0.634846
vt 0.750161 0.628542
vt 0.747886 0.607863
vt 0.759334 0.592460
vt 0.547780 0.427851
vt 0.509510 0.426025
vt 0.511138 0.455615
vt 0.510645 0.465317
vt 0.478908 0.453733
vt 0.617460 0.474384
vt 0.626484 0.469014
vt 0.624659 0.480034
vt 0.550301 0.492413
vt 0.559830 0.507364
vt 0.542501 0.499516
vt 0.452245 0.382220
vt 0.501706 0.384192
vt 0.497114 0.372325
vt 0.505136 0.376741
vt 0.578890 0.790967
vt 0.613043 0.786000
vt 0.591160 0.800831
vt 0.537078 0.778542
vt 0.533523 0.791826
vt 0.511314 0.780916
vt 0.873200 0.519048
vt 0.867441 0.491607
vt 0.879883 0.515694
vt 0.900954 0.495246
vt 0.920902 0.488933
vt 0.503028 0.242270
vt 0.342230 0.233824
vt 0.400135 0.243863
vt 0.092992 0.227643
vt 0.637580 0.784315
vt 0.636612 0.788038
vt 0.630611 0.787442
vt 0.639421 0.768162
vt 0.656374 0.759485
vt 0.644180 0.774545
vt 0.440904 0.215748
vt 0.456871 0.216873
vt 0.481017 0.221053
vt 0.474752 0.227241
vt 0.438037 0.230258
vt 0.635538 0.131957
vt 0.617784 0.141842
vt 0.606685 0.110557
vt 0.621482 0.101548
vt 0.621296 0.108353
vt 0.407484 0.799673
vt 0.067068 0.857593
vt 0.560747 0.753705
vt 0.538036 0.759218
vt 0.559250 0.746268
vt 0.579254 0.752645
vt 0.569731 0.751273
vt 0.577418 0.744029
vt 0.570783 0.851292
vt 0.581983 0.856362
vt 0.561759 0.865633
vt 0.530137 0.837074
vt 0.536888 0.849965
vt 0.525739 0.858841
vt 0.568083 0.176932
vt 0.563728 0.172797
vt 0.573998 0.161884
vt 0.603678 0.188903
vt 0.578829 0.197645
vt 0.569484 0.180532
vt 0.408046 0.682090
vt 0.448112 0.665346
vt 0.585878 0.830025
vt 0.591792 0.843848
vt 0.568260 0.847273
vt 0.549911 0.192112
vt 0.542593 0.204740
vt 0.521617 0.198197
vt 0.526285 0.192814
vt 0.463222 0.250233
vt 0.497504 0.256178
vt 0.465519 0.258162
vt 0.406626 0.242339
vt 0.408676 0.231984
vt 0.412447 0.238194
vt 0.926016 0.321373
vt 0.962216 0.913249
vt 0.182435 0.157983
vt 0.136329 0.160852
vt 0.139669 0.150151
vt 0.813169 0.447392
vt 0.810218 0.459568
vt 0.802466 0.475678
vt 0.413635 0.667592
vt 0.424694 0.674860
vt 0.416194 0.680979
vt 0.446364 0.680612
vt 0.540307 0.468585
vt 0.549646 0.474288
vt 0.541136 0.476255
vt 0.539196 0.481274
vt 0.547758 0.483527
vt 0.635829 0.214671
vt 0.618240 0.202081
vt 0.610054 0.211636
vt 0.601235 0.202726
vt 0.603415 0.437868
vt 0.515670 0.432771
vt 0.530492 0.449566
vt 0.509264 0.445307
vt 0.480300 0.100091
vt 0.471137 0.092564
vt 0.433280 0.114131
vt 0.411297 0.129083
vt 0.410770 0.109591
vt 0.739693 0.460013
vt 0.723916 0.465961
vt 0.463086 0.732076
vt 0.514086 0.714222
vt 0.507187 0.741282
vt 0.494955 0.759284
vt 0.492329 0.749514
vt 0.220897 0.560946
vt 0.242817 0.549639
vt 0.237814 0.560193
vt 0.228438 0.553622
vt 0.229838 0.147363
vt 0.292073 0.132493
vt 0.311010 0.164534
vt 0.314911 0.177894
vt 0.240694 0.182715
vt 0.349098 0.362859
vt 0.347144 0.369767
vt 0.328850 0.362352
vt 0.308496 0.364555
vt 0.305733 0.359710
vt 0.634362 0.658650
vt 0.603130 0.666935
vt 0.566955 0.663206
vt 0.566011 0.673074
vt 0.574101 0.679490
vt 0.568038 0.686473
vt 0.715131 0.475464
vt 0.704700 0.489841
vt 0.710764 0.471785
vt 0.731127 0.500593
vt 0.714760 0.500189
vt 0.642034 0.802926
vt 0.650436 0.806499
vt 0.640539 0.808610
vt 0.657813 0.794309
vt 0.558528 0.169870
vt 0.563102 0.164019
vt 0.070857 0.836835
vt 0.193108 0.856759
vt 0.126094 0.856292
vt 0.607948 0.084039
vt 0.621826 0.082921
vt 0.616323 0.089022
vt 0.606349 0.090710
vt 0.614882 0.098305
vt 0.598316 0.093317
vt 0.200908 0.153248
vt 0.260595 0.149625
vt 0.301894 0.136453
vt 0.791888 0.749238
vt 0.816259 0.766259
vt 0.521906 0.217201
vt 0.522213 0.209460
vt 0.544382 0.211762
vt 0.514336 0.214535
vt 0.519254 0.221247
vt 0.508568 0.225953
vt 0.149151 0.500132
vt 0.086880 0.507118
vt 0.100993 0.497718
vt 0.468131 0.796396
vt 0.456556 0.803105
vt 0.536573 0.490341
vt 0.535197 0.475541
vt 0.529186 0.484886
vt 0.506400 0.105912
vt 0.533523 0.112973
vt 0.496635 0.115785
vt 0.527239 0.125693
vt 0.537456 0.134359
vt 0.502066 0.134586
vt 0.846411 0.733285
vt 0.865308 0.736828
vt 0.572396 0.292938
vt 0.577717 0.283989
vt 0.304126 0.491176
vt 0.289193 0.480938
vt 0.342643 0.494896
vt 0.612558 0.791060
vt 0.618697 0.784691
vt 0.624756 0.789350
vt 0.604576 0.797355
vt 0.596806 0.597043
vt 0.604815 0.608311
vt 0.065270 0.613432
vt 0.392934 0.744129
vt 0.272501 0.756490
vt 0.286717 0.747516
vt 0.769598 0.394782
vt 0.775352 0.399555
vt 0.761418 0.416313
vt 0.753363 0.132414
vt 0.746700 0.107356
vt 0.448900 0.809040
vt 0.424764 0.814279
vt 0.409729 0.805794
vt 0.349546 0.839169
vt 0.301207 0.849348
vt 0.401950 0.227157
vt 0.368518 0.225842
vt 0.383949 0.213829
vt 0.391064 0.221659
vt 0.803553 0.892958
vt 0.827112 0.888335
vt 0.823591 0.900569
vt 0.774187 0.910212
vt 0.779249 0.902157
vt 0.799554 0.904785
vt 0.550770 0.351311
vt 0.541607 0.348024
vt 0.561353 0.342959
vt 0.589223 0.337190
vt 0.590533 0.329611
vt 0.422497 0.836047
vt 0.422490 0.846440
vt 0.409772 0.836807
vt 0.461193 0.885208
vt 0.449581 0.872738
vt 0.785674 0.892097
vt 0.457069 0.814873
vt 0.469267 0.809513
vt 0.468964 0.819865
vt 0.595213 0.242761
vt 0.613509 0.244954
vt 0.587599 0.254368
vt 0.589565 0.258142
vt 0.620311 0.253216
vt 0.126296 0.304377
vt 0.144363 0.294379
vt 0.829221 0.600862
vt 0.810629 0.603294
vt 0.811799 0.589716
vt 0.621082 0.744189
vt 0.624464 0.747977
vt 0.626829 0.750906
vt 0.622110 0.759663
vt 0.368799 0.739741
vt 0.302647 0.738305
vt 0.408999 0.734406
vt 0.458085 0.738779
vt 0.424361 0.743432
vt 0.610801 0.524777
vt 0.620081 0.512740
vt 0.630009 0.519058
vt 0.867660 0.791173
vt 0.877973 0.828924
vt 0.863855 0.802943
vt 0.819683 0.555836
vt 0.798723 0.549509
vt 0.814814 0.528442
vt 0.804012 0.522664
vt 0.814366 0.516283
vt 0.843505 0.667780
vt 0.811773 0.668615
vt 0.846120 0.662240
vt 0.062757 0.355858
vt 0.295069 0.344457
vt 0.556294 0.328089
vt 0.540669 0.339254
vt 0.544329 0.327225
vt 0.477669 0.348695
vt 0.537521 0.100668
vt 0.525248 0.094630
vt 0.816456 0.414616
vt 0.810768 0.424356
vt 0.797193 0.416181
vt 0.756308 0.434450
vt 0.769007 0.425694
vt 0.773778 0.433004
vt 0.486312 0.336398
vt 0.509985 0.341581
vt 0.480454 0.344837
vt 0.469111 0.323924
vt 0.051613 0.539299
vt 0.055276 0.514938
vt 0.062826 0.525688
vt 0.203254 0.502461
vt 0.119405 0.515650
vt 0.116693 0.507544
vt 0.271071 0.296278
vt 0.460296 0.505219
vt 0.481261 0.509870
vt 0.460305 0.513417
vt 0.434407 0.488319
vt 0.447549 0.497096
vt 0.633296 0.855220
vt 0.643294 0.862016
vt 0.670361 0.807887
vt 0.468222 0.239472
vt 0.465894 0.232607
vt 0.501492 0.222728
vt 0.561617 0.333945
vt 0.547154 0.341471
vt 0.570126 0.322502
vt 0.565748 0.305836
vt 0.285910 0.326586
vt 0.317865 0.332563
vt 0.353452 0.323718
vt 0.514698 0.735601
vt 0.513178 0.758407
vt 0.420811 0.042101
vt 0.494206 0.043687
vt 0.629216 0.164698
vt 0.623351 0.169381
vt 0.620764 0.162426
vt 0.618331 0.158559
vt 0.766710 0.558426
vt 0.773618 0.530523
vt 0.793333 0.535111
vt 0.459795 0.107237
vt 0.338540 0.314449
vt 0.345341 0.321229
vt 0.286455 0.322256
vt 0.368315 0.330434
vt 0.395414 0.321779
vt 0.397356 0.330140
vt 0.582998 0.486194
vt 0.596226 0.493780
vt 0.585168 0.496073
vt 0.633945 0.502607
vt 0.185446 0.847518
vt 0.142729 0.850470
vt 0.137003 0.840443
vt 0.077655 0.840408
vt 0.086718 0.848630
vt 0.073854 0.852410
vt 0.697542 0.886519
vt 0.719778 0.879955
vt 0.685815 0.662039
vt 0.666770 0.664909
vt 0.394906 0.121443
vt 0.443852 0.163322
vt 0.265723 0.552207
vt 0.303235 0.551865
vt 0.264470 0.563828
vt 0.384495 0.531886
vt 0.365422 0.534668
vt 0.195900 0.818833
vt 0.089442 0.824675
vt 0.129460 0.829425
vt 0.133985 0.836418
vt 0.112021 0.838807
vt 0.495824 0.887042
vt 0.490775 0.899313
vt 0.479388 0.875911
vt 0.471966 0.852162
vt 0.481881 0.867907
vt 0.070776 0.174953
vt 0.103709 0.168023
vt 0.124970 0.179039
vt 0.816423 0.487423
vt 0.500521 0.468033
vt 0.486900 0.472669
vt 0.489736 0.480313
vt 0.494435 0.872412
vt 0.541144 0.867194
vt 0.796978 0.653473
vt 0.765951 0.653632
vt 0.738920 0.629752
vt 0.962723 0.145529
vt 0.583836 0.548212
vt 0.617795 0.554421
vt 0.569307 0.559643
vt 0.509073 0.508437
vt 0.509870 0.522950
vt 0.498455 0.506363
vt 0.517592 0.484558
vt 0.546781 0.081228
vt 0.550346 0.084032
vt 0.563019 0.070653
vt 0.559955 0.081918
vt 0.553566 0.082397
vt 0.604640 0.237654
vt 0.590334 0.238344
vt 0.586919 0.152940
vt 0.602099 0.156920
vt 0.577090 0.151642
vt 0.569200 0.144596
vt 0.575408 0.226811
vt 0.578008 0.229742
vt 0.573159 0.230339
vt 0.576776 0.236470
vt 0.564749 0.238443
vt 0.570541 0.233235
vt 0.374527 0.311943
vt 0.407194 0.314952
vt 0.395614 0.318451
vt 0.374990 0.307615
vt 0.161035 0.166541
vt 0.290102 0.153387
vt 0.246226 0.174492
vt 0.237953 0.164858
vt 0.563927 0.199355
vt 0.458968 0.849206
vt 0.444640 0.845872
vt 0.437866 0.852887
vt 0.551608 0.081918
vt 0.552616 0.075153
vt 0.552683 0.055410
vt 0.523650 0.059148
vt 0.541100 0.128114
vt 0.560387 0.134802
vt 0.553431 0.139041
vt 0.573466 0.141518
vt 0.224738 0.826176
vt 0.260547 0.840654
vt 0.229779 0.838845
vt 0.184918 0.828883
vt 0.197478 0.836903
vt 0.616645 0.327068
vt 0.425305 0.670529
vt 0.543118 0.653810
vt 0.532713 0.661590
vt 0.463161 0.662920
vt 0.549669 0.379529
vt 0.575414 0.369701
vt 0.548695 0.369722
vt 0.572449 0.648514
vt 0.459088 0.655297
vt 0.436035 0.654629
vt 0.573250 0.540224
vt 0.557785 0.545669
vt 0.571689 0.549713
vt 0.895480 0.541547
vt 0.889306 0.542334
vt 0.731394 0.179534
vt 0.782466 0.453554
vt 0.766778 0.481405
vt 0.783607 0.501937
vt 0.579619 0.340645
vt 0.570752 0.348881
vt 0.578587 0.350979
vt 0.588666 0.342847
vt 0.585010 0.354531
vt 0.401144 0.333791
vt 0.401937 0.341953
vt 0.581461 0.862008
vt 0.590330 0.868629
vt 0.622802 0.848484
vt 0.611446 0.846767
vt 0.610967 0.839597
vt 0.292231 0.547148
vt 0.252172 0.546785
vt 0.267311 0.543780
vt 0.250322 0.551076
vt 0.611022 0.441346
vt 0.622347 0.437885
vt 0.619179 0.451961
vt 0.658624 0.415476
vt 0.656388 0.455442
vt 0.648318 0.455533
vt 0.507035 0.334187
vt 0.475656 0.312773
vt 0.489921 0.318784
vt 0.478882 0.323865
vt 0.939052 0.789878
vt 0.933997 0.801921
vt 0.948339 0.796444
vt 0.954037 0.815416
vt 0.607385 0.126577
vt 0.593939 0.129729
vt 0.591644 0.115022
vt 0.633783 0.455859
vt 0.648607 0.469083
vt 0.668452 0.675336
vt 0.661140 0.670218
vt 0.664385 0.666719
vt 0.649709 0.665091
vt 0.633499 0.665390
vt 0.313139 0.119804
vt 0.442360 0.515891
vt 0.461050 0.531007
vt 0.441864 0.537291
vt 0.950265 0.904788
vt 0.953976 0.892106
vt 0.915119 0.846183
vt 0.921011 0.846842
vt 0.928335 0.876521
vt 0.488475 0.185342
vt 0.490749 0.179615
vt 0.474696 0.178643
vt 0.460510 0.185163
vt 0.458482 0.174342
vt 0.662443 0.662477
vt 0.803470 0.434466
vt 0.780436 0.444477
vt 0.943774 0.846573
vt 0.954499 0.872181
vt 0.574945 0.214744
vt 0.576160 0.224387
vt 0.565514 0.216256
vt 0.580025 0.227971
vt 0.794265 0.440584
vt 0.592282 0.478051
vt 0.593304 0.486150
vt 0.575605 0.461525
vt 0.562710 0.472398
vt 0.552422 0.467011
vt 0.980714 0.958036
vt 0.984938 0.949371
vt 0.996270 0.963301
vt 0.022552 0.659479
vt 0.033254 0.653218
vt 0.038952 0.673114
vt 0.304606 0.561088
vt 0.413808 0.543301
vt 0.391724 0.553025
vt 0.421035 0.203464
vt 0.400625 0.201642
vt 0.425119 0.196548
vt 0.420882 0.210229
vt 0.417107 0.220439
vt 0.397769 0.214164
vt 0.578820 0.797409
vt 0.561861 0.794587
vt 0.519679 0.817742
vt 0.496959 0.819898
vt 0.574093 0.502297
vt 0.577863 0.490240
vt 0.590806 0.510966
vt 0.602587 0.507927
vt 0.598940 0.516115
vt 0.399131 0.542428
vt 0.415252 0.533115
vt 0.397701 0.535972
vt 0.490148 0.326400
vt 0.502520 0.331138
vt 0.536441 0.333343
vt 0.525142 0.334916
vt 0.536889 0.669554
vt 0.545397 0.685980
vt 0.544796 0.698436
vt 0.529671 0.688464
vt 0.562931 0.692826
vt 0.408217 0.858345
vt 0.436193 0.864220
vt 0.597791 0.168199
vt 0.581149 0.174734
vt 0.586827 0.168965
vt 0.432705 0.125673
vt 0.443890 0.134585
vt 0.424110 0.137568
vt 0.508278 0.149386
vt 0.492116 0.145588
vt 0.508409 0.321914
vt 0.532143 0.328496
vt 0.521834 0.332125
vt 0.510659 0.315013
vt 0.333700 0.359818
vt 0.330505 0.349947
vt 0.335589 0.353148
vt 0.351736 0.355845
vt 0.657424 0.551091
vt 0.649026 0.540022
vt 0.616774 0.545210
vt 0.488021 0.512013
vt 0.486289 0.516397
vt 0.474779 0.516539
vt 0.624529 0.282462
vt 0.634531 0.288321
vt 0.482108 0.131877
vt 0.497935 0.139601
vt 0.503338 0.126746
vt 0.497837 0.519315
vt 0.475382 0.524056
vt 0.483257 0.532026
vt 0.431737 0.454971
vt 0.404829 0.454911
vt 0.471421 0.068265
vt 0.440788 0.077228
vt 0.474089 0.064311
vt 0.444183 0.060624
vt 0.642876 0.779063
vt 0.634838 0.780792
vt 0.632120 0.776031
vt 0.627620 0.784234
vt 0.410571 0.476014
vt 0.414693 0.490134
vt 0.395119 0.484275
vt 0.378319 0.460600
vt 0.406016 0.467459
vt 0.373905 0.473445
vt 0.531250 0.682888
vt 0.520153 0.681456
vt 0.495531 0.532980
vt 0.506366 0.538471
vt 0.487040 0.536134
vt 0.486099 0.524296
vt 0.314731 0.346617
vt 0.322566 0.356273
vt 0.300101 0.350510
vt 0.770889 0.459143
vt 0.755936 0.449818
vt 0.624487 0.175452
vt 0.905408 0.834225
vt 0.398635 0.043020
vt 0.424024 0.055593
vt 0.405514 0.057799
vt 0.336421 0.142759
vt 0.307388 0.146721
vt 0.938620 0.507772
vt 0.949031 0.508448
vt 0.920400 0.520529
vt 0.921629 0.511913
vt 0.748755 0.567432
vt 0.729682 0.546804
vt 0.891970 0.019635
vt 0.555618 0.242574
vt 0.583866 0.245958
vt 0.575420 0.241085
vt 0.095527 0.866919
vt 0.309466 0.373938
vt 0.300745 0.375319
vt 0.302358 0.367049
vt 0.338732 0.372883
vt 0.308023 0.368470
vt 0.762230 0.575039
vt 0.754218 0.573502
vt 0.761838 0.564582
vt 0.112616 0.844804
vt 0.098095 0.851037
vt 0.118006 0.851214
vt 0.097040 0.857342
vt 0.424174 0.322415
vt 0.419884 0.331936
vt 0.411928 0.324018
vt 0.503945 0.729829
vt 0.643931 0.526106
vt 0.647935 0.517217
vt 0.571876 0.227776
vt 0.560364 0.232231
vt 0.405121 0.253133
vt 0.069843 0.241843
vt 0.424034 0.247941
vt 0.413334 0.251741
vt 0.414418 0.244160
vt 0.770723 0.568604
vt 0.769941 0.583368
vt 0.647629 0.105659
vt 0.641976 0.125415
vt 0.624946 0.124410
vt 0.632451 0.107952
vt 0.516861 0.514169
vt 0.530757 0.511754
vt 0.527371 0.520398
vt 0.511073 0.494752
vt 0.526873 0.492425
vt 0.512733 0.500278
vt 0.210611 0.850273
vt 0.564511 0.701586
vt 0.556663 0.709366
vt 0.874652 0.490220
vt 0.877189 0.475008
vt 0.885835 0.479393
vt 0.881790 0.460514
vt 0.893143 0.456891
vt 0.416779 0.241162
vt 0.419327 0.234543
vt 0.414649 0.237481
vt 0.415344 0.224780
vt 0.517683 0.506592
vt 0.527666 0.499087
vt 0.404178 0.287711
vt 0.623240 0.766092
vt 0.598692 0.769747
vt 0.599588 0.760476
vt 0.610114 0.763167
vt 0.472347 0.302052
vt 0.425503 0.301119
vt 0.465234 0.291589
vt 0.420779 0.059688
vt 0.407591 0.062825
vt 0.401622 0.065953
vt 0.530906 0.881601
vt 0.630241 0.772182
vt 0.626633 0.769473
vt 0.638299 0.763745
vt 0.636658 0.774775
vt 0.435562 0.237044
vt 0.420088 0.238217
vt 0.414578 0.239368
vt 0.794480 0.376838
vt 0.808370 0.376522
vt 0.549121 0.119462
vt 0.567072 0.837867
vt 0.551314 0.831473
vt 0.560161 0.829192
vt 0.525272 0.800468
vt 0.531046 0.807455
vt 0.429850 0.242967
vt 0.637115 0.332561
vt 0.907423 0.554288
vt 0.912588 0.550590
vt 0.531995 0.139570
vt 0.542382 0.144906
vt 0.552261 0.156157
vt 0.547879 0.798341
vt 0.571248 0.804133
vt 0.556751 0.806296
vt 0.553501 0.825378
vt 0.547781 0.815543
vt 0.560085 0.818491
vt 0.093993 0.265847
vt 0.171039 0.279137
vt 0.088053 0.282426
vt 0.090312 0.269952
vt 0.611368 0.752059
vt 0.589890 0.753344
vt 0.575117 0.817757
vt 0.570534 0.823242
vt 0.578355 0.825242
vt 0.569694 0.828916
vt 0.587745 0.092383
vt 0.592141 0.085064
vt 0.595066 0.100320
vt 0.582294 0.071684
vt 0.577020 0.075837
vt 0.566171 0.067997
vt 0.178529 0.268977
vt 0.213962 0.274392
vt 0.453401 0.370794
vt 0.450648 0.378510
vt 0.491144 0.377276
vt 0.592892 0.808182
vt 0.576126 0.808117
vt 0.563038 0.810580
vt 0.584150 0.539585
vt 0.584471 0.519255
vt 0.602423 0.521934
vt 0.444292 0.504279
vt 0.421595 0.516810
vt 0.427795 0.501968
vt 0.419467 0.508743
vt 0.410515 0.506673
vt 0.408430 0.495625
vt 0.661964 0.712377
vt 0.797491 0.605464
vt 0.805308 0.624212
vt 0.746035 0.756170
vt 0.725791 0.770929
vt 0.494741 0.365488
vt 0.465679 0.375993
vt 0.475839 0.356676
vt 0.485665 0.486519
vt 0.481785 0.492724
vt 0.473704 0.485446
vt 0.502257 0.499408
vt 0.493308 0.498101
vt 0.496141 0.494540
vt 0.655737 0.725272
vt 0.610014 0.724364
vt 0.608984 0.732618
vt 0.827054 0.588571
vt 0.820770 0.579601
vt 0.902825 0.418850
vt 0.918254 0.414211
vt 0.929242 0.379945
vt 0.945898 0.389598
vt 0.561952 0.482751
vt 0.574877 0.484504
vt 0.568631 0.490974
vt 0.575895 0.475363
vt 0.068719 0.461907
vt 0.220934 0.461945
vt 0.089592 0.473185
vt 0.544237 0.839896
vt 0.895294 0.400834
vt 0.888092 0.377828
vt 0.776922 0.340917
vt 0.773202 0.313374
vt 0.887807 0.402439
vt 0.885967 0.383846
vt 0.885689 0.434256
vt 0.873893 0.465667
vt 0.881596 0.427346
vt 0.769391 0.495113
vt 0.445120 0.347338
vt 0.448749 0.355455
vt 0.456053 0.337681
vt 0.426897 0.340888
vt 0.060313 0.816210
vt 0.951280 0.532344
vt 0.549997 0.435159
vt 0.563513 0.440439
vt 0.564606 0.448883
vt 0.586246 0.817888
vt 0.576583 0.812468
vt 0.571520 0.824947
vt 0.497620 0.078315
vt 0.537443 0.075206
vt 0.474282 0.497503
vt 0.476841 0.505233
vt 0.282714 0.313155
vt 0.236026 0.318715
vt 0.552365 0.789441
vt 0.561839 0.789620
vt 0.565277 0.784783
vt 0.549734 0.784452
vt 0.556456 0.778676
vt 0.946411 0.827015
vt 0.078722 0.134491
vt 0.415008 0.356554
vt 0.413787 0.364991
vt 0.469264 0.434459
vt 0.462637 0.437492
vt 0.496602 0.435709
vt 0.402919 0.192533
vt 0.408277 0.183291
vt 0.389306 0.370053
vt 0.446975 0.363062
vt 0.768191 0.511962
vt 0.751216 0.513299
vt 0.721833 0.510368
vt 0.583800 0.239533
vt 0.665907 0.747876
vt 0.657885 0.751724
vt 0.651492 0.744706
vt 0.647255 0.755767
vt 0.408471 0.362546
vt 0.415686 0.351585
vt 0.408909 0.345574
vt 0.485278 0.156456
vt 0.513664 0.166411
vt 0.528013 0.161517
vt 0.406545 0.067094
vt 0.419232 0.065387
vt 0.636418 0.484423
vt 0.629057 0.485558
vt 0.622268 0.503521
vt 0.619435 0.497653
vt 0.630553 0.497415
vt 0.766353 0.887546
vt 0.774684 0.875073
vt 0.089810 0.031448
vt 0.050357 0.033583
vt 0.039745 0.077072
vt 0.038917 0.045586
vt 0.525000 0.203142
vt 0.506342 0.201812
vt 0.498737 0.206410
vt 0.604297 0.474123
vt 0.615506 0.484838
vt 0.612291 0.491937
vt 0.625790 0.493636
vt 0.617378 0.494645
vt 0.622966 0.488059
vt 0.804716 0.916115
vt 0.785761 0.941141
vt 0.784544 0.917755
vt 0.756638 0.934499
vt 0.049908 0.637614
vt 0.030058 0.632164
vt 0.222625 0.304477
vt 0.087733 0.320292
vt 0.180673 0.313314
vt 0.251117 0.556199
vt 0.247821 0.566186
vt 0.244335 0.541719
vt 0.229892 0.539705
vt 0.247478 0.528780
vt 0.274613 0.534402
vt 0.255612 0.536609
vt 0.468586 0.426885
vt 0.481476 0.425535
vt 0.468579 0.432823
vt 0.494991 0.429969
vt 0.590623 0.472244
vt 0.614829 0.462222
vt 0.819360 0.546029
vt 0.444363 0.053659
vt 0.465995 0.046301
vt 0.469452 0.056121
vt 0.432308 0.063613
vt 0.476776 0.419807
vt 0.240183 0.524105
vt 0.477313 0.200928
vt 0.465463 0.200351
vt 0.452175 0.190818
vt 0.263773 0.514090
vt 0.707339 0.288982
vt 0.870318 0.481147
vt 0.607202 0.318077
vt 0.612501 0.322841
vt 0.603149 0.324822
vt 0.604913 0.309049
vt 0.629392 0.300680
vt 0.617259 0.309907
vt 0.732628 0.618272
vt 0.729773 0.622377
vt 0.723708 0.588641
vt 0.065634 0.184738
vt 0.818692 0.501188
vt 0.795685 0.504183
vt 0.646649 0.056810
vt 0.631419 0.073724
vt 0.629198 0.080348
vt 0.623797 0.182616
vt 0.599872 0.199190
vt 0.821301 0.660286
vt 0.796339 0.668811
vt 0.610806 0.772343
vt 0.605368 0.775577
vt 0.548631 0.028474
vt 0.552821 0.900623
vt 0.519285 0.458725
vt 0.561806 0.456052
vt 0.549646 0.455305
vt 0.036646 0.607718
vt 0.831132 0.616183
vt 0.834090 0.604337
vt 0.571423 0.700133
vt 0.593755 0.707477
vt 0.572597 0.711892
vt 0.616937 0.699903
vt 0.616111 0.212853
vt 0.616659 0.217248
vt 0.610388 0.216534
vt 0.928974 0.851150
vt 0.935228 0.877632
vt 0.562135 0.211126
vt 0.472435 0.893408
vt 0.484227 0.031458
vt 0.753923 0.423112
vt 0.942571 0.903788
vt 0.963707 0.942950
vt 0.960055 0.930657
vt 0.457908 0.494024
vt 0.695219 0.854093
vt 0.727365 0.839158
vt 0.732972 0.837774
vt 0.651867 0.770895
vt 0.556245 0.144247
vt 0.653004 0.395595
vt 0.619077 0.418997
vt 0.637452 0.423191
vt 0.628289 0.430394
vt 0.780846 0.474963
vt 0.963850 0.887476
vt 0.383577 0.141371
vt 0.408982 0.141288
vt 0.396823 0.147294
vt 0.426850 0.222497
vt 0.439708 0.207753
vt 0.572660 0.089669
vt 0.572881 0.094053
vt 0.561747 0.091387
vt 0.583698 0.108746
vt 0.573537 0.107792
vt 0.564513 0.100824
vt 0.888103 0.498077
vt 0.036124 0.367168
vt 0.044877 0.388643
vt 0.325982 0.214984
vt 0.330686 0.200948
vt 0.336023 0.210274
vt 0.360684 0.216322
vt 0.349111 0.217984
vt 0.347897 0.212977
vt 0.561472 0.105284
vt 0.510721 0.101475
vt 0.446026 0.145412
vt 0.428063 0.142230
vt 0.449796 0.139710
vt 0.424507 0.151111
vt 0.896441 0.483725
vt 0.901114 0.506070
vt 0.709930 0.499987
vt 0.700534 0.554742
vt 0.699663 0.527344
vt 0.710363 0.539232
vt 0.650194 0.777143
vt 0.391940 0.513957
vt 0.407011 0.505936
vt 0.436013 0.155411
vt 0.429088 0.159461
vt 0.872013 0.750651
vt 0.853915 0.751136
vt 0.821238 0.756068
vt 0.823058 0.747266
vt 0.513411 0.553734
vt 0.506469 0.544050
vt 0.531728 0.553801
vt 0.409029 0.149035
vt 0.420847 0.158147
vt 0.403722 0.156697
vt 0.580409 0.357989
vt 0.580328 0.365688
vt 0.573456 0.357928
vt 0.599717 0.362672
vt 0.587479 0.357958
vt 0.326144 0.538667
vt 0.328780 0.546242
vt 0.609805 0.370048
vt 0.768181 0.770935
vt 0.791158 0.769803
vt 0.802730 0.756681
vt 0.379967 0.116499
vt 0.339917 0.539195
vt 0.341688 0.546256
vt 0.354974 0.542530
vt 0.342334 0.556264
vt 0.636680 0.304049
vt 0.733976 0.577743
vt 0.718918 0.580186
vt 0.929584 0.001880
vt 0.580473 0.161364
vt 0.579421 0.168819
vt 0.518802 0.747861
vt 0.530823 0.751760
vt 0.336301 0.213484
vt 0.338658 0.218721
vt 0.442140 0.310994
vt 0.454853 0.306930
vt 0.654602 0.536049
vt 0.626703 0.149574
vt 0.621040 0.157506
vt 0.618498 0.152234
vt 0.433212 0.842142
vt 0.661264 0.758133
vt 0.553873 0.359546
vt 0.567580 0.357723
vt 0.181469 0.481865
vt 0.058275 0.491358
vt 0.086401 0.495111
vt 0.058460 0.505390
vt 0.489211 0.716898
vt 0.333058 0.727256
vt 0.378784 0.481134
vt 0.341598 0.489213
vt 0.342578 0.480106
vt 0.337456 0.462736
vt 0.341393 0.472572
vt 0.318001 0.482249
vt 0.318694 0.487318
vt 0.306442 0.497386
vt 0.283344 0.505180
vt 0.475470 0.103232
vt 0.467341 0.112482
vt 0.467352 0.102304
vt 0.482260 0.108232
vt 0.492440 0.107831
vt 0.486345 0.118098
vt 0.716623 0.521253
vt 0.418381 0.828003
vt 0.419513 0.822535
vt 0.437050 0.828689
vt 0.453798 0.837372
vt 0.429648 0.833647
vt 0.474205 0.329505
vt 0.467367 0.338443
vt 0.663705 0.799192
vt 0.670803 0.802200
vt 0.992799 0.871080
vt 0.087305 0.560969
vt 0.603939 0.345959
vt 0.602193 0.335946
vt 0.324865 0.473591
vt 0.469000 0.118720
vt 0.452120 0.117746
vt 0.493854 0.125136
vt 0.267584 0.461719
vt 0.243189 0.468798
vt 0.269399 0.467813
vt 0.235288 0.477641
vt 0.404074 0.827162
vt 0.415870 0.824349
vt 0.622648 0.769974
vt 0.625095 0.774083
vt 0.617254 0.771312
vt 0.616846 0.763896
vt 0.494639 0.763983
vt 0.502252 0.766905
vt 0.411100 0.816621
vt 0.111918 0.744696
vt 0.146170 0.749988
vt 0.181014 0.755489
vt 0.437218 0.245968
vt 0.435706 0.251994
vt 0.466334 0.245277
vt 0.107027 0.734771
vt 0.188342 0.731908
vt 0.212974 0.725129
vt 0.111050 0.727182
vt 0.509210 0.769677
vt 0.521428 0.766144
vt 0.499755 0.782006
vt 0.492966 0.774087
vt 0.501358 0.771416
vt 0.568522 0.507692
vt 0.571031 0.520970
vt 0.560843 0.516538
vt 0.443997 0.200578
vt 0.477904 0.205352
vt 0.089338 0.857135
vt 0.572669 0.066320
vt 0.548294 0.069599
vt 0.562141 0.063650
vt 0.458628 0.134627
vt 0.354025 0.347880
vt 0.344312 0.363520
vt 0.339082 0.356064
vt 0.810739 0.343421
vt 0.893097 0.367779
vt 0.082042 0.861202
vt 0.067735 0.022972
vt 0.981213 0.105571
vt 0.784646 0.673448
vt 0.767025 0.660195
vt 0.905115 0.356835
vt 0.888703 0.360940
vt 0.881835 0.374280
vt 0.882739 0.402754
vt 0.562769 0.498219
vt 0.674524 0.779727
vt 0.678598 0.804020
vt 0.666116 0.820825
vt 0.685815 0.813828
vt 0.498290 0.176199
vt 0.035137 0.878446
vt 0.022708 0.870499
vt 0.552409 0.083454
vt 0.331438 0.169662
vt 0.645176 0.795335
vt 0.656686 0.792042
vt 0.653820 0.794684
vt 0.655141 0.797876
vt 0.640926 0.796352
vt 0.647821 0.798748
vt 0.636705 0.793629
vt 0.647637 0.303833
vt 0.642068 0.297198
vt 0.670232 0.288934
vt 0.640235 0.291748
vt 0.633373 0.282077
vt 0.211079 0.693751
vt 0.534972 0.468541
vt 0.537602 0.460282
vt 0.535520 0.453004
vt 0.541292 0.457497
vt 0.563932 0.097702
vt 0.378337 0.489956
vt 0.120726 0.776786
vt 0.114784 0.765280
vt 0.158058 0.764387
vt 0.099719 0.751710
vt 0.156753 0.757935
vt 0.056217 0.760811
vt 0.385178 0.540110
vt 0.486462 0.505521
vt 0.499896 0.513605
vt 0.577056 0.308328
vt 0.574069 0.311335
vt 0.578587 0.081436
vt 0.584646 0.079832
vt 0.589904 0.073258
vt 0.586486 0.078001
vt 0.197439 0.513045
vt 0.222952 0.512343
vt 0.525625 0.299231
vt 0.524010 0.824789
vt 0.532826 0.811163
vt 0.536382 0.816272
vt 0.542229 0.827529
vt 0.059550 0.779594
vt 0.589836 0.128481
vt 0.592837 0.125067
vt 0.532752 0.745904
vt 0.558752 0.741933
vt 0.394203 0.299107
vt 0.481146 0.104147
vt 0.490108 0.100278
vt 0.478170 0.107200
vt 0.652276 0.370697
vt 0.483088 0.874222
vt 0.925267 0.357308
vt 0.961783 0.392858
vt 0.952880 0.386445
vt 0.013068 0.651185
vt 0.491305 0.103820
vt 0.750612 0.896552
vt 0.765544 0.895422
vt 0.750334 0.884949
vt 0.610675 0.687469
vt 0.606888 0.698071
vt 0.588028 0.689046
vt 0.524591 0.347996
vt 0.483035 0.520188
vt 0.487924 0.520773
vt 0.498537 0.525912
vt 0.510654 0.490425
vt 0.503192 0.478765
vt 0.616092 0.835691
vt 0.622769 0.822221
vt 0.390679 0.171918
vt 0.365187 0.161438
vt 0.387019 0.153283
vt 0.627511 0.321086
vt 0.628107 0.326442
vt 0.622728 0.326202
vt 0.631505 0.308570
vt 0.628482 0.313971
vt 0.502754 0.488060
vt 0.498839 0.492072
vt 0.502956 0.495857
vt 0.823152 0.279979
vt 0.011804 0.665863
vt 0.001880 0.659545
vt 0.652737 0.779912
vt 0.656870 0.778803
vt 0.577549 0.674950
vt 0.596000 0.682647
vt 0.864474 0.002056
vt 0.561343 0.770308
vt 0.572071 0.755142
vt 0.575948 0.758942
vt 0.362461 0.208400
vt 0.382439 0.205249
vt 0.573571 0.667470
vt 0.604900 0.678925
vt 0.648215 0.843326
vt 0.612424 0.849933
vt 0.607204 0.862080
vt 0.615416 0.314605
vt 0.176624 0.146875
vt 0.118193 0.149771
vt 0.213948 0.139061
vt 0.594213 0.748690
vt 0.599856 0.744871
vt 0.596835 0.752376
vt 0.636145 0.467786
vt 0.656802 0.471703
vt 0.515108 0.846767
vt 0.510300 0.880272
vt 0.503606 0.850266
vt 0.930157 0.368362
vt 0.914811 0.356259
vt 0.753249 0.474555
vt 0.756817 0.497925
vt 0.518017 0.803748
vt 0.600052 0.219028
vt 0.603747 0.215190
vt 0.394510 0.072830
vt 0.382359 0.072189
vt 0.420399 0.001880
vt 0.620390 0.672833
vt 0.641971 0.677923
vt 0.622373 0.680471
vt 0.971683 0.740790
vt 0.974771 0.755790
vt 0.082089 0.425296
vt 0.582696 0.218475
vt 0.590090 0.457555
vt 0.639458 0.671984
vt 0.636975 0.444741
vt 0.643658 0.446332
vt 0.639870 0.437627
vt 0.649445 0.429503
vt 0.464455 0.828316
vt 0.449256 0.824627
vt 0.062584 0.411730
vt 0.033542 0.427198
vt 0.897348 0.466334
vt 0.903743 0.455774
vt 0.552492 0.838130
vt 0.551447 0.846016
vt 0.656591 0.788575
vt 0.023993 0.346546
vt 0.795934 0.424710
vt 0.513597 0.234463
vt 0.478362 0.231150
vt 0.498709 0.233475
vt 0.568512 0.825909
vt 0.580705 0.147332
vt 0.600760 0.146157
vt 0.586435 0.143672
vt 0.323848 0.458273
vt 0.916005 0.501171
vt 0.933679 0.499440
vt 0.060938 0.768241
vt 0.809189 0.572963
vt 0.584465 0.140599
vt 0.117338 0.492414
vt 0.158136 0.488268
vt 0.556756 0.854202
vt 0.546045 0.849564
vt 0.545279 0.855968
vt 0.946709 0.755284
vt 0.615249 0.154626
vt 0.552158 0.460733
vt 0.542850 0.459840
vt 0.721538 0.808571
vt 0.729714 0.820829
vt 0.966404 0.782459
vt 0.347909 0.309589
vt 0.869457 0.767245
vt 0.603275 0.152245
vt 0.543785 0.710145
vt 0.586846 0.148319
vt 0.611726 0.831109
vt 0.602430 0.839229
vt 0.593281 0.831572
vt 0.600503 0.836366
vt 0.490868 0.228479
vt 0.328716 0.332700
vt 0.574956 0.785763
vt 0.322594 0.339735
vt 0.407672 0.509838
vt 0.409351 0.522016
vt 0.382711 0.504199
vt 0.575518 0.062058
vt 0.582846 0.066689
vt 0.568049 0.064554
vt 0.378268 0.810903
vt 0.871954 0.876796
vt 0.336979 0.352255
vt 0.356259 0.351916
vt 0.536887 0.543092
vt 0.246633 0.546199
vt 0.246199 0.553779
vt 0.568294 0.054836
vt 0.570043 0.060272
vt 0.893732 0.870370
vt 0.889135 0.879501
vt 0.881734 0.893756
vt 0.643907 0.536171
vt 0.336586 0.351581
vt 0.335961 0.352194
vt 0.334506 0.344086
vt 0.853248 0.358863
vt 0.435854 0.149769
vt 0.465049 0.155266
vt 0.469086 0.434315
vt 0.483296 0.436185
vt 0.469432 0.434472
vt 0.483591 0.363686
vt 0.576907 0.232484
vt 0.583033 0.231856
vt 0.582469 0.235563
vt 0.758988 0.409193
vt 0.418481 0.653311
vt 0.423769 0.657750
vt 0.428905 0.667499
vt 0.397867 0.530118
vt 0.397153 0.525433
vt 0.469406 0.434319
vt 0.469254 0.434296
vt 0.470024 0.433470
vt 0.629742 0.101633
vt 0.629364 0.090583
vt 0.650649 0.732505
vt 0.656566 0.735156
vt 0.615625 0.092889
vt 0.564342 0.434594
vt 0.348628 0.225934
vt 0.497006 0.494033
vt 0.496859 0.487565
vt 0.496146 0.492093
vt 0.490375 0.492879
vt 0.610332 0.823954
vt 0.619901 0.829841
vt 0.235130 0.737925
vt 0.264989 0.742656
vt 0.214510 0.728116
vt 0.309380 0.727585
vt 0.134352 0.287314
vt 0.083203 0.298586
vt 0.477542 0.474585
vt 0.536170 0.079237
vt 0.570243 0.206670
vt 0.554433 0.205957
vt 0.602935 0.842013
vt 0.604650 0.849415
vt 0.783590 0.519721
vt 0.092224 0.841005
vt 0.621977 0.224607
vt 0.625853 0.243377
vt 0.618714 0.231259
vt 0.611933 0.231926
vt 0.455256 0.523294
vt 0.433728 0.526825
vt 0.942564 0.016877
vt 0.704619 0.558643
vt 0.451739 0.767330
vt 0.116844 0.782793
vt 0.179999 0.762023
vt 0.215113 0.768781
vt 0.179818 0.774268
vt 0.598735 0.233090
vt 0.095571 0.846501
vt 0.091657 0.852150
vt 0.951773 0.930231
vt 0.833636 0.299472
vt 0.477514 0.116457
vt 0.463662 0.124069
vt 0.483290 0.125081
vt 0.262557 0.766993
vt 0.246327 0.767778
vt 0.520841 0.744622
vt 0.086190 0.095001
vt 0.248375 0.750179
vt 0.222989 0.754441
vt 0.212418 0.760821
vt 0.625431 0.158843
vt 0.435017 0.291902
vt 0.622116 0.323899
vt 0.619754 0.319766
vt 0.624910 0.319224
vt 0.575933 0.480402
vt 0.846178 0.889094
vt 0.500823 0.559829
vt 0.625587 0.793923
vt 0.617694 0.795011
vt 0.628444 0.792578
vt 0.551108 0.317916
vt 0.633769 0.083280
vt 0.630556 0.085803
vt 0.636472 0.087724
vt 0.557977 0.448258
vt 0.546210 0.449984
vt 0.540675 0.445760
vt 0.772678 0.724169
vt 0.780898 0.606710
vt 0.807441 0.634398
vt 0.780573 0.628199
vt 0.966995 0.929008
vt 0.984427 0.931509
vt 0.612015 0.150559
vt 0.714363 0.787366
vt 0.552073 0.212151
vt 0.586865 0.145886
vt 0.601370 0.148718
vt 0.404663 0.064376
vt 0.600578 0.116300
vt 0.522177 0.748177
vt 0.520854 0.750436
vt 0.467616 0.078152
vt 0.413857 0.167869
vt 0.421267 0.162187
vt 0.397279 0.166799
vt 0.664179 0.447488
vt 0.668629 0.497437
vt 0.594595 0.735479
vt 0.594451 0.739918
vt 0.576016 0.738562
vt 0.507191 0.156227
vt 0.843432 0.754520
vt 0.940062 0.861110
vt 0.945389 0.880700
vt 0.438856 0.751774
vt 0.200627 0.179912
vt 0.171079 0.170946
vt 0.123220 0.167018
vt 0.578757 0.732909
vt 0.599965 0.731219
vt 0.579538 0.729236
vt 0.768527 0.755807
vt 0.458620 0.752187
vt 0.459074 0.745507
vt 0.160621 0.179659
vt 0.660193 0.366559
vt 0.654666 0.318774
vt 0.125252 0.823882
vt 0.107467 0.830411
vt 0.550497 0.731065
vt 0.577360 0.723142
vt 0.657109 0.672829
vt 0.176374 0.836259
vt 0.210937 0.843644
vt 0.760633 0.441694
vt 0.562898 0.773239
vt 0.561846 0.778197
vt 0.565528 0.774451
vt 0.340627 0.354057
vt 0.336649 0.353001
vt 0.412529 0.188629
vt 0.475640 0.678033
vt 0.435662 0.670645
vt 0.429593 0.673113
vt 0.101529 0.158591
vt 0.070809 0.160346
vt 0.067726 0.144398
vt 0.735359 0.633516
vt 0.457970 0.435948
vt 0.433181 0.663975
vt 0.382896 0.187167
vt 0.328836 0.186026
vt 0.486252 0.541117
vt 0.490068 0.547006
vt 0.493499 0.555799
vt 0.330235 0.487583
vt 0.329451 0.480791
vt 0.509144 0.529160
vt 0.484366 0.430544
vt 0.426738 0.474582
vt 0.626996 0.269596
vt 0.539645 0.460834
vt 0.538059 0.465451
vt 0.535428 0.462783
vt 0.539190 0.461680
vt 0.539742 0.460799
vt 0.530601 0.459016
vt 0.569210 0.543571
vt 0.963614 0.804970
vt 0.457856 0.204594
vt 0.540832 0.461908
vt 0.539320 0.460739
vt 0.539154 0.461094
vt 0.469379 0.434197
vt 0.469223 0.434122
vt 0.609937 0.497819
vt 0.595839 0.503823
vt 0.584430 0.500872
vt 0.747720 0.419127
vt 0.764997 0.391421
vt 0.784451 0.379558
vt 0.299295 0.160300
vt 0.539445 0.461043
vt 0.539724 0.461166
vt 0.569269 0.230172
vt 0.591338 0.172816
vt 0.594682 0.169366
vt 0.492496 0.423019
vt 0.488370 0.414341
vt 0.484954 0.409039
vt 0.435703 0.258620
vt 0.423916 0.255352
vt 0.424145 0.261407
vt 0.413366 0.240512
vt 0.412462 0.239625
vt 0.839995 0.762295
vt 0.304825 0.387919
vt 0.845966 0.614067
vt 0.841797 0.626799
vt 0.317892 0.154190
vt 0.817018 0.684993
vt 0.486972 0.496471
vt 0.552965 0.107503
vt 0.567797 0.110163
vt 0.547001 0.098833
vt 0.600052 0.330412
vt 0.582721 0.085791
vt 0.561376 0.219619
vt 0.577765 0.510237
vt 0.502129 0.367453
vt 0.509798 0.371127
vt 0.496089 0.493582
vt 0.495650 0.494096
vt 0.490086 0.444529
vt 0.542950 0.140806
vt 0.496803 0.492973
vt 0.496209 0.493666
vt 0.616764 0.051142
vt 0.563969 0.428240
vt 0.575404 0.425026
vt 0.570515 0.133995
vt 0.505895 0.768730
vt 0.504811 0.772632
vt 0.990042 0.747848
vt 0.499170 0.769038
vt 0.608983 0.739714
vt 0.601293 0.735410
vt 0.420129 0.497248
vt 0.416942 0.500376
vt 0.788425 0.639225
vt 0.820113 0.639118
vt 0.632815 0.320292
vt 0.545305 0.809335
vt 0.554403 0.811789
vt 0.540130 0.817291
vt 0.576033 0.440196
vt 0.576741 0.431988
vt 0.635198 0.327835
vt 0.518533 0.381425
vt 0.533396 0.379668
vt 0.514417 0.389755
vt 0.561892 0.814557
vt 0.645097 0.792224
vt 0.731562 0.591979
vt 0.746254 0.576130
vt 0.755991 0.581977
vt 0.909580 0.815942
vt 0.557017 0.762299
vt 0.273690 0.846719
vt 0.344137 0.167547
vt 0.372467 0.170886
vt 0.274394 0.486858
vt 0.244490 0.496292
vt 0.267323 0.497865
vt 0.490142 0.249215
vt 0.543485 0.805452
vt 0.272900 0.508025
vt 0.254039 0.508725
vt 0.890660 0.417074
vt 0.955305 0.880615
vt 0.645150 0.742449
vt 0.613687 0.148592
vt 0.612744 0.145487
vt 0.547080 0.113325
vt 0.442445 0.675250
vt 0.431121 0.677529
vt 0.485914 0.769221
vt 0.459878 0.761072
vt 0.487718 0.758708
vt 0.503145 0.171086
vt 0.443838 0.670854
vt 0.250738 0.851088
vt 0.576195 0.764289
vt 0.563604 0.767634
vt 0.564594 0.758731
vt 0.564852 0.771242
vt 0.570945 0.768556
vt 0.618226 0.748577
vt 0.846103 0.878933
vt 0.860362 0.877246
vt 0.571329 0.773538
vt 0.614734 0.759543
vt 0.525194 0.224024
vt 0.535382 0.225363
vt 0.519910 0.225754
vt 0.568607 0.062984
vt 0.807160 0.443850
vt 0.338124 0.533464
vt 0.337923 0.528453
vt 0.055784 0.477682
vt 0.042224 0.469434
vt 0.479338 0.240997
vt 0.465853 0.423845
vt 0.207337 0.162632
vt 0.248335 0.155989
vt 0.697284 0.566796
vt 0.689574 0.525324
vt 0.705817 0.571469
vt 0.701146 0.567536
vt 0.413411 0.239274
vt 0.534766 0.178371
vt 0.616391 0.166129
vt 0.605403 0.168559
vt 0.619529 0.166916
vt 0.863540 0.491782
vt 0.867242 0.474150
vt 0.935677 0.486861
vt 0.625300 0.460858
vt 0.598369 0.170864
vt 0.340988 0.161077
vt 0.302228 0.365249
vt 0.302970 0.365610
vt 0.237044 0.569226
vt 0.585387 0.213507
vt 0.657191 0.793566
vt 0.302765 0.366258
vt 0.620927 0.314981
vt 0.250953 0.541928
vt 0.455758 0.897207
vt 0.486217 0.911011
vt 0.529360 0.340143
vt 0.638267 0.294660
vt 0.574489 0.545577
vt 0.220519 0.489202
vt 0.218539 0.498131
vt 0.612446 0.505634
vt 0.608566 0.514247
vt 0.355257 0.533439
vt 0.474823 0.186190
vt 0.040266 0.594600
vt 0.202456 0.495743
vt 0.201610 0.486465
vt 0.238000 0.484101
vt 0.577115 0.102964
vt 0.573496 0.097792
vt 0.664054 0.409903
vt 0.658024 0.392839
vt 0.580122 0.102259
vt 0.571847 0.099567
vt 0.224989 0.469103
vt 0.221260 0.481575
vt 0.905820 0.815077
vt 0.621372 0.202054
vt 0.483343 0.121762
vt 0.573090 0.691512
vt 0.594390 0.698380
vt 0.431088 0.537810
vt 0.591638 0.437653
vt 0.588764 0.449224
vt 0.606143 0.217329
vt 0.440298 0.819475
vt 0.377988 0.197004
vt 0.578079 0.683478
vt 0.372556 0.503396
vt 0.357099 0.512231
vt 0.924265 0.792331
vt 0.922948 0.802601
vt 0.343770 0.348486
vt 0.603153 0.709665
vt 0.605045 0.703378
vt 0.626752 0.687601
vt 0.611561 0.692076
vt 0.058631 0.235428
vt 0.055544 0.216907
vt 0.656027 0.771427
vt 0.656081 0.771247
vt 0.275759 0.539155
vt 0.618753 0.223337
vt 0.610490 0.225588
vt 0.829613 0.739205
vt 0.884819 0.820750
vt 0.335117 0.224466
vt 0.409552 0.174475
vt 0.392409 0.180088
vt 0.205412 0.468106
vt 0.204267 0.478154
vt 0.539099 0.062974
vt 0.513215 0.063102
vt 0.571159 0.451125
vt 0.048797 0.102159
vt 0.606533 0.226048
vt 0.607550 0.230240
vt 0.499888 0.097248
vt 0.859785 0.768256
vt 0.412811 0.304395
vt 0.406965 0.310056
vt 0.996930 0.950085
vt 0.429487 0.045949
vt 0.993531 0.969880
vt 0.005278 0.641650
vt 0.618472 0.213970
vt 0.035934 0.098288
vt 0.026485 0.641655
vt 0.232844 0.747323
vt 0.563926 0.058059
vt 0.577537 0.205571
vt 0.371904 0.353265
vt 0.794087 0.521473
vt 0.490737 0.054336
vt 0.486933 0.060422
vt 0.642964 0.450585
vt 0.537131 0.182305
vt 0.043909 0.445158
vt 0.551355 0.184371
vt 0.581054 0.755036
vt 0.175628 0.825565
vt 0.657364 0.667870
vt 0.750736 0.173323
vt 0.756504 0.166996
vt 0.009335 0.410885
vt 0.253741 0.857133
vt 0.300493 0.863297
vt 0.353105 0.868506
vt 0.303717 0.872257
vt 0.242600 0.871557
vt 0.607383 0.117308
vt 0.058864 0.730868
vt 0.053436 0.698401
vt 0.603103 0.717033
vt 0.343462 0.207570
vt 0.337984 0.211485
vt 0.820544 0.481138
vt 0.809446 0.473119
vt 0.401827 0.864509
vt 0.414506 0.850178
vt 0.641392 0.790520
vt 0.593786 0.713281
vt 0.599840 0.229518
vt 0.924297 0.878009
vt 0.744663 0.788720
vt 0.386630 0.846664
vt 0.342023 0.214079
vt 0.058274 0.747323
vt 0.087718 0.735482
vt 0.060669 0.743480
vt 0.086357 0.832545
vt 0.991946 0.858622
vt 0.983561 0.838428
vt 0.569161 0.081262
vt 0.513628 0.906454
vt 0.571209 0.085886
vt 0.550276 0.169454
vt 0.911528 0.352008
vt 0.526097 0.220347
vt 0.108256 0.148521
vt 0.578325 0.678571
vt 0.517811 0.376516
vt 0.805551 0.654746
vt 0.691169 0.777122
vt 0.997393 0.767583
vt 0.988267 0.759925
vt 0.372200 0.842997
vt 0.629598 0.811401
vt 0.416788 0.831814
vt 0.640972 0.654677
vt 0.655003 0.541617
vt 0.634233 0.805152
vt 0.545684 0.177498
vt 0.609559 0.103856
vt 0.818066 0.330684
vt 0.046186 0.803060
vt 0.628630 0.172170
vt 0.627412 0.183321
vt 0.537553 0.387879
vt 0.014600 0.867157
vt 0.859780 0.352008
vt 0.579854 0.356245
vt 0.065227 0.733171
vt 0.845366 0.604705
vt 0.499472 0.478047
vt 0.444797 0.530527
vt 0.556427 0.248594
vt 0.689574 0.846176
vt 0.406853 0.136674
vt 0.015291 0.638456
vt 0.653403 0.671684
vt 0.285969 0.283297
vt 0.329989 0.287244
vt 0.430952 0.163512
vt 0.654984 0.795568
vt 0.885109 0.545506
vt 0.689574 0.241735
vt 0.327048 0.296292
vt 0.545232 0.361593
vt 0.806960 0.364269
vt 0.677167 0.727512
vt 0.674165 0.746481
vt 0.050642 0.553695
vt 0.501131 0.027976
vt 0.110105 0.300348
vt 0.319114 0.491336
vt 0.611335 0.139673
vt 0.326407 0.495075
vt 0.982621 0.294355
vt 0.996433 0.795163
vt 0.845374 0.004226
vt 0.718561 0.466637
vt 0.786204 0.348248
vt 0.727665 0.444578
vt 0.461805 0.212414
vt 0.490359 0.224495
vt 0.663531 0.837026
vt 0.616960 0.044540
vt 0.647493 0.051742
vt 0.742118 0.611572
vt 0.419914 0.500661
vt 0.626937 0.779443
vt 0.950106 0.425935
vt 0.053204 0.204087
vt 0.054134 0.187152
vt 0.028809 0.615470
vt 0.351673 0.526574
vt 0.496227 0.493438
vt 0.496003 0.493385
vt 0.663343 0.803403
vt 0.615111 0.697431
vt 0.675194 0.768308
vt 0.681707 0.793260
vt 0.048845 0.575203
vt 0.830191 0.415388
vt 0.693104 0.874428
vt 0.455151 0.152022
vt 0.507553 0.501788
vt 0.664934 0.527560
vt 0.851728 0.373253
vt 0.707586 0.580124
vt 0.821499 0.490748
vt 0.995614 0.814404
vt 0.977883 0.048115
vt 0.129227 0.867841
vt 0.087075 0.871209
vt 0.011776 0.632851
vt 0.921766 0.570473
vt 0.496371 0.493532
vt 0.084594 0.306670
vt 0.529481 0.906874
vt 0.510870 0.026006
vt 0.857649 0.693208
vt 0.998120 0.935517
vt 0.527459 0.085546
vt 0.647370 0.570460
vt 0.961783 0.567761
vt 0.951557 0.593781
vt 0.983402 0.829009
vt 0.939892 0.503958
vt 0.592647 0.038409
vt 0.846231 0.314637
vt 0.600358 0.738460
vt 0.038414 0.680175
vt 0.065022 0.243509
vt 0.048441 0.699637
vt 0.365122 0.011339
vt 0.331330 0.866525
vt 0.034506 0.075575
vt 0.526928 0.027102
vt 0.662506 0.616152
vt 0.831765 0.355315
vt 0.365863 0.851767
vt 0.597001 0.341027
vt 0.023048 0.629196
vt 0.234407 0.277042
vt 0.691122 0.870651
vt 0.373375 0.425643
vt 0.289045 0.290058
vt 0.392692 0.158196
vt 0.302432 0.092682
vt 0.173064 0.182850
vt 0.211589 0.671281
vt 0.077019 0.688029
vt 0.122383 0.592718
vt 0.667877 0.599895
vt 0.622385 0.484526
vt 0.702283 0.479273
vt 0.629416 0.777832
vt 0.439042 0.739073
vt 0.570127 0.605393
vt 0.013016 0.878889
vt 0.120714 0.863599
vt 0.116348 0.918957
vt 0.454692 0.201840
vt 0.442398 0.009607
vt 0.556821 0.025899
vt 0.475754 0.133769
vt 0.429864 0.598767
vt 0.376623 0.475902
vt 0.492288 0.464608
vt 0.325697 0.764576
vt 0.254205 0.895873
vt 0.215332 0.822067
vt 0.225290 0.568656
vt 0.291236 0.431846
vt 0.355458 0.560221
vt 0.170968 0.384583
vt 0.141016 0.077785
vt 0.678379 0.156775
vt 0.708669 0.220493
vt 0.576820 0.192397
vt 0.741036 0.595814
vt 0.773299 0.081387
vt 0.812533 0.183595
vt 0.506055 0.882051
vt 0.396542 0.769134
vt 0.347763 0.886160
vt 0.681966 0.383723
vt 0.569643 0.317934
vt 0.605777 0.236575
vt 0.414368 0.439906
vt 0.526928 0.251609
vt 0.630518 0.872513
vt 0.718700 0.693463
vt 0.085890 0.476276
vt 0.593529 0.462070
vt 0.818108 0.109643
vt 0.911588 0.160894
vt 0.812533 0.155089
vt 0.394805 0.935050
vt 0.528258 0.971482
vt 0.397146 0.992916
vt 0.911588 0.120860
vt 0.284932 0.608513
vt 0.798914 0.385238
vt 0.812533 0.045331
vt 0.981779 0.019890
vt 0.981779 0.069560
vt 0.171956 0.943747
vt 0.300423 0.955849
vt 0.581495 0.935582
vt 0.711327 0.920096
vt 0.458582 0.915018
vt 0.342221 0.012968
vt 0.772716 0.307251
vt 0.748803 0.892074
vt 0.812533 0.928600
vt 0.692772 1.000000
vt 0.635528 0.957600
vt 0.792310 0.957133
vt 0.011622 0.826070
vt 0.089870 0.798376
vt 0.197175 0.757020
vt 0.529039 0.439362
vt 0.214869 0.040126
vt 0.135455 0.305724
vt 0.647817 0.221567
vt 0.716319 0.835958
vt 0.785643 0.006830
vt 0.693489 0.012103
vt 0.581778 0.127394
vt 0.300034 0.361439
vt 0.610335 0.000000
vt 0.840473 0.099093
vt 0.259434 0.985693
vt 0.792774 0.807422
vt 0.903574 0.099093
vt 0.897969 0.000000
vt 0.159898 0.003288
vn 1.0000 0.0000 -0.0000
vn 0.0000 0.0000 1.0000
vn 0.7071 0.0000 -0.7071
vn 0.7071 0.0000 0.7071
vn -0.7524 0.0372 0.6577
vn -0.5990 0.0751 0.7972
vn -0.2961 0.0279 0.9548
vn -0.5712 -0.8208 -0.0099
vn 0.0789 -0.9903 0.1145
vn 0.1133 -0.9719 0.2065
vn 0.7364 0.1316 0.6636
vn 0.8417 0.5011 0.2012
vn 0.7507 0.1915 0.6323
vn -0.3132 0.9350 0.1663
vn -0.1334 0.9628 -0.2348
vn -0.5682 0.7483 0.3424
vn 0.1916 0.9168 0.3503
vn -0.9813 -0.0394 -0.1886
vn -0.9916 -0.0119 -0.1286
vn -0.9985 0.0133 -0.0524
vn 0.5968 0.1554 -0.7872
vn 0.7829 -0.5237 -0.3357
vn 0.4528 -0.5012 -0.7374
vn -0.1317 0.6014 -0.7881
vn 0.4619 -0.8626 -0.2064
vn 0.6552 0.6033 0.4547
vn 0.6254 0.7497 0.2165
vn 0.4132 0.8754 0.2508
vn -0.0536 0.9847 -0.1656
vn 0.0377 0.9221 -0.3852
vn -0.0059 0.4689 0.8832
vn -0.0597 0.1639 -0.9847
vn -0.0071 0.7958 -0.6055
vn 0.0600 0.1991 -0.9781
vn 0.0134 0.4101 -0.9119
vn 0.0985 0.3336 -0.9376
vn -0.1081 -0.9909 -0.0801
vn -0.9528 -0.3022 -0.0281
vn -0.9982 -0.0144 0.0578
vn -0.9927 -0.0206 0.1190
vn 0.1980 -0.9015 -0.3848
vn 0.2756 -0.9578 0.0809
vn 0.9719 -0.0141 -0.2351
vn 0.9405 -0.1133 -0.3203
vn 0.9932 -0.0313 -0.1121
vn 0.3896 -0.0546 -0.9193
vn 0.3725 -0.2278 -0.8996
vn 0.5488 -0.0368 -0.8352
vn 0.7248 0.0101 -0.6888
vn 0.7138 -0.0065 -0.7004
vn 0.4992 -0.0627 -0.8642
vn -0.4076 0.7732 0.4858
vn -0.9525 0.2871 -0.1018
vn -0.7595 0.6199 -0.1971
vn 0.7786 -0.0095 0.6275
vn 0.9263 -0.0051 0.3767
vn 0.8382 0.0594 0.5422
vn 0.1460 -0.7476 -0.6479
vn -0.0010 -1.0000 -0.0010
vn -0.1721 -0.8759 -0.4508
vn -0.5860 -0.0267 -0.8099
vn -0.4744 -0.0540 -0.8787
vn -0.6207 -0.1365 -0.7721
vn -0.3100 0.3395 0.8881
vn -0.2638 0.7118 0.6510
vn -0.4242 0.4469 0.7876
vn 0.0363 0.9979 -0.0545
vn 0.0582 0.9970 -0.0516
vn 0.0194 0.9981 -0.0586
vn 0.6849 -0.0218 -0.7283
vn 0.1738 -0.0513 -0.9834
vn 0.8047 -0.3903 -0.4474
vn 0.7740 -0.5520 -0.3102
vn 0.8226 -0.5089 -0.2537
vn 0.7330 0.4927 0.4689
vn 0.4949 -0.0115 0.8689
vn 0.5226 -0.0387 0.8517
vn 0.1476 0.6906 0.7080
vn -0.0120 0.9999 0.0056
vn 0.0376 0.9991 -0.0172
vn -0.0234 0.9988 -0.0431
vn -0.6551 0.6081 -0.4484
vn -0.7026 0.6103 -0.3658
vn 0.2727 0.0349 -0.9615
vn 0.1367 0.0129 -0.9905
vn 0.3285 -0.0077 -0.9445
vn -0.2491 -0.0145 -0.9684
vn -0.1636 0.0305 -0.9861
vn -0.1567 -0.0222 -0.9874
vn 0.8453 0.3181 0.4293
vn 0.6006 0.7939 -0.0953
vn 0.0160 0.9285 0.3709
vn -0.0699 0.9036 0.4226
vn 0.2742 0.9463 0.1714
vn 0.8791 -0.1566 0.4502
vn 0.8062 0.0382 0.5904
vn 0.2485 0.4977 -0.8310
vn -0.4032 0.7867 -0.4675
vn 0.1481 0.4513 -0.8800
vn -0.2941 0.0152 -0.9557
vn -0.9279 -0.0399 -0.3706
vn -0.9370 -0.0094 -0.3493
vn -0.9391 -0.0086 -0.3436
vn -0.9369 0.3476 0.0362
vn -0.9905 -0.1001 0.0939
vn -0.9474 0.2109 -0.2409
vn -0.3587 -0.9063 -0.2234
vn -0.6090 0.5774 -0.5438
vn 0.0464 0.3135 -0.9484
vn 0.2552 0.4310 -0.8655
vn -0.3661 0.9217 -0.1285
vn -0.4263 0.6438 -0.6354
vn 0.1487 0.5613 -0.8141
vn 0.3211 0.9294 0.1821
vn 0.3771 0.7629 0.5252
vn 0.2553 0.9643 0.0702
vn 0.4786 0.5688 0.6689
vn 0.5271 0.5367 0.6589
vn -0.8280 -0.5532 0.0915
vn -0.9287 -0.0773 0.3626
vn -0.6937 -0.7004 0.1679
vn -0.1148 0.9290 -0.3519
vn -0.0431 0.9267 -0.3732
vn 0.2629 0.8858 -0.3823
vn 0.3803 0.7068 0.5966
vn -0.2162 0.8922 -0.3966
vn -0.2624 0.9283 0.2635
vn 0.6461 -0.1003 0.7566
vn 0.7382 -0.0186 0.6744
vn 0.9022 -0.0261 0.4306
vn -0.0305 0.1068 -0.9938
vn -0.2437 0.1053 -0.9641
vn 0.4552 0.6369 0.6222
vn 0.5262 0.4287 0.7344
vn 0.4859 0.6122 0.6239
vn -0.3114 0.9499 0.0278
vn -0.4437 0.8959 0.0249
vn -0.4914 0.7145 0.4980
vn 0.1664 0.0260 0.9857
vn 0.2693 0.0633 0.9610
vn 0.2387 0.1005 0.9659
vn -0.9908 0.0572 0.1229
vn -0.8234 0.0809 0.5616
vn -0.9707 0.1885 0.1489
vn -0.9949 0.0173 -0.0994
vn -0.9897 0.0749 0.1220
vn 0.8985 -0.0916 0.4293
vn 0.9139 -0.0159 0.4055
vn 0.7230 0.0465 0.6892
vn 0.4014 0.0294 0.9154
vn 0.3865 -0.0132 0.9222
vn 0.4897 0.6549 -0.5755
vn 0.6117 0.7842 -0.1040
vn 0.4455 0.8943 -0.0413
vn 0.3084 0.7747 -0.5520
vn 0.4650 0.7985 -0.3823
vn 0.4423 0.6434 -0.6248
vn 0.6829 -0.6902 0.2391
vn 0.9966 -0.0672 0.0484
vn 0.9117 -0.2672 -0.3123
vn -0.0935 -0.8844 0.4572
vn 0.4389 -0.8652 0.2426
vn 0.4614 -0.8788 0.1213
vn 0.9729 0.2157 -0.0832
vn 0.8832 -0.0393 -0.4674
vn 0.5829 0.7474 -0.3188
vn 0.8238 -0.0527 0.5644
vn 0.8738 0.0053 0.4862
vn 0.9203 -0.1648 0.3547
vn 0.1513 0.2476 0.9570
vn 0.4532 -0.3570 0.8168
vn 0.2114 -0.3406 0.9161
vn 0.2980 -0.9545 -0.0142
vn 0.6531 -0.7107 0.2614
vn 0.0493 -0.0498 -0.9975
vn 0.3548 0.0272 -0.9346
vn 0.1614 -0.0001 -0.9869
vn -0.7815 0.2220 0.5830
vn -0.6962 0.4606 0.5506
vn -0.4661 0.5870 0.6620
vn -0.0722 -0.0199 0.9972
vn 0.1076 -0.1981 0.9743
vn -0.0753 -0.0246 0.9969
vn -0.8282 0.1217 0.5470
vn -0.9678 0.1066 0.2281
vn -0.3911 0.1357 0.9103
vn 0.2387 -0.4111 0.8798
vn -0.4772 -0.4409 0.7602
vn -0.6550 -0.2164 0.7240
vn 0.9823 0.0176 -0.1864
vn 0.9741 0.0556 0.2191
vn 0.7749 0.0823 -0.6267
vn -0.4642 -0.3698 0.8048
vn 0.4437 -0.1689 0.8801
vn 0.3380 0.2467 0.9082
vn 0.7002 -0.1731 0.6926
vn 0.6456 -0.0368 0.7628
vn 0.4820 -0.0378 0.8753
vn -0.2110 0.0588 -0.9757
vn 0.3657 -0.1356 -0.9208
vn 0.2705 -0.1749 -0.9467
vn 0.3469 0.7067 -0.6166
vn 0.0228 0.9890 -0.1462
vn -0.3539 0.8946 -0.2727
vn 0.0276 -0.0579 0.9979
vn 0.1078 -0.0941 0.9897
vn 0.0846 -0.0144 0.9963
vn 0.7887 0.5619 -0.2493
vn 0.7679 0.3756 -0.5189
vn -0.5908 -0.0612 -0.8045
vn -0.5524 -0.0788 -0.8298
vn -0.5800 -0.0322 -0.8140
vn -0.2276 -0.0410 -0.9729
vn -0.4305 0.1989 -0.8804
vn 0.8705 -0.1390 0.4721
vn 0.9439 0.1349 0.3015
vn 0.9734 0.0993 0.2065
vn 0.7568 -0.1268 -0.6413
vn 0.9438 -0.0850 -0.3195
vn 0.9118 -0.0026 -0.4107
vn -0.1310 0.4008 -0.9068
vn -0.0803 0.4762 -0.8757
vn -0.3338 0.4059 -0.8508
vn -0.7715 0.3465 0.5336
vn -0.7806 0.4781 0.4025
vn -0.8416 0.1961 0.5033
vn 0.1766 -0.9768 -0.1211
vn 0.2911 0.9333 -0.2104
vn -0.2922 0.8586 -0.4211
vn 0.0378 0.9955 -0.0866
vn -0.8703 0.0674 0.4879
vn 0.7499 0.0640 0.6585
vn 0.0220 -0.0087 0.9997
vn 0.4708 0.0956 0.8771
vn -0.0802 -0.1312 -0.9881
vn 0.5758 0.2084 -0.7906
vn 0.8205 0.2014 -0.5350
vn 0.5671 -0.6783 -0.4672
vn 0.4152 -0.9068 0.0723
vn 0.8500 -0.5088 -0.1362
vn -0.0957 -0.3190 0.9429
vn -0.3593 -0.1487 0.9213
vn -0.2282 -0.0079 0.9736
vn -0.9371 0.0485 0.3456
vn -0.9834 0.0039 0.1815
vn -0.9046 -0.0704 0.4204
vn 0.3522 0.8825 -0.3118
vn 0.3324 0.8221 -0.4623
vn 0.2631 0.4608 -0.8476
vn 0.1604 0.0146 -0.9869
vn 0.2327 -0.0220 -0.9723
vn 0.1089 -0.0224 -0.9938
vn -0.9720 -0.2078 -0.1093
vn -0.9505 0.0370 -0.3084
vn -0.2104 0.9511 0.2260
vn 0.2695 0.9613 -0.0572
vn -0.1156 0.9729 -0.2000
vn 0.7890 -0.1435 0.5974
vn 0.9861 0.1142 0.1205
vn 0.4661 -0.0728 0.8817
vn -0.0358 0.5697 -0.8211
vn 0.1532 0.6621 -0.7336
vn 0.6625 0.7101 0.2385
vn 0.9906 0.1014 0.0918
vn 0.8994 0.2674 -0.3458
vn 0.2035 -0.0252 -0.9787
vn 0.7541 -0.2434 -0.6100
vn 0.5327 0.0018 -0.8463
vn -0.0493 0.0695 0.9964
vn -0.1403 0.0895 0.9861
vn -0.1512 0.0652 0.9863
vn -0.0018 -0.0058 1.0000
vn -0.7407 0.0169 0.6717
vn -0.6915 -0.0042 0.7224
vn 0.7399 -0.4357 0.5126
vn 0.9001 -0.1108 0.4213
vn 0.8793 0.0536 0.4732
vn 0.6852 -0.1707 -0.7080
vn -0.9151 -0.1044 -0.3894
vn -0.8876 -0.3609 -0.2861
vn -0.9839 -0.0438 -0.1730
vn -0.7365 -0.3225 0.5946
vn -0.6862 -0.0348 0.7266
vn -0.5586 -0.2489 0.7912
vn 0.6598 0.6176 -0.4281
vn 0.9824 0.0739 -0.1718
vn 0.4108 0.0234 -0.9114
vn 0.3360 0.1714 -0.9262
vn -0.0259 0.0602 -0.9979
vn 0.6905 -0.0466 0.7219
vn 0.9957 -0.0629 -0.0673
vn 0.8314 0.0158 0.5555
vn 0.8580 0.0480 0.5114
vn 0.0435 0.9215 0.3858
vn 0.0151 0.6476 0.7619
vn 0.1028 0.8581 0.5031
vn -0.9347 -0.0463 0.3523
vn -0.8647 0.1014 0.4919
vn -0.5035 -0.5049 0.7011
vn -0.4255 -0.8478 0.3166
vn -0.4262 0.7740 -0.4683
vn -0.5299 0.8442 -0.0811
vn -0.2409 0.9239 -0.2974
vn 0.9815 0.1789 0.0686
vn 0.8990 0.1447 0.4135
vn 0.7806 0.0308 0.6243
vn 0.9600 -0.0214 0.2791
vn 0.3288 -0.8537 0.4039
vn 0.0061 -0.3337 0.9427
vn 0.8751 -0.4435 0.1935
vn 0.9094 -0.0546 -0.4123
vn 0.8239 0.0797 -0.5611
vn -0.1869 0.8976 0.3992
vn -0.4458 0.8931 -0.0594
vn -0.4293 0.8812 0.1978
vn -0.9700 -0.0479 -0.2384
vn -0.9703 -0.0297 -0.2400
vn 0.3510 0.9340 0.0668
vn 0.2461 0.9232 0.2953
vn -0.0431 0.9147 0.4018
vn -0.7069 -0.1738 0.6857
vn -0.8112 -0.1919 0.5524
vn -0.7088 -0.2509 0.6593
vn 0.5555 0.1152 0.8235
vn 0.2975 -0.0341 0.9541
vn 0.8676 0.0940 0.4882
vn -0.4789 0.3365 -0.8108
vn -0.5657 0.4552 -0.6876
vn -0.2542 0.8199 0.5129
vn -0.1706 0.6703 0.7222
vn -0.1024 0.8038 0.5860
vn -0.7361 0.1101 0.6679
vn -0.6146 0.0245 0.7884
vn -0.4804 -0.0421 0.8760
vn -0.5483 -0.4753 -0.6880
vn -0.9263 -0.3386 0.1651
vn -0.1924 -0.6659 -0.7208
vn 0.4639 0.3820 0.7993
vn 0.5665 0.8137 0.1304
vn 0.4036 0.0994 0.9095
vn -0.0277 0.0054 0.9996
vn 0.2412 0.8216 0.5166
vn 0.0135 0.9975 0.0688
vn -0.3523 0.8165 0.4573
vn 0.3821 0.6765 0.6296
vn -0.4600 -0.1616 -0.8731
vn 0.5192 -0.1203 -0.8461
vn -0.1793 0.0777 -0.9807
vn -0.4050 -0.0811 -0.9107
vn -0.6751 -0.0444 -0.7364
vn -0.9874 -0.0247 -0.1563
vn 0.6457 -0.3094 -0.6981
vn 0.4130 -0.2515 -0.8753
vn 0.1865 -0.0288 0.9820
vn -0.1999 -0.1771 0.9637
vn 0.0155 0.0111 0.9998
vn 0.9061 -0.0544 0.4196
vn 0.9963 -0.0751 0.0426
vn 0.7069 -0.0509 0.7055
vn 0.4335 -0.8864 -0.1622
vn 0.4241 0.9009 -0.0926
vn 0.3391 0.9025 -0.2654
vn 0.3162 0.8544 -0.4124
vn -0.8369 -0.0399 0.5458
vn -0.8903 -0.1308 0.4362
vn -0.1616 0.0436 0.9859
vn -0.6148 0.0980 -0.7826
vn -0.6990 0.0199 -0.7149
vn -0.5221 0.0281 -0.8524
vn -0.4803 0.7314 0.4841
vn -0.0609 0.9975 0.0347
vn 0.4411 0.0997 -0.8919
vn 0.9936 0.0655 -0.0915
vn 0.9917 0.0811 0.1003
vn 0.0393 -0.0101 0.9992
vn 0.6974 0.1023 0.7094
vn -0.1441 0.2046 0.9682
vn 0.7298 0.0472 0.6820
vn 0.7717 -0.0583 0.6334
vn 0.5540 -0.1426 0.8202
vn -0.9034 -0.2525 0.3467
vn -0.9585 -0.0261 0.2837
vn 0.1324 -0.9881 -0.0783
vn 0.2041 -0.9495 -0.2381
vn 0.3510 -0.6089 0.7114
vn -0.1663 0.7689 -0.6174
vn -0.2253 0.9034 -0.3647
vn -0.4791 0.8226 -0.3063
vn 0.2840 0.6103 -0.7395
vn 0.2047 0.7342 -0.6474
vn 0.3297 0.6057 -0.7242
vn -0.9778 0.1303 -0.1642
vn -0.9873 -0.0705 0.1424
vn -0.9886 -0.0345 -0.1466
vn -0.9357 0.0264 -0.3518
vn -0.9300 -0.0655 -0.3616
vn -0.8661 -0.4119 -0.2833
vn 0.7252 -0.0716 0.6848
vn -0.8221 0.0487 0.5672
vn -0.6395 -0.0099 0.7687
vn -0.8357 -0.0777 0.5437
vn 0.0605 0.0016 0.9982
vn -0.0351 -0.0641 0.9973
vn -0.5933 -0.0888 0.8001
vn -0.1113 -0.9024 0.4164
vn -0.3410 -0.7817 0.5222
vn 0.3272 -0.6533 0.6827
vn 0.1024 0.9832 -0.1509
vn 0.0168 0.7833 -0.6215
vn -0.2010 0.7241 -0.6598
vn -0.2718 0.5522 -0.7882
vn -0.3195 0.8167 -0.4805
vn 0.9816 0.0173 0.1901
vn 0.9900 0.0695 0.1224
vn 0.9032 -0.3118 0.2951
vn 0.2933 -0.1903 0.9369
vn 0.3005 -0.0082 0.9538
vn 0.2749 -0.0026 0.9615
vn 0.9567 0.0188 0.2904
vn 0.9225 -0.1185 0.3673
vn 0.7872 -0.5057 0.3529
vn 0.3919 0.9186 0.0500
vn 0.3447 0.9072 0.2410
vn 0.1543 -0.0768 -0.9850
vn 0.2875 -0.0220 -0.9575
vn 0.3291 0.0075 -0.9442
vn 0.3268 -0.0134 -0.9450
vn -0.0850 -0.0248 -0.9961
vn 0.3887 0.1306 0.9121
vn 0.4022 0.0888 0.9112
vn 0.2450 0.1277 0.9611
vn -0.3883 0.0005 0.9215
vn -0.5586 0.0349 0.8287
vn -0.5512 -0.0359 0.8336
vn 0.6099 -0.2122 -0.7636
vn 0.2476 -0.0236 -0.9686
vn 0.0437 -0.1098 -0.9930
vn 0.8265 -0.3699 0.4245
vn 0.8153 -0.5215 0.2516
vn 0.8613 -0.4127 0.2964
vn 0.3777 -0.0104 0.9259
vn 0.6182 0.6282 0.4725
vn 0.3626 -0.5096 0.7803
vn -0.9965 -0.0724 -0.0421
vn -0.7789 0.1031 -0.6186
vn -0.9570 0.1041 -0.2708
vn -0.7294 0.0599 0.6815
vn -0.6713 -0.1790 0.7192
vn -0.9796 -0.1919 0.0588
vn -0.7821 -0.0120 0.6230
vn -0.9739 0.0236 0.2258
vn -0.9334 -0.1582 0.3222
vn -0.9397 -0.3396 0.0410
vn -0.7760 0.1035 0.6222
vn -0.1322 0.7081 -0.6936
vn 0.7782 -0.0102 -0.6280
vn -0.9929 -0.1190 -0.0091
vn -0.9789 -0.2035 -0.0191
vn -0.1349 -0.0033 -0.9908
vn -0.0042 0.0874 -0.9962
vn 0.0811 0.0296 -0.9963
vn 0.2741 0.0686 0.9593
vn 0.4177 0.1729 0.8920
vn 0.2126 0.1375 0.9674
vn 0.2100 -0.0159 0.9776
vn 0.1710 0.0296 0.9848
vn 0.3265 0.0517 0.9438
vn 0.7947 -0.3544 0.4929
vn 0.5346 -0.5899 0.6052
vn 0.9111 -0.3328 0.2433
vn 0.5757 -0.7587 -0.3049
vn 0.7040 -0.4641 0.5376
vn -0.7996 0.5849 0.1361
vn -0.4474 0.7888 0.4214
vn -0.9248 0.3372 0.1759
vn -0.9212 -0.0082 0.3890
vn -0.9206 -0.0464 0.3877
vn -0.7596 0.1806 0.6248
vn 0.7677 -0.1307 0.6273
vn 0.8649 -0.1603 0.4757
vn 0.8726 -0.0697 0.4834
vn -0.2729 -0.2446 0.9304
vn -0.7594 -0.1240 0.6387
vn -0.7713 -0.1641 0.6149
vn -0.3991 -0.6913 0.6023
vn -0.5479 -0.8217 0.1569
vn -0.8336 0.3730 -0.4074
vn -0.7170 0.6959 -0.0408
vn -0.5266 0.7663 -0.3682
vn -0.7871 0.4920 0.3720
vn -0.4090 0.2052 -0.8892
vn -0.0540 0.0544 0.9971
vn 0.1109 0.1540 0.9818
vn -0.0719 0.1575 0.9849
vn 0.2635 0.0771 0.9616
vn 0.1664 0.0258 -0.9857
vn 0.0943 -0.0510 -0.9942
vn -0.0339 0.0962 -0.9948
vn 0.9935 -0.0584 -0.0975
vn 0.6582 0.4909 0.5708
vn 0.7075 0.5646 0.4250
vn 0.7043 0.4915 0.5122
vn -0.7419 0.0564 0.6681
vn -0.7720 0.0730 0.6315
vn 0.7337 -0.0346 0.6786
vn 0.5204 0.8442 -0.1288
vn 0.3909 0.8419 0.3721
vn 0.5010 0.8450 0.1870
vn -0.8440 0.0596 -0.5330
vn -0.8374 0.0515 -0.5442
vn -0.9980 0.0257 0.0571
vn -0.9785 0.1530 0.1381
vn -0.9928 0.1193 0.0089
vn -0.3718 0.6662 0.6465
vn -0.2397 0.7092 0.6630
vn -0.4857 0.7618 0.4286
vn 0.1428 0.8509 0.5056
vn -0.0372 0.5927 -0.8046
vn 0.1099 0.5869 -0.8021
vn -0.2999 -0.0207 -0.9537
vn -0.9675 0.2323 0.1001
vn -0.9104 0.0948 -0.4027
vn -0.7278 0.0098 -0.6858
vn -0.7065 -0.0163 -0.7075
vn 0.8670 0.0156 0.4980
vn 0.8212 0.0291 0.5699
vn 0.5538 0.0074 0.8326
vn 0.9749 0.0462 0.2177
vn 0.9433 -0.1995 -0.2654
vn 0.7686 -0.0617 -0.6368
vn -0.1719 0.2698 0.9475
vn 0.0758 0.2650 0.9613
vn -0.4264 -0.0355 0.9038
vn -0.6166 0.7163 -0.3267
vn -0.3804 0.4213 -0.8233
vn 0.3533 0.8569 -0.3753
vn 0.2026 0.8214 -0.5332
vn 0.7058 -0.3532 -0.6141
vn 0.7695 -0.3638 -0.5248
vn 0.8516 -0.3444 -0.3951
vn 0.1516 -0.1634 0.9749
vn 0.3975 -0.3933 0.8290
vn 0.1480 -0.0949 0.9844
vn 0.9936 -0.0376 0.1062
vn 0.3070 0.8991 0.3120
vn 0.1175 0.9084 0.4014
vn 0.6079 0.6696 0.4267
vn -0.8088 0.3799 -0.4489
vn -0.7160 0.6734 -0.1839
vn -0.9961 0.0248 0.0844
vn -0.3563 0.8418 0.4054
vn -0.0369 0.9962 0.0795
vn -0.0947 0.8895 0.4471
vn -0.3401 0.9024 0.2644
vn 0.1632 0.9863 -0.0253
vn 0.2731 0.9094 0.3136
vn 0.2606 -0.9420 0.2117
vn 0.1508 -0.9327 0.3277
vn -0.9920 -0.0761 0.1004
vn -0.5037 0.2328 0.8319
vn -0.9893 -0.1397 0.0424
vn 0.5390 0.2330 0.8094
vn 0.5461 -0.0409 -0.8367
vn 0.6241 -0.0861 -0.7766
vn -0.3317 -0.0208 -0.9432
vn -0.5159 -0.1892 -0.8355
vn 0.3030 0.0280 0.9526
vn 0.1101 -0.0657 0.9918
vn 0.2143 -0.0386 0.9760
vn -0.5813 0.0251 0.8133
vn -0.8748 -0.0333 0.4834
vn -0.9960 -0.0156 -0.0881
vn -0.0326 -0.0762 -0.9966
vn 0.6422 -0.0574 -0.7644
vn -0.0891 -0.1203 -0.9887
vn -0.6983 0.1025 -0.7084
vn -0.7568 0.2633 -0.5983
vn -0.3227 0.0396 -0.9457
vn 0.2079 0.9756 -0.0708
vn 0.5927 0.7127 0.3752
vn -0.1528 0.9747 0.1633
vn 0.1505 0.8764 0.4575
vn -0.6092 0.7474 0.2650
vn -0.4745 0.6751 0.5648
vn 0.4921 0.0016 -0.8705
vn 0.3651 0.1059 -0.9249
vn 0.7253 0.0561 -0.6861
vn 0.9478 -0.3040 0.0957
vn 0.8974 -0.3375 -0.2844
vn 0.9665 -0.1535 -0.2059
vn -0.8175 -0.1613 0.5530
vn -0.6007 -0.4773 0.6414
vn -0.9113 -0.0566 0.4078
vn 0.9520 -0.1632 0.2590
vn 0.8253 -0.2605 0.5010
vn 0.8761 -0.0817 0.4752
vn -0.5106 -0.0679 -0.8571
vn -0.6380 0.6390 -0.4298
vn -0.2795 0.8319 -0.4794
vn -0.3565 -0.9035 0.2378
vn -0.4457 -0.8923 0.0714
vn 0.4675 0.8698 0.1578
vn 0.5398 0.8251 0.1666
vn 0.6317 0.7662 -0.1180
vn 0.5854 0.6362 0.5025
vn 0.1951 -0.0081 0.9808
vn -0.7576 -0.0468 0.6510
vn -0.6774 -0.3663 0.6379
vn -0.7639 0.0198 0.6450
vn 0.4614 -0.4722 0.7511
vn -0.5366 -0.5125 0.6704
vn 0.6165 -0.3974 0.6798
vn -0.2172 0.2598 0.9409
vn -0.5601 0.3860 0.7330
vn 0.3338 0.2843 0.8987
vn -0.1299 -0.0098 0.9915
vn -0.1383 0.1545 0.9783
vn 0.9864 -0.1201 -0.1122
vn 0.8470 -0.1272 -0.5162
vn 0.9604 -0.1717 -0.2192
vn -0.6346 0.0535 -0.7710
vn -0.6845 0.1105 -0.7206
vn -0.8039 -0.0275 -0.5941
vn -0.6022 0.3336 0.7253
vn -0.6766 0.3644 0.6399
vn -0.4326 -0.0126 0.9015
vn -0.9796 -0.0459 0.1958
vn -0.8872 -0.3087 0.3430
vn -0.5572 0.7984 0.2281
vn -0.7487 0.4730 0.4645
vn -0.2817 0.9038 0.3223
vn -0.2024 0.6268 -0.7524
vn -0.0550 0.9117 0.4072
vn 0.0310 0.8146 -0.5792
vn -0.7508 -0.0051 0.6605
vn -0.9892 0.0338 0.1425
vn -0.9655 -0.0408 0.2571
vn 0.8101 -0.5705 -0.1352
vn 0.6345 -0.7461 0.2017
vn 0.3767 -0.8097 0.4500
vn 0.7955 -0.2306 0.5603
vn -0.7176 0.6859 0.1208
vn -0.7720 0.6345 -0.0376
vn -0.6716 0.7345 0.0973
vn -0.2496 0.7166 0.6514
vn -0.0369 0.7298 0.6827
vn -0.7494 -0.0877 0.6563
vn -0.7012 0.2011 0.6840
vn -0.8871 -0.1256 -0.4442
vn -0.9389 -0.3152 -0.1379
vn -0.8910 -0.2441 -0.3827
vn -0.8962 0.4286 -0.1146
vn -0.8895 0.4526 -0.0620
vn -0.8584 0.5115 -0.0387
vn -0.5693 0.1967 -0.7982
vn -0.0090 0.0779 -0.9969
vn 0.0258 -0.0296 -0.9992
vn -0.9642 0.0315 -0.2631
vn -0.4590 -0.5890 -0.6651
vn -0.4965 -0.8494 -0.1790
vn -0.6795 -0.6776 -0.2814
vn 0.8798 0.1709 -0.4436
vn 0.6799 -0.5888 -0.4372
vn 0.6092 0.1947 -0.7687
vn 0.9945 0.0432 -0.0951
vn 0.9741 0.1050 -0.2003
vn 0.9931 0.0223 0.1151
vn 0.8719 -0.4896 0.0098
vn 0.9378 -0.0845 -0.3368
vn 0.8334 0.5526 -0.0026
vn 0.4546 0.8899 -0.0372
vn 0.3823 0.9189 -0.0975
vn -0.5085 -0.0631 0.8588
vn -0.5477 -0.0064 0.8366
vn -0.4402 -0.3115 0.8421
vn -0.3455 -0.0081 0.9384
vn 0.9899 0.1420 -0.0015
vn 0.8395 0.2384 0.4883
vn 0.8515 0.1376 -0.5059
vn 0.8945 0.3202 -0.3119
vn 0.6145 0.7485 0.2493
vn 0.6163 -0.0155 -0.7873
vn -0.6857 0.0093 0.7279
vn -0.9882 -0.1519 -0.0211
vn -0.8764 0.0221 0.4811
vn -0.2515 -0.0674 0.9655
vn 0.3079 0.1036 0.9457
vn 0.6107 0.7902 -0.0525
vn 0.9418 0.1689 -0.2906
vn 0.1293 0.0811 0.9883
vn 0.0776 0.2562 0.9635
vn -0.1023 0.2022 0.9740
vn 0.8416 -0.0645 -0.5363
vn 0.9119 -0.1998 0.3585
vn 0.9497 0.1834 0.2537
vn 0.9777 -0.0251 0.2086
vn 0.9751 0.0444 0.2174
vn 0.9805 0.0148 -0.1961
vn 0.7966 0.2544 0.5484
vn 0.8491 0.0273 0.5276
vn 0.4615 0.1609 0.8724
vn 0.3180 0.0338 0.9475
vn 0.4527 0.1061 0.8853
vn 0.7985 -0.5936 -0.1005
vn 0.5129 -0.7890 0.3381
vn 0.5989 -0.6876 0.4105
vn -0.7857 0.5979 0.1587
vn -0.7972 0.6028 0.0332
vn -0.6720 0.4025 0.6216
vn -0.4419 0.1270 0.8880
vn 0.6186 -0.0835 0.7813
vn -0.4782 0.2608 0.8387
vn 0.6758 -0.1633 -0.7187
vn -0.4078 0.1417 -0.9020
vn 0.9741 -0.1122 -0.1963
vn 0.4584 -0.4675 0.7558
vn 0.9483 0.2092 0.2388
vn 0.0639 0.0184 0.9978
vn 0.7135 0.1003 0.6934
vn 0.9342 0.0861 0.3462
vn 0.6829 0.1433 0.7164
vn -0.9148 0.0900 0.3938
vn -0.9381 0.0258 0.3455
vn -0.9713 0.0764 0.2251
vn -0.3549 -0.8843 -0.3034
vn 0.5838 -0.6086 0.5374
vn 0.8114 -0.5624 0.1588
vn -0.1525 -0.8821 -0.4457
vn 0.1543 0.8659 -0.4759
vn 0.2639 0.0089 0.9645
vn 0.0284 -0.0059 0.9996
vn 0.5489 0.0708 0.8329
vn 0.4947 0.8431 -0.2108
vn 0.5506 0.6904 0.4692
vn 0.0396 0.9867 0.1577
vn 0.0503 -0.7901 -0.6109
vn 0.6123 -0.7904 -0.0182
vn 0.8137 -0.5811 -0.0147
vn 0.9793 0.0410 0.1982
vn -0.9917 -0.0832 -0.0980
vn -0.9812 0.1705 0.0910
vn -0.9974 0.0514 0.0503
vn -0.7972 -0.1947 -0.5714
vn -0.8990 0.2543 -0.3565
vn 0.7303 0.1747 0.6604
vn 0.8864 0.1628 0.4333
vn 0.8698 -0.0181 0.4931
vn -0.9754 0.1031 -0.1946
vn -0.9776 0.0894 -0.1903
vn -0.9556 -0.2221 -0.1934
vn -0.8861 0.0581 -0.4598
vn 0.9739 -0.2118 0.0815
vn 0.9159 -0.3734 0.1472
vn 0.8796 0.0834 0.4684
vn 0.9836 -0.1798 -0.0150
vn 0.7294 -0.0586 0.6816
vn 0.1784 0.6285 0.7571
vn 0.7752 0.4629 0.4298
vn -0.0799 -0.1078 -0.9910
vn -0.1164 -0.0894 -0.9892
vn 0.5710 -0.6438 -0.5094
vn 0.4994 -0.7478 -0.4374
vn 0.8790 -0.0074 0.4768
vn -0.3669 -0.1262 -0.9217
vn -0.2221 -0.8152 -0.5349
vn 0.5026 -0.6205 -0.6020
vn -0.1937 -0.7084 -0.6787
vn 0.8779 -0.1354 0.4593
vn 0.9780 -0.1842 0.0975
vn -0.3622 -0.3348 0.8699
vn -0.0249 -0.2660 0.9637
vn -0.0940 0.0225 0.9953
vn -0.9449 0.2726 -0.1812
vn -0.9981 -0.0114 0.0603
vn -0.9572 -0.0989 0.2721
vn -0.7969 0.2731 0.5389
vn -0.0624 0.0641 0.9960
vn 0.0368 0.0535 -0.9979
vn -0.1902 -0.0317 -0.9812
vn 0.0399 -0.0395 -0.9984
vn 0.4665 -0.3609 -0.8075
vn 0.6313 -0.7213 -0.2849
vn 0.9035 -0.3341 -0.2686
vn 0.3570 0.3517 0.8654
vn -0.0603 -0.6088 0.7911
vn 0.2904 -0.7622 0.5786
vn 0.1834 0.9716 0.1494
vn -0.0926 0.9095 0.4053
vn 0.2421 -0.1796 0.9535
vn 0.6465 -0.0636 0.7602
vn 0.1625 -0.2313 0.9592
vn 0.0317 0.4418 0.8966
vn -0.8162 0.1804 0.5489
vn -0.3677 -0.1831 0.9117
vn 0.9727 -0.2292 0.0347
vn 0.0140 0.0285 0.9995
vn 0.1082 0.1384 0.9844
vn 0.9589 -0.1372 0.2482
vn 0.9957 0.0015 0.0931
vn 0.9382 -0.1901 0.2892
vn 0.5688 -0.3034 0.7644
vn 0.1758 0.0981 0.9795
vn 0.4285 -0.0331 0.9029
vn 0.6271 -0.0249 0.7786
vn 0.3372 -0.0239 0.9411
vn 0.7714 -0.0510 0.6343
vn 0.5605 0.8267 0.0486
vn 0.5163 0.8427 -0.1528
vn 0.6278 -0.2689 0.7304
vn 0.5419 -0.0202 0.8402
vn 0.7887 -0.0321 0.6140
vn 0.4942 -0.5805 0.6471
vn 0.0876 -0.6643 0.7423
vn -0.2227 -0.7203 0.6570
vn -0.3730 0.0008 -0.9278
vn -0.3621 0.0113 -0.9321
vn -0.8137 -0.0234 -0.5808
vn 0.8674 -0.1106 -0.4852
vn 0.4835 0.0587 -0.8734
vn -0.5903 -0.1952 -0.7833
vn -0.6538 -0.7557 0.0376
vn -0.8300 -0.4952 -0.2566
vn -0.2347 0.2019 0.9509
vn 0.0682 0.0637 0.9956
vn -0.0553 0.2087 0.9764
vn 0.9272 -0.1351 0.3494
vn 0.9614 -0.2425 -0.1300
vn 0.9790 -0.0924 0.1816
vn 0.7710 0.4299 -0.4699
vn 0.8216 0.5700 0.0003
vn 0.0974 0.0167 0.9951
vn 0.2709 0.0313 0.9621
vn -0.4203 -0.2631 -0.8684
vn -0.9936 0.0685 -0.0901
vn 0.1912 0.0178 -0.9814
vn 0.0741 -0.1269 -0.9891
vn 0.1946 -0.5198 -0.8319
vn 0.2138 -0.2726 -0.9381
vn 0.5506 -0.1148 -0.8269
vn -0.0605 0.0156 -0.9980
vn 0.0452 0.0336 -0.9984
vn -0.0092 -0.0638 -0.9979
vn 0.8633 0.0209 -0.5043
vn 0.9018 0.0055 0.4321
vn 0.8781 0.0351 -0.4772
vn 0.7954 -0.1068 0.5966
vn 0.4214 0.8522 0.3100
vn 0.4075 0.7105 0.5738
vn 0.4933 -0.8008 -0.3396
vn 0.6624 -0.7405 -0.1131
vn 0.1977 0.1052 -0.9746
vn -0.0322 0.1658 -0.9856
vn 0.2525 -0.1156 -0.9607
vn 0.9954 -0.0302 0.0915
vn 0.7951 0.0299 0.6057
vn -0.4128 -0.1979 0.8891
vn -0.7737 0.1021 0.6253
vn -0.8181 -0.0010 0.5750
vn -0.8870 -0.0574 0.4582
vn -0.5590 0.8291 -0.0144
vn -0.5065 0.8421 -0.1854
vn -0.7082 0.6873 -0.1616
vn -0.7444 0.5841 0.3236
vn -0.6449 0.7385 0.1966
vn -0.7032 0.7095 0.0445
vn -0.7446 0.3384 -0.5754
vn -0.7232 0.2805 -0.6312
vn -0.9222 0.2750 -0.2718
vn -0.8376 -0.3236 -0.4402
vn -0.8380 -0.5086 0.1978
vn 0.1908 -0.2545 0.9481
vn 0.3027 -0.2464 0.9207
vn 0.5333 -0.2401 0.8112
vn 0.5268 -0.7012 0.4805
vn -0.5612 0.8131 0.1549
vn 0.0802 -0.0785 -0.9937
vn 0.0246 -0.0113 -0.9996
vn 0.1010 -0.0469 -0.9938
vn -0.9694 0.1939 -0.1507
vn -0.9134 0.2259 0.3387
vn -0.9652 0.1051 0.2395
vn -0.6924 0.0565 0.7193
vn -0.5945 0.5221 0.6115
vn -0.9738 0.0632 -0.2183
vn -0.8661 -0.0188 0.4996
vn -0.6174 0.7256 0.3039
vn -0.5912 0.6481 0.4800
vn -0.1039 0.8092 0.5783
vn 0.7585 0.1628 0.6310
vn 0.9597 0.2657 0.0910
vn 0.7666 -0.0865 -0.6363
vn 0.1912 -0.1187 -0.9743
vn 0.4818 -0.0203 -0.8760
vn 0.1277 0.0017 -0.9918
vn 0.1486 -0.0048 -0.9889
vn 0.6263 -0.0357 -0.7788
vn 0.8683 0.0039 -0.4959
vn -0.0024 0.0843 -0.9964
vn 0.3828 0.2487 -0.8897
vn 0.1984 0.1763 -0.9641
vn 0.3134 0.4907 -0.8130
vn 0.0467 0.4975 -0.8662
vn 0.2325 0.5328 -0.8137
vn 0.5124 0.8297 0.2212
vn 0.4503 0.8714 0.1948
vn 0.1293 0.6313 0.7647
vn 0.3243 0.9100 0.2584
vn -0.1520 0.6624 0.7335
vn -0.4693 0.8757 -0.1139
vn -0.5592 0.6154 -0.5555
vn -0.8824 0.3554 -0.3083
vn -0.9053 -0.0368 0.4232
vn -0.8331 -0.0739 0.5481
vn -0.6211 -0.1747 0.7640
vn -0.8440 -0.1430 0.5170
vn -0.6397 0.0938 0.7629
vn -0.9314 0.1610 -0.3264
vn 0.0962 -0.0280 0.9950
vn 0.9638 -0.1830 0.1940
vn 0.7649 0.5530 -0.3302
vn 0.6673 0.7317 -0.1391
vn 0.8249 0.5640 0.0378
vn 0.4454 0.5693 0.6910
vn 0.7138 0.6425 0.2786
vn 0.5753 0.7747 0.2626
vn -0.9572 0.1917 0.2169
vn -0.6006 0.0228 0.7992
vn -0.9701 0.0071 0.2427
vn -0.2909 -0.4553 0.8415
vn -0.1630 0.9071 -0.3882
vn 0.0675 0.7197 -0.6910
vn -0.0195 0.3771 -0.9260
vn 0.2651 -0.0935 -0.9597
vn 0.3114 0.0236 -0.9500
vn 0.4164 0.0329 -0.9086
vn -0.4290 0.0633 0.9011
vn 0.0401 -0.2891 -0.9565
vn 0.3527 -0.0287 -0.9353
vn -0.2283 0.0077 -0.9736
vn -0.8501 0.1897 -0.4913
vn -0.6967 -0.0165 -0.7172
vn 0.2386 -0.0572 0.9694
vn 0.1364 -0.0565 0.9890
vn -0.1126 0.3357 0.9352
vn 0.4294 -0.1146 0.8958
vn 0.4616 -0.0702 0.8843
vn -0.2763 -0.6020 0.7492
vn -0.9857 0.1684 0.0021
vn -0.9082 0.4156 -0.0494
vn -0.7134 -0.4726 0.5174
vn -0.6071 -0.4219 0.6733
vn -0.9576 -0.0283 0.2867
vn -0.8013 -0.1293 0.5842
vn -0.9263 0.0030 0.3769
vn 0.2079 -0.1665 -0.9639
vn 0.8618 -0.4395 -0.2534
vn 0.9657 0.0383 0.2567
vn 0.9792 -0.1163 -0.1663
vn -0.0301 0.9065 -0.4211
vn -0.2173 0.9746 0.0541
vn -0.0676 0.9000 0.4307
vn 0.0452 0.4632 0.8851
vn -0.0057 0.8010 0.5987
vn 0.4288 0.8719 0.2365
vn 0.6625 0.7162 0.2194
vn 0.4544 -0.2378 0.8585
vn -0.7695 -0.0083 -0.6386
vn -0.9213 0.0101 -0.3886
vn -0.9429 -0.0831 -0.3226
vn 0.2742 -0.0083 0.9616
vn -0.7706 -0.2654 0.5794
vn 0.1801 -0.0248 0.9833
vn -0.7284 0.3214 -0.6051
vn -0.8845 0.2059 -0.4187
vn -0.4962 -0.1878 -0.8476
vn 0.3263 0.6938 -0.6420
vn 0.9381 0.0103 0.3463
vn 0.8003 -0.0056 0.5996
vn 0.9744 0.0009 -0.2248
vn 0.6755 -0.6382 -0.3693
vn 0.5581 -0.8276 0.0606
vn 0.6118 -0.7324 0.2989
vn -0.4223 0.3681 0.8283
vn -0.4452 0.2858 0.8486
vn -0.4357 0.8279 0.3532
vn 0.9170 -0.1318 0.3765
vn -0.3346 -0.0846 0.9386
vn 0.2268 0.2637 -0.9376
vn 0.5650 0.0489 -0.8237
vn 0.4213 0.1506 -0.8944
vn -0.7103 -0.1364 -0.6905
vn -0.4932 -0.0134 -0.8698
vn 0.9993 -0.0364 -0.0016
vn 0.9953 -0.0319 -0.0920
vn 0.5504 -0.0770 -0.8314
vn 0.5659 -0.0572 -0.8225
vn 0.5816 -0.0500 -0.8119
vn 0.3080 0.0475 0.9502
vn 0.2146 -0.1290 0.9681
vn 0.2813 -0.5196 0.8068
vn 0.9330 -0.2586 -0.2501
vn 0.9959 -0.0748 0.0516
vn -0.6129 0.3882 0.6882
vn -0.7032 -0.0672 0.7078
vn -0.5663 -0.0550 0.8223
vn -0.5849 0.8020 0.1215
vn -0.8245 0.0652 0.5620
vn -0.8872 -0.0023 0.4614
vn -0.6580 -0.1859 0.7297
vn 0.8486 0.4081 0.3365
vn 0.5927 -0.2409 0.7686
vn -0.8016 0.4447 -0.3996
vn -0.9836 -0.0770 -0.1629
vn -0.9045 0.2346 0.3561
vn -0.8927 -0.2533 -0.3726
vn 0.4998 0.1647 -0.8504
vn 0.6099 -0.0037 -0.7925
vn 0.3171 -0.1033 -0.9428
vn 0.6459 -0.4140 -0.6415
vn 0.2003 -0.1796 -0.9631
vn 0.6426 -0.2277 -0.7316
vn -0.9112 -0.1917 0.3645
vn -0.3284 -0.8359 -0.4399
vn -0.7006 -0.6703 -0.2446
vn 0.9410 -0.0254 0.3375
vn 0.8886 0.1989 0.4133
vn 0.9156 -0.3893 0.1003
vn -0.9817 0.1641 -0.0970
vn -0.9753 0.2191 -0.0284
vn 0.1286 0.0950 0.9871
vn -0.1897 0.3268 0.9259
vn 0.7682 -0.3001 0.5654
vn 0.9364 -0.1990 0.2889
vn -0.1992 -0.0623 0.9780
vn -0.7979 0.1726 0.5775
vn -0.8681 -0.1982 0.4551
vn -0.8470 -0.2416 -0.4736
vn -0.9819 -0.0780 -0.1729
vn -0.9208 -0.2289 -0.3159
vn -0.8863 -0.0213 -0.4627
vn -0.9449 -0.3095 -0.1071
vn -0.8745 -0.2531 -0.4137
vn -0.9856 0.0013 0.1690
vn -0.5823 -0.0666 0.8102
vn -0.6073 0.1374 0.7825
vn -0.6054 0.1547 0.7807
vn -0.6835 0.1315 0.7180
vn 0.6488 -0.0131 0.7608
vn 0.3499 -0.0313 0.9363
vn 0.0274 0.1267 0.9916
vn -0.1595 -0.0278 0.9868
vn 0.2728 -0.7452 -0.6084
vn 0.6146 -0.7677 -0.1814
vn 0.9737 -0.2241 -0.0410
vn 0.8690 -0.0286 0.4941
vn 0.3802 0.0122 -0.9248
vn 0.6694 0.2454 -0.7012
vn 0.9830 -0.0325 -0.1807
vn 0.8324 -0.2273 -0.5054
vn 0.7436 0.0343 -0.6678
vn 0.8658 -0.0002 -0.5004
vn 0.8630 0.0589 -0.5017
vn 0.6127 -0.0287 -0.7898
vn 0.6424 0.0404 -0.7653
vn -0.9441 -0.0472 -0.3263
vn 0.0551 -0.8405 -0.5390
vn -0.5173 -0.0283 -0.8554
vn -0.5469 -0.0133 -0.8371
vn -0.6585 -0.0051 -0.7526
vn -0.7036 0.0093 -0.7105
vn -0.9902 -0.1159 -0.0785
vn -0.8908 0.0097 0.4542
vn -0.1419 -0.0382 -0.9891
vn -0.3456 0.0109 -0.9383
vn -0.5345 0.0880 -0.8405
vn -0.6135 0.0815 -0.7855
vn 0.2989 -0.3338 -0.8940
vn 0.7815 -0.1355 -0.6090
vn 0.7795 0.4971 0.3812
vn 0.9091 -0.3246 0.2610
vn 0.1445 -0.7519 0.6433
vn 0.4916 0.6386 0.5921
vn -0.4009 0.7209 0.5652
vn -0.4990 0.6919 0.5218
vn -0.9708 -0.2227 -0.0897
vn -0.9545 -0.2404 0.1765
vn -0.4818 -0.3749 0.7920
vn -0.9511 -0.1711 0.2571
vn -0.8568 0.0840 0.5088
vn 0.3447 0.0905 0.9343
vn -0.3985 0.1682 0.9016
vn 0.7805 0.1062 0.6160
vn 0.7725 0.0058 0.6349
vn 0.3469 -0.1664 0.9230
vn -0.5704 -0.3352 0.7499
vn -0.3384 -0.0627 0.9389
vn -0.1828 0.0396 -0.9823
vn -0.6728 0.1841 -0.7165
vn -0.5598 0.2203 -0.7988
vn -0.1378 0.0505 -0.9892
vn -0.8945 0.0666 -0.4422
vn -1.0000 -0.0031 0.0036
vn -0.9987 -0.0235 -0.0462
vn -0.3805 0.6790 0.6279
vn 0.0452 0.8482 0.5277
vn -0.5024 0.8643 -0.0233
vn -0.4357 0.1375 0.8895
vn -0.3582 -0.1310 0.9244
vn -0.4905 0.0228 0.8711
vn -0.4454 0.0470 0.8941
vn -0.6418 0.7618 0.0884
vn -0.4475 0.8774 -0.1730
vn -0.3887 0.9166 -0.0938
vn -0.6067 0.7752 -0.1759
vn 0.7557 -0.1939 0.6255
vn 0.6525 -0.7429 -0.1491
vn 0.3128 0.1138 0.9430
vn -0.9513 0.1505 -0.2690
vn -0.5766 0.7841 -0.2295
vn 0.1940 0.8413 0.5047
vn 0.2658 0.9302 -0.2531
vn 0.2401 0.9407 -0.2396
vn -0.1153 0.1268 -0.9852
vn -0.0250 0.0948 -0.9952
vn 0.9400 -0.0361 0.3393
vn -0.5760 0.0977 -0.8116
vn -0.9016 0.0859 -0.4238
vn -0.3611 -0.1002 -0.9271
vn 0.0742 0.4957 -0.8653
vn 0.1201 0.6170 -0.7777
vn -0.3595 -0.1041 -0.9273
vn -0.3398 -0.1037 -0.9348
vn -0.8429 0.0160 0.5378
vn -0.7053 0.0616 0.7062
vn -0.4896 -0.0083 0.8719
vn -0.4070 0.1177 0.9058
vn -0.2051 -0.0642 0.9766
vn -0.5523 0.5090 -0.6603
vn 0.5800 0.8108 0.0787
vn 0.2164 0.9639 0.1549
vn -0.3931 0.6824 -0.6162
vn -0.2696 0.7353 -0.6219
vn 0.8080 -0.0578 0.5863
vn 0.5574 0.1054 0.8235
vn 0.8949 -0.0507 0.4434
vn -0.2203 0.5341 0.8162
vn 0.8415 0.4057 0.3567
vn -0.8060 0.2278 -0.5464
vn -0.8859 0.3325 -0.3236
vn -0.8831 -0.0113 0.4691
vn -0.9817 -0.1665 0.0919
vn -0.9914 0.1288 -0.0231
vn 0.6442 -0.6063 -0.4662
vn 0.6492 0.5741 -0.4990
vn 0.6479 -0.3013 -0.6996
vn 0.1581 0.1940 -0.9682
vn 0.2625 0.0561 -0.9633
vn 0.4378 0.0053 -0.8991
vn 0.3286 -0.0576 -0.9427
vn -0.0431 0.0861 0.9953
vn 0.5468 0.0838 0.8330
vn 0.5009 -0.1225 0.8568
vn -0.6864 0.1562 0.7102
vn -0.7184 0.1283 0.6837
vn -0.8270 -0.0416 0.5607
vn 0.1161 0.1901 -0.9749
vn 0.4202 0.0029 -0.9074
vn 0.5331 -0.5496 -0.6432
vn 0.3429 -0.1521 -0.9270
vn 0.0869 -0.2584 -0.9621
vn -0.4174 -0.2342 -0.8780
vn 0.5770 -0.1358 -0.8054
vn 0.4325 0.0094 -0.9016
vn 0.5618 -0.2035 -0.8019
vn 0.6245 -0.0777 -0.7771
vn -0.5885 0.1616 -0.7922
vn -0.1860 -0.0549 -0.9810
vn -0.9054 0.3343 0.2617
vn -0.9313 0.2654 0.2496
vn -0.7958 -0.0231 0.6051
vn -0.4192 -0.0979 0.9026
vn 0.4513 0.0317 -0.8918
vn 0.8832 0.1099 -0.4559
vn 0.9943 -0.0392 -0.0992
vn 0.8707 -0.4093 0.2726
vn 0.9841 -0.0548 -0.1691
vn 0.3889 0.1236 0.9130
vn 0.5829 -0.0528 0.8108
vn -0.1730 0.2415 0.9549
vn -0.6818 -0.2651 0.6818
vn -0.4865 -0.3857 0.7840
vn 0.9761 -0.0188 -0.2164
vn 0.9610 -0.0368 -0.2740
vn 0.9341 -0.1304 0.3324
vn 0.9378 0.1692 0.3033
vn 0.9690 0.2107 0.1291
vn -0.9906 0.0024 0.1364
vn -0.9969 -0.0098 -0.0778
vn -0.9619 -0.1554 0.2249
vn -0.6393 0.0174 0.7688
vn -0.7024 -0.2614 -0.6620
vn 0.2588 -0.9654 -0.0324
vn -0.2262 -0.6956 -0.6819
vn -0.8201 0.2128 -0.5311
vn 0.9108 0.4026 0.0907
vn 0.1724 0.7793 -0.6025
vn 0.4485 0.0533 -0.8922
vn 0.8897 0.0816 -0.4491
vn 0.8367 0.1074 -0.5370
vn 0.2635 0.2477 -0.9323
vn -0.2357 0.3030 0.9234
vn 0.5205 0.1564 0.8394
vn 0.9596 0.1044 -0.2613
vn 0.9948 0.1005 0.0182
vn 0.9071 -0.0357 0.4194
vn 0.2483 -0.3946 -0.8847
vn -0.9093 0.1371 -0.3928
vn -0.9871 -0.1601 -0.0012
vn -0.9710 0.0363 0.2362
vn -0.9461 -0.0111 0.3236
vn 0.0037 0.0273 0.9996
vn -0.0001 0.0168 0.9999
vn 0.6559 0.0641 0.7521
vn 0.8276 -0.0287 0.5606
vn 0.6045 0.1126 -0.7886
vn 0.6379 0.1047 -0.7629
vn 0.6831 0.4195 -0.5978
vn 0.2191 -0.1867 -0.9577
vn -0.9624 0.0627 -0.2643
vn -0.8107 -0.1184 -0.5734
vn -0.6660 -0.1408 -0.7326
vn -0.9703 -0.1065 0.2170
vn -0.8655 -0.0600 0.4974
vn -0.9214 -0.0455 0.3859
vn 0.8360 -0.1708 -0.5214
vn 0.8944 -0.4452 0.0430
vn -0.9519 0.0493 -0.3023
vn -0.3006 0.1492 -0.9420
vn -0.8744 -0.0416 -0.4835
vn -0.8917 -0.2371 -0.3856
vn -0.4112 -0.3034 0.8596
vn -0.3762 -0.4173 0.8273
vn -0.2342 -0.1675 0.9576
vn 0.0806 0.9121 0.4021
vn 0.0395 0.7169 0.6960
vn -0.7139 0.6896 0.1216
vn -0.2621 0.4957 -0.8280
vn 0.9883 -0.0995 -0.1159
vn 0.9582 0.1306 -0.2545
vn 0.9772 -0.1101 -0.1814
vn 0.3399 0.0123 0.9404
vn -0.0133 -0.0038 0.9999
vn 0.3215 0.8127 0.4859
vn 0.7918 0.2544 0.5553
vn 0.3717 0.7846 0.4963
vn 0.5373 0.7840 0.3110
vn -0.4041 0.8268 0.3914
vn -0.1941 0.8705 0.4522
vn 0.0048 -0.9992 0.0407
vn -0.7180 -0.0396 0.6949
vn -0.9929 -0.0977 -0.0672
vn -0.9472 -0.3045 0.1009
vn 0.0742 0.1331 0.9883
vn -0.7613 -0.0504 -0.6464
vn -0.4024 -0.4597 -0.7917
vn -0.3798 -0.4928 -0.7828
vn -0.9822 -0.0038 -0.1880
vn -0.9870 0.1337 -0.0897
vn -0.2559 0.4712 0.8441
vn -0.3190 0.8896 0.3269
vn -0.4488 0.6466 0.6169
vn 0.9795 0.1081 -0.1699
vn 0.8657 0.1050 0.4895
vn 0.7807 0.1739 0.6002
vn 0.2014 0.1118 0.9731
vn -0.7483 -0.1024 0.6555
vn -0.4252 -0.0243 0.9048
vn -0.6841 -0.4010 0.6093
vn 0.5543 -0.0866 -0.8278
vn -0.7384 0.5271 -0.4206
vn -0.4169 0.6472 -0.6382
vn -0.1666 -0.5994 0.7829
vn -0.8719 -0.4791 0.1015
vn -0.5784 -0.1231 0.8064
vn -0.2253 0.3542 0.9076
vn -0.9869 -0.1093 0.1188
vn -0.9422 -0.2730 0.1944
vn -0.9631 -0.1714 -0.2073
vn -0.1468 0.5251 0.8383
vn -0.2587 0.5589 0.7878
vn -0.5251 0.6500 -0.5492
vn -0.2302 0.8773 -0.4211
vn 0.4246 0.5683 0.7048
vn -0.4714 0.5563 0.6844
vn 0.7051 0.0211 -0.7088
vn 0.5496 0.1631 -0.8194
vn 0.5412 0.1061 -0.8342
vn -0.6467 0.2487 -0.7210
vn -0.6121 0.1118 -0.7828
vn 0.1216 0.1643 -0.9789
vn 0.7476 0.0320 0.6633
vn 0.8244 -0.3528 -0.4427
vn 0.1536 -0.0605 -0.9863
vn 0.5310 0.8201 -0.2133
vn 0.3232 0.7736 -0.5451
vn 0.2971 0.9097 -0.2901
vn 0.1449 0.6681 -0.7298
vn 0.1693 0.7799 -0.6026
vn -0.8160 0.1487 0.5587
vn 0.6121 0.2396 0.7536
vn 0.5937 -0.0928 0.7993
vn 0.3472 -0.0158 0.9377
vn 0.3846 0.1795 -0.9055
vn 0.0546 0.1575 -0.9860
vn -0.1361 0.0678 0.9884
vn -0.0862 -0.3319 -0.9394
vn 0.9647 -0.0884 -0.2481
vn 0.8188 0.2674 -0.5080
vn 0.6079 0.4354 -0.6640
vn -0.0985 -0.1121 0.9888
vn 0.1633 0.0601 0.9848
vn -0.0158 -0.0749 0.9971
vn 0.8752 0.2910 0.3865
vn 0.6851 0.1875 0.7039
vn -0.2599 -0.6847 0.6809
vn 0.7948 -0.0320 0.6060
vn 0.9144 0.3907 -0.1059
vn 0.7186 0.0692 -0.6920
vn 0.8598 0.2853 -0.4234
vn 0.5711 0.5301 -0.6268
vn 0.5409 0.1921 0.8189
vn -0.0547 0.3262 0.9437
vn -0.2683 -0.0826 0.9598
vn 0.9858 -0.0691 0.1531
vn 0.4113 0.9111 -0.0263
vn 0.5576 -0.0604 0.8279
vn 0.7119 0.1879 -0.6767
vn 0.5967 0.3149 -0.7381
vn 0.7402 0.5112 -0.4368
vn -0.4636 -0.4944 -0.7353
vn -0.4441 -0.5323 -0.7207
vn -0.3913 0.1237 0.9119
vn -0.7661 0.5020 -0.4013
vn 0.5895 -0.5021 0.6328
vn 0.4420 0.6792 0.5859
vn 0.7648 -0.2719 0.5841
vn 0.3918 -0.2504 0.8853
vn 0.0787 -0.2310 0.9698
vn -0.4367 0.1143 -0.8923
vn 0.2291 0.1901 -0.9547
vn 0.1016 0.2008 -0.9743
vn 0.8225 0.2358 0.5176
vn 0.8351 -0.0418 0.5486
vn 0.4726 -0.2005 0.8582
vn -0.1423 0.0569 0.9882
vn 0.3406 0.0378 0.9394
vn -0.1076 0.7607 0.6401
vn 0.9325 0.2549 -0.2559
vn 0.6188 -0.3692 -0.6933
vn 0.3695 -0.2853 0.8843
vn 0.1498 -0.3532 0.9235
vn 0.6648 -0.5970 -0.4490
vn 0.5459 -0.0731 -0.8347
vn 0.2174 0.0692 0.9736
vn 0.4562 0.0799 0.8863
vn 0.1609 -0.0679 0.9846
vn 0.7101 -0.2434 0.6607
vn 0.7678 -0.4121 0.4906
vn 0.2520 -0.0896 0.9636
vn 0.4070 0.0551 0.9117
vn 0.4677 0.1294 0.8744
vn -0.6435 0.0910 -0.7600
vn -0.5503 0.0496 -0.8335
vn -0.8581 -0.3669 -0.3593
vn 0.9386 0.1449 -0.3131
vn 0.7850 0.3795 -0.4897
vn 0.8819 0.0877 -0.4631
vn -0.5038 0.1839 -0.8440
vn 0.3295 0.0197 -0.9440
vn 0.4003 -0.1783 -0.8989
vn -0.3078 0.1972 -0.9308
vn -0.6329 -0.2828 -0.7207
vn -0.2391 0.3421 -0.9087
vn 0.5753 -0.6415 -0.5075
vn 0.4149 -0.7949 -0.4426
vn 0.3845 -0.3797 -0.8414
vn -0.0658 0.9410 -0.3318
vn -0.5963 0.5944 0.5396
vn -0.8774 0.4797 -0.0007
vn 0.4923 0.7840 0.3781
vn 0.4119 0.7289 0.5469
vn -0.8739 -0.1048 -0.4746
vn -0.6036 0.0936 -0.7918
vn -0.9133 0.1200 -0.3892
vn -0.9495 -0.3123 0.0312
vn -0.6635 -0.3994 -0.6327
vn -0.8532 -0.4894 0.1806
vn 0.7025 -0.1892 -0.6861
vn 0.9538 -0.1872 -0.2348
vn 0.9494 -0.0780 -0.3043
vn 0.4513 0.3650 -0.8143
vn 0.1260 0.1085 -0.9861
vn 0.4033 0.3718 -0.8361
vn 0.4521 0.8129 0.3672
vn 0.2370 0.7742 -0.5869
vn -0.0310 0.8724 -0.4877
vn -0.3798 0.9249 -0.0192
vn -0.7446 0.6653 -0.0543
vn -0.8442 -0.1429 -0.5167
vn -0.4948 -0.1764 -0.8509
vn -0.3733 -0.2868 -0.8823
vn -0.9565 -0.0649 0.2845
vn -0.9075 -0.0336 -0.4188
vn -0.9729 -0.0004 -0.2314
vn -0.9640 -0.0110 -0.2655
vn 0.8816 -0.2818 -0.3786
vn 0.6384 0.7349 -0.2291
vn 0.6395 0.6146 -0.4619
vn 0.5737 -0.6238 -0.5309
vn 0.2700 -0.9562 -0.1132
vn 0.9143 -0.2008 -0.3516
vn 0.9671 -0.1619 -0.1960
vn 0.2267 0.0627 -0.9719
vn 0.2991 -0.2592 -0.9184
vn -0.3942 0.7574 0.5205
vn -0.8586 0.0473 0.5105
vn -0.7972 0.1496 -0.5850
vn -0.5735 -0.2032 0.7936
vn -0.5897 0.0394 0.8067
vn 0.9952 -0.0967 -0.0163
vn 0.9914 -0.0764 -0.1066
vn -0.9629 -0.1969 -0.1845
vn -0.7525 -0.0903 -0.6524
vn -0.9989 0.0457 0.0129
vn 0.9840 0.0335 0.1752
vn 0.9166 0.1728 0.3606
vn 0.5948 -0.8000 0.0791
vn 0.0870 0.1073 0.9904
vn 0.1217 -0.2824 0.9516
vn -0.0249 -0.3770 -0.9259
vn 0.3942 -0.0650 -0.9167
vn -0.9208 -0.1081 -0.3748
vn -0.9750 -0.1137 -0.1912
vn 0.8874 -0.0805 -0.4539
vn 0.9825 -0.1864 0.0047
vn 0.6500 0.0227 0.7596
vn 0.9532 -0.2028 0.2241
vn 0.5082 -0.6810 0.5272
vn -0.4851 0.8167 -0.3124
vn 0.8775 0.1911 0.4399
vn -0.6485 -0.4515 -0.6129
vn -0.7835 -0.1667 -0.5986
vn 0.1309 -0.5170 -0.8459
vn 0.7652 -0.5322 -0.3623
vn -0.8692 0.0520 -0.4917
vn 0.7904 0.0036 0.6126
vn -0.5856 -0.0426 0.8095
vn -0.9919 0.0036 -0.1272
vn -0.6664 0.0487 -0.7440
vn 0.3181 0.9308 0.1802
vn 0.4495 0.8843 0.1264
vn -0.0155 0.9614 0.2749
vn -0.9631 -0.2426 -0.1169
vn -0.4018 0.8822 0.2456
vn 0.0311 0.9985 -0.0441
vn 0.7703 0.3067 -0.5590
vn 0.8729 0.1897 -0.4496
vn -0.8930 -0.4007 -0.2047
vn -0.9451 -0.2607 0.1971
vn -0.8234 0.0172 0.5672
vn -0.2520 -0.0922 0.9633
vn -0.7537 -0.0542 0.6549
vn -0.0554 0.0351 0.9978
vn -0.2436 0.0757 0.9669
vn 0.3797 0.3559 0.8539
vn -0.5727 0.8170 0.0671
vn -0.7769 0.6291 0.0246
vn 0.3786 0.1623 -0.9112
vn 0.4422 0.2176 -0.8701
vn 0.1232 0.6809 -0.7220
vn -0.6158 0.6518 0.4426
vn -0.0484 0.9962 0.0728
vn 0.7844 -0.0436 0.6187
vn 0.6982 0.1098 0.7074
vn 0.9295 0.1681 0.3284
vn 0.5548 0.1607 0.8163
vn 0.7505 -0.1491 0.6438
vn 0.1683 -0.1377 0.9761
vn -0.9764 0.1394 -0.1649
vn -0.9319 0.1943 -0.3062
vn -0.8372 0.0478 -0.5449
vn -0.1958 0.7521 -0.6293
vn -0.3935 0.2270 -0.8908
vn -0.8944 0.4193 -0.1556
vn -0.8227 0.5680 -0.0226
vn -0.8766 0.4144 0.2448
vn -0.9317 0.3072 0.1937
vn -0.8378 0.3175 0.4442
vn 0.1933 -0.0994 -0.9761
vn 0.2702 0.2817 -0.9207
vn -0.9822 -0.1058 -0.1549
vn -0.9579 0.2423 -0.1538
vn -0.9868 -0.0661 -0.1477
vn 0.6176 0.2017 -0.7602
vn 0.6544 0.0260 -0.7557
vn -0.8746 -0.4732 0.1056
vn -0.8024 -0.5552 -0.2191
vn -0.9890 -0.0638 0.1337
vn -0.9717 0.0708 0.2253
vn -0.9553 0.0874 0.2824
vn -0.2651 -0.4520 0.8517
vn -0.5602 -0.2285 0.7962
vn 0.2340 -0.2605 0.9367
vn -0.9800 0.0006 0.1988
vn -0.9933 0.0967 0.0639
vn -0.8837 0.0768 0.4616
vn 0.5231 0.7310 0.4382
vn 0.9016 -0.0041 -0.4326
vn 0.9376 0.0123 -0.3474
vn 0.9958 0.0125 -0.0904
vn 0.5656 0.0179 0.8245
vn -0.8292 -0.2025 0.5210
vn -0.7886 -0.0600 -0.6120
vn 0.8733 0.0340 0.4860
vn 0.6081 0.1325 0.7827
vn 0.3068 0.0740 0.9489
vn -0.5013 0.0583 -0.8633
vn 0.4092 -0.7057 -0.5784
vn 0.7234 0.1670 -0.6699
vn -0.2248 -0.1395 0.9644
vn -0.5236 -0.0641 0.8496
vn -0.4511 -0.3055 0.8385
vn -0.3094 0.0065 0.9509
vn -0.1385 0.2308 0.9631
vn -0.4271 0.0984 0.8989
vn -0.4722 0.1982 0.8589
vn -0.4633 -0.6903 0.5557
vn -0.3881 0.1915 0.9015
vn -0.5431 0.6709 0.5050
vn -0.5517 0.7977 0.2437
vn 0.4522 0.8726 -0.1844
vn 0.8644 0.2045 -0.4594
vn 0.9976 0.0693 -0.0027
vn -0.6211 0.7454 0.2420
vn 0.3058 0.0770 0.9490
vn -0.3382 0.3996 -0.8520
vn -0.8702 -0.1223 -0.4773
vn 0.8715 -0.0397 -0.4888
vn 0.7943 -0.4449 0.4137
vn 0.1931 0.0499 0.9799
vn -0.9592 -0.2534 -0.1252
vn -0.7904 0.0981 0.6047
vn -0.6334 0.2242 0.7406
vn -0.6055 0.5992 -0.5238
vn -0.7475 0.6084 -0.2666
vn 0.8269 -0.1870 -0.5303
vn 0.6488 -0.1311 -0.7495
vn 0.4925 -0.1592 -0.8556
vn 0.1003 0.1456 -0.9842
vn 0.7556 0.4125 0.5088
vn -0.1152 0.8051 0.5818
vn 0.1534 0.8696 0.4694
vn -0.3056 0.6523 -0.6937
vn -0.1955 0.6235 -0.7570
vn 0.6972 0.0324 0.7161
vn 0.3011 -0.3865 0.8717
vn 0.7682 -0.0625 0.6371
vn 0.4171 0.4066 0.8128
vn -0.0106 -0.4876 -0.8730
vn 0.5810 -0.4468 -0.6802
vn 0.3424 0.3196 -0.8835
vn -0.4527 -0.7234 -0.5213
vn -0.2505 0.5747 0.7791
vn -0.1168 0.5174 0.8478
vn -0.0545 0.8958 0.4411
vn 0.1661 0.8967 -0.4102
vn 0.7497 -0.1079 0.6530
vn -0.7743 0.6321 -0.0323
vn -0.9824 0.0586 0.1773
vn -0.6305 -0.1043 0.7692
vn -0.6045 -0.1102 0.7889
vn -0.1072 0.6993 0.7067
vn 0.2609 0.7950 -0.5476
vn 0.2453 -0.0922 0.9651
vn 0.4703 -0.4322 0.7694
vn -0.0305 -0.4264 0.9040
vn -0.3700 0.2048 0.9062
vn -0.8069 0.0114 0.5905
vn -0.1344 0.1448 0.9803
vn -0.8053 0.1031 0.5838
vn -0.3584 0.1784 0.9164
vn 0.9249 -0.1332 0.3560
vn 0.7697 0.0655 0.6351
vn 0.6725 0.2940 0.6792
vn 0.4084 0.9111 -0.0559
vn -0.9277 -0.1449 0.3440
vn -0.9785 -0.1110 0.1741
vn -0.4481 -0.8073 0.3839
vn 0.4950 -0.7412 0.4535
vn 0.2412 -0.8608 0.4482
vn -0.8320 0.2749 0.4819
vn -0.9113 0.2207 0.3476
vn -0.4241 0.1858 0.8863
vn 0.6391 -0.0074 0.7691
vn 0.4662 0.0346 0.8840
vn 0.2062 -0.0045 0.9785
vn 0.3994 -0.0741 0.9138
vn 0.8807 0.0736 0.4680
vn -0.6653 0.0651 0.7438
vn 0.3808 0.8960 -0.2284
vn 0.5710 0.8125 0.1175
vn -0.2445 0.4206 0.8737
vn 0.3028 -0.1595 0.9396
vn 0.0237 -0.4828 0.8754
vn 0.0573 0.9036 0.4245
vn 0.4988 0.4898 -0.7150
vn -0.9849 0.0685 -0.1591
vn 0.2566 -0.1835 -0.9489
vn -0.8588 0.0309 0.5114
vn -0.8487 0.1375 0.5107
vn 0.1850 0.9366 -0.2975
vn 0.5760 0.5335 -0.6193
vn 0.5153 0.8321 -0.2048
vn 0.5605 0.7960 -0.2283
vn 0.3161 0.0557 -0.9471
vn 0.4824 0.1837 -0.8565
vn 0.2317 -0.0287 -0.9724
vn -0.5079 -0.2889 0.8115
vn -0.8747 0.1081 0.4724
vn -0.3586 -0.0877 0.9294
vn -0.7664 -0.5605 -0.3139
vn -0.8253 -0.2243 -0.5182
vn -0.5094 -0.8572 0.0754
vn -0.9545 0.0796 -0.2872
vn -0.9573 0.1467 -0.2490
vn -0.5635 -0.2304 -0.7934
vn 0.3767 -0.0902 -0.9219
vn -0.7503 -0.0174 -0.6608
vn 0.6570 0.7363 0.1622
vn 0.5088 0.8606 0.0216
vn 0.5491 0.8342 -0.0508
vn 0.6531 0.0575 0.7551
vn -0.3030 -0.0110 -0.9529
vn 0.6004 0.1358 -0.7880
vn 0.2480 0.1566 -0.9560
vn 0.5771 0.0671 -0.8139
vn -0.2703 0.8764 0.3985
vn -0.1097 0.8507 0.5141
vn -0.4797 0.8766 0.0384
vn -0.1057 -0.9754 0.1937
vn -0.7919 0.3220 0.5188
vn -0.8897 0.2376 0.3898
vn 0.3380 -0.8794 -0.3352
vn 0.9626 0.1640 0.2158
vn -0.8353 -0.5427 0.0883
vn -0.9899 -0.1377 0.0326
vn -0.7676 -0.0311 0.6402
vn -0.5890 -0.0221 0.8078
vn -0.2261 0.9572 0.1807
vn 0.7097 0.5891 -0.3864
vn 0.4705 0.7900 0.3931
vn 0.7594 0.6506 -0.0074
vn 0.2497 -0.2245 0.9419
vn -0.2636 0.7815 0.5656
vn -0.9861 -0.0219 0.1646
vn -0.9503 -0.2671 0.1600
vn -0.9227 0.0563 0.3815
vn -0.9313 -0.0601 -0.3592
vn -0.5657 0.2533 -0.7848
vn 0.0127 -0.1508 -0.9885
vn 0.1369 -0.0302 -0.9901
vn -0.8679 -0.0977 -0.4870
vn -0.5032 0.0207 -0.8639
vn -0.9683 0.0176 -0.2493
vn -0.8762 0.0158 0.4816
vn -0.8860 0.0056 0.4636
vn -0.9966 -0.0739 -0.0376
vn -0.5488 -0.0255 -0.8356
vn 0.3093 -0.1267 -0.9425
vn 0.2318 -0.0782 -0.9696
vn 0.4269 -0.8166 0.3885
vn -0.1235 -0.5565 0.8216
vn 0.4168 -0.8020 0.4279
vn -0.2729 0.2863 0.9185
vn -0.3358 0.4259 0.8402
vn -0.3148 0.3856 0.8673
vn 0.0094 -0.2865 0.9580
vn 0.8559 -0.5169 -0.0162
vn 0.1962 -0.0506 -0.9793
vn 0.7289 0.1964 -0.6558
vn 0.8199 0.1538 0.5515
vn 0.9314 -0.0666 0.3578
vn -0.9276 -0.1520 0.3413
vn -0.9302 -0.1598 0.3303
vn 0.1728 0.9078 0.3821
vn -0.4880 0.7561 0.4361
vn -0.3170 0.7055 -0.6338
vn -0.4497 -0.0094 -0.8931
vn -0.9938 -0.0777 -0.0793
vn -0.7066 -0.3912 -0.5897
vn -0.8234 0.0240 0.5669
vn 0.5914 -0.0639 0.8038
vn 0.9272 0.0442 0.3720
vn 0.8430 -0.0326 0.5369
vn -0.9542 -0.0086 -0.2991
vn -0.9536 0.0222 0.3003
vn -0.8964 -0.0245 0.4425
vn -0.7444 0.1985 0.6375
vn 0.7558 -0.6324 -0.1697
vn 0.1243 -0.8164 -0.5640
vn 0.5587 -0.6370 -0.5311
vn 0.9319 -0.3433 0.1171
vn 0.5849 -0.3766 -0.7184
vn 0.0716 -0.1901 -0.9791
vn -0.3728 -0.5659 -0.7354
vn -0.0907 -0.4244 -0.9009
vn -0.0896 -0.3193 -0.9434
vn 0.0932 -0.0298 -0.9952
vn 0.8069 -0.0180 -0.5904
vn 0.9825 0.0030 -0.1860
vn -0.5669 -0.0373 0.8229
vn -0.9886 -0.1054 0.1074
vn -0.4143 0.0322 0.9096
vn 0.1405 -0.1053 -0.9845
vn -0.0819 -0.0776 -0.9936
vn 0.5590 -0.0056 -0.8291
vn 0.6749 -0.0205 -0.7377
vn 0.9574 0.2626 -0.1199
vn 0.9815 0.1781 -0.0705
vn 0.6596 -0.6969 0.2816
vn 0.0468 -0.9961 0.0742
vn 0.3486 -0.9302 0.1152
vn 0.0663 0.2067 -0.9761
vn 0.2919 0.1056 -0.9506
vn 0.3872 -0.0455 -0.9209
vn -0.1195 -0.1094 0.9868
vn 0.2610 -0.0046 0.9653
vn -0.0073 -0.4239 0.9057
vn 0.5275 0.3015 0.7943
vn 0.5480 -0.4094 0.7295
vn 0.6185 -0.6459 0.4474
vn 0.9358 0.1669 -0.3104
vn -0.6729 0.0619 0.7372
vn -0.9325 0.1898 -0.3073
vn -0.8361 0.0078 -0.5485
vn -0.4599 -0.6800 -0.5711
vn 0.1835 0.8060 -0.5628
vn 0.1612 -0.3968 0.9036
vn -0.4893 -0.8293 -0.2699
vn -0.2155 0.0133 -0.9764
vn 0.2183 -0.3342 -0.9169
vn -0.3720 0.1663 -0.9132
vn -0.3475 0.9146 0.2070
vn -0.4015 0.8413 0.3619
vn 0.2334 0.0678 0.9700
vn -0.4533 -0.0232 0.8910
vn 0.9575 -0.0485 -0.2844
vn 0.0757 -0.9511 0.2996
vn -0.7051 -0.2711 0.6553
vn 0.8046 0.3255 -0.4966
vn 0.4750 0.5742 -0.6669
vn 0.9834 0.1447 -0.1096
vn 0.1680 0.0055 0.9858
vn 0.9568 0.2720 -0.1022
vn 0.8322 0.0215 0.5541
vn 0.9255 0.3746 0.0552
vn 0.1357 0.8979 -0.4188
vn 0.0417 0.9771 -0.2088
vn 0.8695 0.4923 -0.0385
vn 0.6511 -0.0008 -0.7590
vn -0.5395 -0.7777 0.3226
vn 0.6642 -0.4407 0.6038
vn -0.4176 -0.7184 0.5564
vn -0.2643 -0.2152 0.9401
vn -0.3147 0.3137 0.8959
vn -0.2486 -0.0302 -0.9681
vn 0.8911 0.0245 0.4532
vn 0.8768 0.0147 0.4806
vn 0.7884 0.0042 0.6152
vn 0.7309 -0.0067 -0.6824
vn 0.9992 -0.0205 0.0350
vn 0.6950 0.6790 -0.2365
vn 0.2241 -0.1477 -0.9633
vn 0.3082 -0.0527 -0.9499
vn 0.2644 -0.1509 -0.9525
vn -0.1237 -0.0586 0.9906
vn -0.5645 -0.4850 0.6679
vn 0.8737 -0.4378 0.2120
vn 0.7105 -0.3185 0.6276
vn 0.9796 0.1271 0.1559
vn 0.9812 0.0020 0.1929
vn 0.0052 -0.0415 -0.9991
vn 0.1808 -0.0471 -0.9824
vn -0.5376 -0.0471 0.8419
vn 0.9567 -0.2385 0.1669
vn 0.3074 -0.7066 -0.6373
vn 0.9096 -0.4142 -0.0313
vn 0.9998 -0.0185 -0.0122
vn 0.9379 -0.2665 0.2221
vn 0.4685 -0.2775 0.8388
vn 0.7648 0.1533 -0.6257
vn 0.8405 -0.0086 -0.5418
vn -0.1500 0.0700 0.9862
vn 0.5720 -0.0066 0.8202
vn 0.9435 0.1757 0.2809
vn -0.1933 -0.3939 0.8986
vn -0.5707 0.4075 -0.7129
vn 0.6744 0.0542 0.7364
vn -0.9331 -0.3286 -0.1458
vn -0.9826 0.1732 -0.0677
vn -0.2800 -0.2981 -0.9125
vn 0.3697 0.4011 0.8381
vn -0.5886 0.5306 0.6099
vn -0.6503 0.6290 0.4260
vn -0.5132 0.6145 0.5992
vn 0.9778 0.0740 0.1960
vn 0.7382 0.0417 -0.6733
vn 0.9164 0.0619 0.3954
vn -0.9874 -0.0299 -0.1553
vn -0.0792 0.2824 -0.9560
vn 0.0220 -0.4504 -0.8925
vn -0.6455 -0.4003 -0.6505
vn -0.8789 0.4762 -0.0295
vn -0.7899 0.3153 0.5260
vn 0.3151 0.1864 0.9306
vn 0.9238 0.2560 0.2846
vn -0.5870 0.0069 0.8096
vn 0.2077 0.0188 0.9780
vn 0.1324 -0.0569 0.9896
vn -0.2732 0.9306 0.2437
vn -0.6606 0.5495 -0.5116
vn -0.7962 0.2262 -0.5612
vn -0.2736 0.7719 0.5739
vn -0.3424 0.5272 0.7777
vn -0.9857 0.1533 0.0704
vn -0.8677 -0.0016 -0.4970
vn -0.0156 0.0680 -0.9976
vn 0.0240 -0.9719 -0.2343
vn 0.4940 0.8554 0.1556
vn -0.1962 0.9806 -0.0031
vn 0.0698 -0.2659 -0.9615
vn 0.9993 0.0063 0.0358
vn 0.1987 -0.8500 -0.4879
vn 0.8015 0.3918 -0.4517
vn -0.0774 0.0315 -0.9965
vn -0.1339 0.1091 0.9850
vn 0.0510 -0.0210 0.9985
vn -0.0190 -0.1343 -0.9908
vn 0.7940 0.0372 -0.6068
vn 0.1602 -0.0573 0.9854
vn 0.4326 -0.2962 0.8516
vn 0.7592 -0.0392 0.6497
vn -0.3905 0.1406 0.9098
vn 0.9973 0.0081 0.0735
vn 0.8391 0.0587 0.5407
vn 0.9159 -0.0887 0.3915
vn 0.9791 -0.1552 0.1313
vn 0.8012 -0.0189 0.5981
vn 0.5542 -0.0326 -0.8318
vn -0.7578 0.6302 -0.1690
vn 0.1575 0.9845 0.0777
vn 0.7984 -0.1636 0.5795
vn 0.8679 0.1435 0.4755
vn 0.9650 0.2105 0.1565
vn -0.8411 0.5383 0.0531
vn -0.6881 0.4711 -0.5519
vn -0.3733 0.7005 0.6082
vn -0.0910 0.9456 0.3122
vn 0.5946 -0.3785 -0.7094
vn 0.1217 0.1178 0.9856
vn 0.7801 0.0241 0.6252
vn -0.1749 -0.5357 0.8261
vn 0.6336 -0.2041 0.7463
vn 0.8917 0.0617 0.4483
vn 0.0881 0.0831 -0.9926
vn 0.8693 0.1370 -0.4750
vn 0.9739 0.1518 -0.1686
vn -0.5214 0.4363 0.7334
vn -0.3386 0.8679 0.3636
vn -0.9918 -0.0135 -0.1272
vn 0.6095 -0.1502 0.7784
vn -0.8500 0.0161 0.5265
vn 0.1542 0.1224 -0.9804
vn -0.9988 0.0264 -0.0402
vn -0.5186 0.6834 0.5139
vn -0.6839 0.0302 0.7289
vn -0.4218 0.2965 0.8568
vn 0.9029 -0.0204 -0.4294
vn 0.0278 -0.1085 -0.9937
vn -0.9979 -0.0616 -0.0192
vn -0.8497 0.5165 0.1064
vn 0.2950 0.7568 -0.5833
vn 0.3393 0.5870 -0.7350
vn 0.8247 0.2192 -0.5214
vn 0.9866 0.1126 0.1181
vn 0.5115 -0.0018 -0.8593
vn 0.7935 0.6057 0.0593
vn -0.7417 -0.2984 0.6008
vn 0.5375 -0.1179 0.8350
vn 0.0511 -0.4313 0.9007
vn 0.9545 -0.0587 0.2925
vn 0.7623 -0.5893 0.2676
vn 0.9821 -0.0575 -0.1794
vn 0.4730 -0.4649 -0.7484
vn -0.9569 -0.0265 -0.2892
vn 0.2406 0.9682 -0.0686
vn 0.7504 0.4456 0.4882
vn 0.2787 0.8663 0.4145
vn 0.6189 -0.3960 -0.6784
vn -0.9543 0.0178 -0.2982
vn -0.9517 0.0030 -0.3069
vn 0.5337 0.1467 0.8328
vn 0.8345 -0.2999 0.4622
vn 0.3282 -0.3024 0.8949
vn 0.3396 0.5984 0.7257
vn -0.9653 0.2535 0.0626
vn -0.9001 0.2202 0.3759
vn 0.2580 0.5666 0.7826
vn 0.1267 0.7027 0.7001
vn -0.3400 0.9208 0.1914
vn -0.9979 0.0053 -0.0646
vn 0.3472 0.5309 -0.7731
vn 0.0859 0.3622 0.9281
vn 0.1128 0.0503 -0.9923
vn 0.4047 -0.3135 0.8590
vn 0.9301 0.3337 0.1538
vn 0.6284 -0.4143 0.6583
vn 0.9606 -0.2280 -0.1590
vn 0.9394 -0.3244 -0.1110
vn 0.3648 -0.4045 0.8386
vn -0.1069 -0.1663 0.9803
vn 0.7883 0.1140 0.6046
vn -0.2772 -0.6477 0.7097
vn -0.6365 -0.4758 -0.6071
vn -0.9977 0.0242 -0.0635
vn -0.1550 0.1675 -0.9736
vn 0.9337 0.3153 -0.1697
vn 0.9596 0.2407 0.1455
vn 0.2535 -0.3511 0.9014
vn 0.5885 -0.1743 -0.7895
vn -0.4774 0.5638 -0.6739
vn -0.6529 -0.2570 0.7125
vn -0.9720 0.0898 0.2173
vn 0.4210 -0.0244 -0.9067
vn -0.7525 -0.3910 -0.5300
vn 0.3715 -0.4006 -0.8376
vn 0.6924 -0.2093 -0.6905
vn 0.8182 -0.1736 -0.5481
vn -0.3340 0.5249 -0.7829
vn 0.2324 -0.4055 0.8840
vn 0.0949 -0.9866 0.1325
vn 0.4942 -0.3548 0.7936
vn -0.6463 0.2429 0.7234
vn -0.5700 -0.2519 0.7821
vn 0.7799 -0.6219 0.0704
vn -0.8556 0.0190 -0.5173
vn -0.5422 0.0462 -0.8390
vn -0.9112 0.0742 -0.4052
vn -0.9954 0.0431 -0.0856
vn -0.7973 0.3978 0.4540
vn -0.9876 -0.1423 0.0664
vn 0.5848 -0.3856 0.7137
vn 0.1380 -0.1442 -0.9799
vn -0.5888 -0.2991 -0.7509
vn -0.1803 -0.4381 -0.8807
vn -0.8930 0.0981 -0.4392
vn -0.9574 0.1213 0.2619
vn -0.9148 -0.3010 -0.2695
vn -0.1437 -0.9878 0.0594
vn -0.6554 0.0150 0.7552
vn 0.0408 0.3801 0.9241
vn 0.6260 0.7362 0.2570
vn 0.5835 0.2719 -0.7652
vn 0.5619 0.7878 -0.2522
vn 0.2493 -0.0469 0.9673
vn -0.9870 0.0208 0.1596
vn -0.9491 0.1624 0.2699
vn 0.1522 0.1994 -0.9680
vn -0.8855 -0.3141 0.3424
vn -0.8862 -0.1710 0.4307
vn -0.3099 -0.9059 0.2886
vn 0.9780 0.1656 -0.1270
vn 0.9042 0.3972 0.1569
vn 0.0154 -0.0082 -0.9998
vn 0.5284 0.0350 -0.8483
vn -0.1482 -0.0152 -0.9888
vn 0.1820 -0.0282 -0.9829
vn -0.4485 -0.0383 0.8930
vn -0.8837 -0.0257 0.4673
vn 0.7118 -0.2986 0.6358
vn 0.7194 -0.1790 0.6712
vn 0.7668 0.0898 0.6356
vn -0.3688 -0.4231 0.8276
vn -0.3437 -0.0350 0.9384
vn 0.3493 0.8989 0.2644
vn 0.5890 -0.3039 -0.7489
vn -0.1165 0.6822 -0.7218
vn -0.6804 0.7173 -0.1502
vn -0.8674 0.4977 -0.0028
vn -0.8765 0.1108 -0.4685
vn -0.8451 -0.0001 -0.5346
vn -0.9353 -0.2608 0.2393
vn -0.0401 0.9234 0.3816
vn 0.9899 0.0116 -0.1411
vn 0.9896 -0.0071 -0.1437
vn 0.8490 0.0399 0.5269
vn 0.9417 0.0505 0.3327
vn 0.9064 0.0419 0.4203
vn -0.9413 0.2261 0.2508
vn 0.9731 -0.1607 -0.1653
vn 0.6609 -0.4525 0.5987
vn -0.5163 -0.0008 0.8564
vn 0.9728 0.0659 -0.2219
vn 0.9537 -0.0044 0.3006
vn 0.7369 -0.1096 0.6670
vn 0.8753 -0.0261 0.4828
vn 0.0227 -0.1609 -0.9867
vn 0.5747 -0.0185 0.8181
vn 0.9586 -0.0355 -0.2825
vn 0.9886 0.0032 0.1507
vn 0.6110 0.1030 0.7849
vn 0.0325 0.9098 -0.4138
vn -0.0986 0.0005 0.9951
vn -0.9165 0.2906 0.2750
vn -0.1818 0.0473 0.9822
vn -0.0748 0.2190 0.9729
vn -0.9345 -0.0431 -0.3532
vn -0.6744 0.6248 -0.3935
vn -0.2431 0.0783 -0.9668
vn 0.5759 -0.8114 -0.0994
vn 0.3648 -0.6902 -0.6250
vn 0.9826 -0.1782 -0.0517
vn -0.6689 0.0206 0.7431
vn 0.3309 0.9434 0.0221
vn 0.8154 0.4107 0.4080
vn -0.3207 0.9121 -0.2555
vn -0.9702 -0.1105 0.2154
vn -0.5868 0.0658 0.8071
vn -0.9785 -0.0787 -0.1906
vn 0.7398 0.5945 0.3150
vn -0.3723 0.8518 0.3686
vn -0.8268 0.5229 -0.2071
vn -0.7597 0.6500 0.0179
vn 0.2190 0.8972 -0.3835
vn 0.2348 0.9551 -0.1805
vn 0.3129 0.6347 0.7066
vn 0.4473 0.7158 0.5362
vn 0.8496 0.0609 0.5239
vn 0.8444 -0.5353 -0.0208
vn 0.8416 0.1435 0.5207
vn 0.2565 -0.3511 0.9005
vn 0.2764 -0.1277 0.9525
vn 0.8852 0.1375 -0.4444
vn 0.8981 -0.2180 0.3820
vn -0.0301 -0.0318 0.9990
vn 0.0100 0.0223 0.9997
vn -0.0240 0.1650 0.9860
vn -0.0228 -0.0290 0.9993
vn 0.8080 -0.1371 -0.5730
vn 0.9149 -0.1613 0.3699
vn 0.9920 0.0478 -0.1166
vn 0.3220 0.0443 0.9457
vn 0.5327 0.6988 -0.4774
vn -0.3656 0.7057 -0.6069
vn -0.2015 0.5938 -0.7789
vn 0.9039 0.0104 0.4277
vn -0.7406 0.0541 0.6698
vn -0.7819 -0.0368 0.6223
vn -0.6879 -0.1166 0.7164
vn 0.4642 -0.0360 -0.8850
vn -0.1018 0.1500 -0.9834
vn -0.2402 -0.0200 -0.9705
vn 0.6441 0.7222 0.2521
vn 0.8190 0.0670 0.5698
vn 0.9788 0.0190 -0.2039
vn -0.7313 -0.0518 0.6801
vn 0.5435 0.7570 -0.3627
vn 0.9898 -0.0358 -0.1380
vn 0.7468 -0.0310 -0.6644
vn -0.1789 -0.0154 -0.9838
vn 0.0470 -0.0159 -0.9988
vn 0.2663 0.8974 -0.3519
vn 0.6605 0.0207 -0.7505
vn 0.9967 0.0078 -0.0805
vn 0.3727 0.7506 0.5456
vn 0.7757 -0.5951 0.2102
vn 0.5787 -0.2540 0.7750
vn 0.8450 0.1972 0.4971
vn -0.9081 0.2461 0.3387
vn -0.8981 -0.4317 -0.0835
vn 0.2669 -0.2172 0.9389
vn 0.9173 0.0098 -0.3982
vn 0.4319 0.1417 -0.8907
vn 0.6780 -0.3681 -0.6362
vn 0.0159 0.0149 0.9998
vn -0.2301 0.5111 0.8282
vn -0.8508 -0.3138 -0.4216
vn -0.5387 0.0287 -0.8420
vn 0.3063 -0.0431 0.9510
vn -0.1445 -0.1837 0.9723
vn -0.1828 -0.1094 -0.9771
vn 0.5733 0.0959 -0.8137
vn 0.6467 0.0852 -0.7580
vn -0.5803 0.1871 -0.7926
vn -0.9729 0.1898 -0.1323
vn -0.5838 0.0034 -0.8119
vn -0.9536 -0.1018 0.2833
vn -0.9707 0.1669 -0.1727
vn 0.5481 -0.5077 -0.6647
vn -0.4137 -0.3742 -0.8300
vn 0.5755 -0.7997 -0.1714
vn -0.1010 -0.2218 0.9699
vn -0.5021 -0.0461 0.8636
vn -0.7051 -0.6565 0.2680
vn -0.1359 -0.3894 -0.9110
vn -0.4571 0.8891 0.0237
vn -0.1650 -0.1262 0.9782
vn -0.9556 0.1293 -0.2646
vn -0.5623 -0.3037 -0.7691
vn -0.8729 -0.3323 0.3573
vn -0.8656 -0.1481 0.4783
vn 0.0202 -0.4417 0.8969
vn 0.0110 0.1253 -0.9921
vn 0.4218 0.0263 -0.9063
vn 0.2865 -0.3620 -0.8870
vn -0.7692 0.1077 0.6298
vn -0.1266 -0.9676 0.2184
vn 0.7570 -0.5157 0.4012
vn -0.5862 -0.7258 0.3599
vn -0.6576 -0.2862 0.6969
vn -0.5391 -0.3981 0.7422
vn -0.6456 -0.0282 0.7631
vn -0.7475 -0.0771 0.6598
vn -0.9991 -0.0388 0.0189
vn -0.9857 -0.0617 0.1569
vn -0.9388 -0.1361 0.3164
vn -0.6190 -0.0300 0.7848
vn -0.8891 -0.4576 -0.0074
vn 0.0448 -0.9467 -0.3191
vn 0.5169 0.7479 -0.4165
vn -0.8852 -0.0935 -0.4557
vn -0.6333 0.4011 -0.6618
vn -0.4215 -0.2964 0.8570
vn 0.2599 -0.3782 -0.8885
vn -0.2199 -0.1100 0.9693
vn 0.1171 0.0007 0.9931
vn 0.4544 -0.0532 0.8892
vn -0.8533 -0.4908 -0.1762
vn 0.5024 -0.0835 0.8606
vn 0.6571 -0.0065 0.7538
vn 0.2795 -0.0495 -0.9589
vn -0.8443 -0.3371 0.4165
vn -0.9346 -0.0254 0.3549
vn -0.0173 -0.9789 0.2038
vn 0.7550 -0.4970 0.4277
vn -0.8082 -0.0180 -0.5886
vn 0.8477 -0.3014 0.4366
vn -0.8643 0.1706 -0.4732
vn 0.3049 -0.6479 -0.6980
vn 0.9473 0.0079 0.3204
vn -0.5051 0.0070 0.8630
vn -0.4797 0.0251 0.8771
vn 0.8512 -0.0594 -0.5215
vn 0.7783 -0.2139 -0.5903
vn 0.9255 -0.2449 0.2888
vn -0.5531 -0.7690 -0.3206
vn 0.9231 0.1921 0.3331
vn 0.7516 0.2947 -0.5902
vn -0.7851 -0.2123 -0.5819
vn 0.4190 -0.8185 -0.3930
vn -0.7645 0.6373 -0.0968
vn -0.7573 0.5016 -0.4181
vn -0.2333 0.9234 0.3046
vn 0.5380 0.0792 -0.8392
vn 0.8995 0.0460 -0.4344
vn 0.9268 0.0030 0.3756
vn -0.9106 0.1321 -0.3917
vn -0.9062 0.0847 0.4142
vn -0.7864 0.5536 -0.2740
vn -0.5977 0.1739 -0.7826
vn -0.6876 0.0748 -0.7222
vn -0.6671 0.0268 -0.7445
vn 0.9513 -0.0553 0.3032
vn 0.7773 0.3219 -0.5405
vn -0.1583 0.6049 0.7804
vn -0.1522 0.9033 0.4012
vn 0.1216 0.7448 0.6562
vn -0.7306 -0.5191 -0.4437
vn 0.5910 -0.4054 -0.6974
vn 0.9742 0.0223 0.2245
vn -0.3065 0.1747 0.9357
vn -0.5237 -0.0560 0.8501
vn -0.7783 -0.0079 -0.6279
vn -0.6745 0.0580 -0.7360
vn 0.1838 0.0138 -0.9829
vn -0.9968 0.0468 0.0650
vn -0.4296 0.0519 -0.9015
vn -0.0150 -0.0112 -0.9998
vn 0.1776 0.0201 -0.9839
vn 0.6687 0.4343 -0.6035
vn -0.0169 0.5640 -0.8256
vn 0.9703 0.0370 -0.2392
vn 0.7094 0.7044 0.0221
vn 0.9262 -0.1389 -0.3506
vn -0.0994 -0.1056 0.9894
vn 0.8583 0.1864 -0.4781
vn 0.9910 -0.1337 0.0036
vn 0.8041 -0.4097 -0.4308
vn 0.7901 0.1065 0.6037
vn 0.9150 -0.3387 0.2193
vn -0.8216 -0.1294 0.5552
vn 0.4166 0.2445 -0.8756
vn 0.8678 0.0006 0.4968
vn -0.1122 0.0117 -0.9936
vn 0.1475 -0.2099 -0.9665
vn 0.3568 0.3157 -0.8792
vn 0.9012 -0.0359 -0.4320
vn 0.7310 0.2265 -0.6436
vn 0.9253 0.3792 -0.0040
vn -0.5023 0.7686 -0.3962
vn -0.5310 0.6033 -0.5950
vn 0.9190 0.2173 0.3290
vn 0.7834 0.2109 -0.5846
vn -0.3213 -0.0677 0.9446
vn -0.4599 0.0925 0.8831
vn -0.5819 -0.5501 0.5990
vn 0.8879 -0.4020 0.2237
vn 0.8611 0.5076 0.0304
vn -0.8785 -0.1440 -0.4555
vn -0.9756 -0.1017 0.1945
vn -0.7104 0.6889 0.1436
vn -0.1432 -0.0718 0.9871
vn -0.9459 -0.2488 0.2082
vn -0.1734 0.0317 0.9843
vn -0.0136 0.0211 0.9997
vn -0.4899 0.8235 0.2862
vn -0.5921 -0.0515 0.8042
vn 0.0049 -0.6896 0.7242
vn -0.9905 -0.0774 0.1141
vn 0.1420 0.4300 0.8916
vn -0.3560 0.3673 0.8593
vn -0.1774 0.9551 0.2374
vn 0.4924 0.6866 -0.5349
vn -0.9359 -0.0299 0.3510
vn -0.9037 0.1477 0.4018
vn 0.1029 0.2335 0.9669
vn 0.2654 -0.5620 0.7834
vn -0.7391 -0.1676 0.6524
vn 0.0340 -0.1549 -0.9873
vn 0.6987 -0.1578 0.6978
vn 0.6068 0.7106 0.3561
vn -0.8731 -0.4485 -0.1911
vn -0.3236 0.1499 0.9342
vn -0.9888 0.0007 -0.1492
vn 0.0592 0.0168 0.9981
vn 0.2108 0.6639 0.7175
vn 0.2227 0.1928 -0.9556
vn -0.7951 -0.0146 -0.6063
vn -0.0780 -0.0664 -0.9947
vn 0.2989 0.2715 -0.9148
vn 0.4620 -0.0106 -0.8868
vn -0.6999 0.0656 -0.7112
vn -0.7603 0.0530 0.6474
vn -0.4535 -0.1216 -0.8829
vn -0.9740 -0.0863 -0.2093
vn -0.9833 0.1720 -0.0594
vn 0.9614 0.1019 0.2557
vn -0.5381 0.1998 0.8189
vn 0.6050 -0.4145 0.6798
vn 0.4271 0.4268 0.7971
vn -0.8430 0.1480 0.5172
vn -0.9631 0.0444 0.2653
vn 0.4728 0.5948 -0.6501
vn 0.3574 0.1485 0.9221
vn 0.9973 -0.0610 -0.0409
vn 0.8191 -0.1091 -0.5632
vn -0.7243 -0.2046 -0.6584
vn -0.9735 0.0818 -0.2134
vn -0.9962 0.0826 0.0272
vn 0.2296 0.7901 0.5684
vn 0.3930 0.0959 -0.9145
vn 0.8402 -0.1066 0.5316
vn 0.9777 -0.1453 0.1515
vn -0.1941 0.0867 -0.9771
vn -0.9346 -0.1028 -0.3406
vn -0.9880 -0.1391 0.0674
vn -0.8827 0.4101 -0.2296
vn 0.1428 0.0030 0.9897
vn 0.7173 -0.0783 -0.6924
vn 0.1609 -0.0768 -0.9840
vn 0.9673 0.0029 0.2538
vn 0.9970 0.0235 0.0741
vn 0.3277 0.8837 0.3343
vn -0.4884 0.6912 -0.5326
vn -0.9309 0.1059 -0.3495
vn -0.1748 0.9762 0.1282
vn 0.0231 0.9694 0.2446
vn 0.7708 0.5292 -0.3548
vn 0.1399 0.4425 -0.8858
vn -0.8964 -0.2521 0.3647
vn -0.6882 0.0088 0.7255
vn -0.8239 0.0539 0.5642
vn -0.9706 -0.0320 0.2386
vn -0.8429 -0.0891 0.5307
vn 0.6472 -0.0028 0.7623
vn 0.6250 0.0431 0.7794
vn -0.9214 0.1106 0.3726
vn -0.2021 0.4978 0.8434
vn -0.8749 0.4361 0.2105
vn 0.9470 0.0149 0.3209
vn 0.4209 0.6057 -0.6753
vn -0.5628 0.0423 0.8255
vn -0.9406 -0.0518 0.3356
vn 0.4831 0.8086 -0.3357
vn 0.9500 0.0010 -0.3123
vn 0.6350 0.7499 -0.1855
vn 0.7231 0.6494 0.2354
vn 0.2067 0.2562 -0.9443
vn 0.7964 -0.0484 -0.6028
vn 0.7981 -0.5687 -0.1990
vn 0.7445 -0.1869 0.6409
vn -0.9257 -0.0246 -0.3774
vn 0.3846 0.8790 0.2819
vn 0.9283 -0.1347 -0.3466
vn 0.8848 -0.0134 0.4659
vn -0.6331 0.7294 -0.2591
vn -0.6447 -0.1289 0.7535
vn -0.9697 0.1775 -0.1682
vn -0.6720 0.1410 0.7270
vn 0.2176 -0.1683 -0.9614
vn 0.8611 -0.0264 -0.5078
vn -0.1945 0.4489 -0.8722
vn 0.3103 0.0128 0.9506
vn 0.3910 0.1304 0.9111
vn 0.5740 0.0959 0.8132
vn 0.4848 0.3889 -0.7834
vn 0.6660 -0.0043 -0.7459
vn 0.2658 0.0612 0.9621
vn -0.2663 -0.2526 0.9302
vn 0.3622 0.0603 0.9302
vn 0.7947 0.5044 0.3376
vn 0.5991 -0.1139 -0.7925
vn -0.4702 0.1960 0.8605
vn 0.4136 0.7706 0.4848
vn 0.5272 0.2005 0.8257
vn -0.7158 0.1158 0.6886
vn 0.1448 -0.0369 -0.9888
vn 0.0171 0.2380 -0.9711
vn 0.7236 -0.2485 -0.6440
vn 0.9536 0.2330 0.1908
vn 0.4761 0.0400 0.8785
vn 0.5696 0.2114 0.7943
vn -0.6106 0.0713 0.7887
vn 0.2181 0.0170 0.9758
vn 0.8797 0.3996 -0.2576
vn 0.7333 -0.1448 -0.6643
vn -0.9590 0.1514 -0.2395
vn -0.6000 0.3294 -0.7290
vn -0.5645 0.8040 0.1868
vn 0.8489 0.0950 0.5200
vn 0.6673 -0.2781 0.6909
vn 0.3723 -0.4946 0.7854
vn -0.5771 -0.0030 -0.8166
vn 0.5612 0.7910 0.2437
vn 0.2347 -0.5424 0.8067
vn -0.9781 -0.0763 0.1939
vn 0.0404 0.0600 0.9974
vn -0.0827 0.8966 -0.4350
vn -0.8316 0.0126 -0.5552
vn -0.4938 -0.6083 0.6213
vn 0.3093 0.3944 -0.8653
vn -0.8413 -0.0395 0.5391
vn -0.9102 0.0118 -0.4140
vn -0.7512 0.0150 0.6598
vn -0.2006 0.9619 -0.1858
vn 0.8639 -0.4550 0.2159
vn 0.1092 0.3102 -0.9444
vn 0.0867 0.0944 0.9918
vn 0.2787 0.0338 0.9598
vn -0.1236 -0.0139 0.9922
vn 0.7480 0.1649 0.6429
vn 0.0451 0.0145 0.9989
vn -0.9843 0.0668 0.1634
vn -0.9643 0.0236 0.2638
vn 0.1298 0.0024 -0.9915
vn 0.9705 -0.2223 -0.0937
vn 0.2762 0.1058 -0.9553
vn 0.6957 -0.5397 0.4740
vn -0.9385 -0.1366 0.3172
vn -0.5931 -0.3035 0.7457
vn 0.1865 -0.0157 0.9823
vn -0.2195 0.8432 0.4908
vn 0.1353 -0.1419 -0.9806
vn 0.7694 -0.6085 -0.1940
vn -0.2605 0.8364 -0.4823
vn 0.2000 0.8153 -0.5433
vn -0.9991 -0.0380 -0.0173
vn -0.9143 -0.3539 -0.1967
vn -0.5454 -0.4865 0.6825
vn 0.2666 0.2117 0.9403
vn 0.9053 0.2386 -0.3513
vn -0.4928 -0.1514 0.8569
vn 0.5551 -0.2851 -0.7814
vn -0.5101 0.0437 -0.8590
vn 0.3108 0.2016 0.9289
vn 0.9708 -0.1659 0.1731
vn -0.1559 0.6851 -0.7116
vn 0.9547 -0.0227 0.2968
vn 0.7437 0.0853 0.6630
vn 0.8087 0.2526 0.5313
vn -0.8908 -0.3241 -0.3184
vn 0.1518 0.1341 0.9793
vn -0.1132 0.1885 0.9755
vn -0.9081 0.0276 0.4178
vn 0.0379 0.0306 0.9988
vn -0.9528 0.0125 0.3033
vn -0.9334 0.0115 -0.3585
vn -0.9993 0.0332 0.0189
vn -0.5594 0.0295 -0.8284
vn -0.8179 0.0421 -0.5739
vn 0.1868 -0.0039 -0.9824
vn 0.7014 -0.1180 -0.7030
vn -0.2872 -0.0527 -0.9564
vn 0.7173 -0.0788 -0.6923
vn 0.9511 0.0373 0.3066
vn 0.9511 -0.0162 -0.3085
vn -0.5240 0.4748 -0.7071
vn -0.9038 0.4258 0.0431
vn -0.4474 0.8911 0.0764
vn 0.8200 -0.0425 0.5708
vn 0.3541 -0.5877 0.7275
vn 0.9833 -0.1805 0.0251
vn 0.8693 0.0665 0.4897
vn 0.7923 -0.0049 0.6101
vn 0.1286 -0.0250 0.9914
vn 0.9723 -0.1441 0.1839
vn -0.4609 0.0280 0.8870
vn -0.4726 0.2147 0.8547
vn -0.8609 0.1865 0.4734
vn -0.9903 0.0376 0.1338
vn -0.8384 0.0268 0.5444
vn -0.2951 0.0168 0.9553
vn -0.9382 -0.0099 -0.3460
vn -0.7129 0.0182 -0.7011
vn 0.5584 -0.0276 -0.8291
vn -0.0902 -0.0111 -0.9959
vn 0.9895 0.0994 -0.1053
vn 0.8509 -0.5168 -0.0948
vn 0.6717 -0.0251 0.7404
vn 0.4831 -0.4902 0.7255
vn 0.1440 0.0098 -0.9895
vn 0.9772 0.0292 -0.2103
vn 0.9116 -0.0889 -0.4014
vn 0.5629 0.0398 0.8256
vn 0.9897 -0.0312 0.1395
vn 0.3670 -0.1240 -0.9219
vn 0.8749 -0.0286 -0.4835
vn -0.6137 -0.6144 -0.4958
vn -0.6889 -0.4911 0.5331
vn -0.1899 -0.8855 0.4241
vn 0.7456 -0.5617 -0.3585
vn 0.3282 -0.4782 0.8146
vn 0.3991 -0.9150 -0.0593
vn -0.9036 0.0085 0.4284
vn 0.5497 0.6535 -0.5204
vn 0.6047 0.6885 0.4004
vn -0.0797 0.9380 0.3374
vn -0.3650 0.1730 0.9148
vn 0.4253 -0.3067 -0.8515
vn -0.0277 0.6447 -0.7639
vn 0.2404 -0.9703 -0.0261
vn -0.8717 0.0256 -0.4894
vn -0.4942 0.1579 -0.8549
vn -0.9327 0.1429 -0.3311
vn -0.9958 0.0473 0.0784
vn 0.9887 0.1318 0.0715
vn -0.9908 -0.0198 -0.1335
vn 0.6397 0.0458 -0.7672
vn 0.4449 -0.3896 -0.8064
vn 0.9823 0.1584 -0.1000
vn -0.8760 -0.0053 0.4822
usemtl Flame
s 1
f 29/1/1 26/2/1 4/3/1 17/4/1
f 39/5/1 36/6/1 6/7/1 18/8/1
f 40/9/1 37/10/1 9/11/1 22/12/1
f 30/13/1 27/14/1 8/15/1 21/16/1
f 45/17/1 43/18/1 12/19/1 24/20/1
f 44/21/1 42/22/1 11/23/1 19/24/1
f 35/25/1 33/26/1 15/27/1 25/28/1
f 34/29/1 32/30/1 13/31/1 20/32/1
f 33/26/1 34/29/1 20/32/1 15/27/1
f 43/18/1 44/21/1 19/24/1 12/19/1
f 37/10/1 39/5/1 18/8/1 9/11/1
f 27/14/1 29/1/1 17/4/1 8/15/1
f 31/33/1 35/25/1 25/28/1 14/34/1
f 41/35/1 45/17/1 24/20/1 10/36/1
f 28/37/1 30/13/1 21/16/1 3/38/1
f 38/39/1 40/9/1 22/12/1 5/40/1
f 14/34/1 25/28/1 30/13/1 28/37/1
f 15/27/1 20/32/1 29/1/1 27/14/1
f 25/28/1 15/27/1 27/14/1 30/13/1
f 20/32/1 13/31/1 26/2/1 29/1/1
f 5/40/1 22/12/1 35/25/1 31/33/1
f 9/11/1 18/8/1 34/29/1 33/26/1
f 18/8/1 6/7/1 32/30/1 34/29/1
f 22/12/1 9/11/1 33/26/1 35/25/1
f 10/36/1 24/20/1 40/9/1 38/39/1
f 12/19/1 19/24/1 39/5/1 37/10/1
f 24/20/1 12/19/1 37/10/1 40/9/1
f 19/24/1 11/23/1 36/6/1 39/5/1
f 1/41/1 23/42/1 45/17/1 41/35/1
f 7/43/1 16/44/1 44/21/1 43/18/1
f 16/44/1 2/45/1 42/22/1 44/21/1
f 23/42/1 7/43/1 43/18/1 45/17/1
f 74/46/2 71/47/2 49/48/2 62/49/2
f 84/50/2 81/51/2 51/52/2 63/53/2
f 85/54/2 82/55/2 54/56/2 67/57/2
f 75/58/2 72/59/2 53/60/2 66/61/2
f 90/62/2 88/63/2 57/64/2 69/65/2
f 89/66/2 87/67/2 56/68/2 64/69/2
f 80/70/2 78/71/2 60/72/2 70/73/2
f 79/74/2 77/75/2 58/76/2 65/77/2
f 78/71/2 79/74/2 65/77/2 60/72/2
f 88/63/2 89/66/2 64/69/2 57/64/2
f 82/55/2 84/50/2 63/53/2 54/56/2
f 72/59/2 74/46/2 62/49/2 53/60/2
f 76/78/2 80/70/2 70/73/2 59/79/2
f 86/80/2 90/62/2 69/65/2 55/81/2
f 73/82/2 75/58/2 66/61/2 48/83/2
f 83/84/2 85/54/2 67/57/2 50/85/2
f 59/79/2 70/73/2 75/58/2 73/82/2
f 60/72/2 65/77/2 74/46/2 72/59/2
f 70/73/2 60/72/2 72/59/2 75/58/2
f 65/77/2 58/76/2 71/47/2 74/46/2
f 50/85/2 67/57/2 80/70/2 76/78/2
f 54/56/2 63/53/2 79/74/2 78/71/2
f 63/53/2 51/52/2 77/75/2 79/74/2
f 67/57/2 54/56/2 78/71/2 80/70/2
f 55/81/2 69/65/2 85/54/2 83/84/2
f 57/64/2 64/69/2 84/50/2 82/55/2
f 69/65/2 57/64/2 82/55/2 85/54/2
f 64/69/2 56/68/2 81/51/2 84/50/2
f 46/86/2 68/87/2 90/62/2 86/80/2
f 52/88/2 61/89/2 89/66/2 88/63/2
f 61/89/2 47/90/2 87/67/2 89/66/2
f 68/87/2 52/88/2 88/63/2 90/62/2
f 119/91/3 116/92/3 94/93/3 107/94/3
f 129/95/3 126/96/3 96/97/3 108/98/3
f 130/99/3 127/100/3 99/101/3 112/102/3
f 120/103/3 117/104/3 98/105/3 111/106/3
f 135/107/3 133/108/3 102/109/3 114/110/3
f 134/111/3 132/112/3 101/113/3 109/114/3
f 125/115/3 123/116/3 105/117/3 115/118/3
f 124/119/3 122/120/3 103/121/3 110/122/3
f 123/116/3 124/119/3 110/122/3 105/117/3
f 133/108/3 134/111/3 109/114/3 102/109/3
f 127/100/3 129/95/3 108/98/3 99/101/3
f 117/104/3 119/91/3 107/94/3 98/105/3
f 121/123/3 125/115/3 115/118/3 104/124/3
f 131/125/3 135/107/3 114/110/3 100/126/3
f 118/127/3 120/103/3 111/106/3 93/128/3
f 128/129/3 130/99/3 112/102/3 95/130/3
f 104/124/3 115/118/3 120/103/3 118/127/3
f 105/117/3 110/122/3 119/91/3 117/104/3
f 115/118/3 105/117/3 117/104/3 120/103/3
f 110/122/3 103/121/3 116/92/3 119/91/3
f 95/130/3 112/102/3 125/115/3 121/123/3
f 99/101/3 108/98/3 124/119/3 123/116/3
f 108/98/3 96/97/3 122/120/3 124/119/3
f 112/102/3 99/101/3 123/116/3 125/115/3
f 100/126/3 114/110/3 130/99/3 128/129/3
f 102/109/3 109/114/3 129/95/3 127/100/3
f 114/110/3 102/109/3 127/100/3 130/99/3
f 109/114/3 101/113/3 126/96/3 129/95/3
f 91/131/3 113/132/3 135/107/3 131/125/3
f 97/133/3 106/134/3 134/111/3 133/108/3
f 106/134/3 92/135/3 132/112/3 134/111/3
f 113/132/3 97/133/3 133/108/3 135/107/3
f 164/136/4 161/137/4 139/138/4 152/139/4
f 174/140/4 171/141/4 141/142/4 153/143/4
f 175/144/4 172/145/4 144/146/4 157/147/4
f 165/148/4 162/149/4 143/150/4 156/151/4
f 180/152/4 178/153/4 147/154/4 159/155/4
f 179/156/4 177/157/4 146/158/4 154/159/4
f 170/160/4 168/161/4 150/162/4 160/163/4
f 169/164/4 167/165/4 148/166/4 155/167/4
f 168/161/4 169/164/4 155/167/4 150/162/4
f 178/153/4 179/156/4 154/159/4 147/154/4
f 172/145/4 174/140/4 153/143/4 144/146/4
f 162/149/4 164/136/4 152/139/4 143/150/4
f 166/168/4 170/160/4 160/163/4 149/169/4
f 176/170/4 180/152/4 159/155/4 145/171/4
f 163/172/4 165/148/4 156/151/4 138/173/4
f 173/174/4 175/144/4 157/147/4 140/175/4
f 149/169/4 160/163/4 165/148/4 163/172/4
f 150/162/4 155/167/4 164/136/4 162/149/4
f 160/163/4 150/162/4 162/149/4 165/148/4
f 155/167/4 148/166/4 161/137/4 164/136/4
f 140/175/4 157/147/4 170/160/4 166/168/4
f 144/146/4 153/143/4 169/164/4 168/161/4
f 153/143/4 141/142/4 167/165/4 169/164/4
f 157/147/4 144/146/4 168/161/4 170/160/4
f 145/171/4 159/155/4 175/144/4 173/174/4
f 147/154/4 154/159/4 174/140/4 172/145/4
f 159/155/4 147/154/4 172/145/4 175/144/4
f 154/159/4 146/158/4 171/141/4 174/140/4
f 136/176/4 158/177/4 180/152/4 176/170/4
f 142/178/4 151/179/4 179/156/4 178/153/4
f 151/179/4 137/180/4 177/157/4 179/156/4
f 158/177/4 142/178/4 178/153/4 180/152/4
usemtl Candle
f 181/181/5 182/182/6 183/183/7
f 184/184/8 185/185/9 186/186/10
f 187/187/11 188/188/12 189/189/13
f 190/190/14 191/191/15 192/192/16
f 193/193/17 190/190/14 192/192/16
f 194/194/18 195/195/19 196/196/20
f 197/197/21 198/198/22 199/199/23
f 199/199/23 200/200/24 197/197/21
f 192/192/16 200/200/24 193/193/17
f 192/201/16 198/198/22 201/202/25
f 201/202/25 200/200/24 199/199/23
f 193/193/17 198/198/22 197/197/21
f 193/193/17 200/200/24 201/202/25
f 193/193/17 201/202/25 198/198/22
f 202/203/26 203/204/27 204/205/28
f 209/206/29 210/207/30 211/208/31
f 214/209/32 212/210/33 209/211/29
f 215/212/34 216/213/35 217/214/36
f 218/215/37 185/185/9 184/184/8
f 219/216/38 220/217/39 221/218/40
f 218/215/37 222/219/41 223/220/42
f 224/221/43 225/222/44 226/223/45
f 227/224/46 228/225/47 229/226/48
f 230/227/49 231/228/50 232/229/51
f 233/230/52 234/231/53 235/232/54
f 236/233/55 237/234/56 238/235/57
f 239/236/58 240/237/59 241/238/60
f 242/239/61 243/240/62 244/241/63
f 245/242/64 246/243/65 247/244/66
f 248/245/67 249/246/68 250/247/69
f 251/248/70 232/229/51 252/249/71
f 253/250/72 254/251/73 255/252/74
f 256/253/75 257/254/76 258/255/77
f 259/256/78 181/181/5 183/183/7
f 260/257/79 261/258/80 262/259/81
f 263/260/82 264/261/83 235/232/54
f 265/262/84 266/263/85 267/264/86
f 268/265/87 269/266/88 270/267/89
f 271/268/90 256/269/75 272/270/91
f 273/271/92 274/272/93 275/273/94
f 276/274/95 277/275/96 256/253/75
f 278/276/97 279/277/98 280/278/99
f 281/279/100 269/266/88 268/265/87
f 282/280/101 283/281/102 284/282/103
f 285/283/104 286/284/105 287/285/106
f 288/286/107 184/184/8 186/186/10
f 289/287/108 264/261/83 263/260/82
f 278/276/97 290/288/109 291/289/110
f 292/290/111 293/291/112 294/292/113
f 295/293/114 296/294/115 297/295/116
f 202/203/26 298/296/117 299/297/118
f 300/298/119 301/299/120 302/300/121
f 303/301/122 304/302/123 305/303/124
f 230/227/49 232/229/51 251/248/70
f 306/304/125 307/305/126 308/306/127
f 309/307/128 310/308/129 311/309/130
f 312/310/131 210/311/30 313/312/132
f 314/313/133 315/314/134 316/315/135
f 317/316/136 318/317/137 319/318/138
f 320/319/139 321/320/140 322/321/141
f 323/322/142 324/323/143 325/324/144
f 194/194/18 326/325/145 327/326/146
f 328/327/147 329/328/148 330/329/149
f 331/330/150 332/331/151 330/329/149
f 333/332/152 334/333/153 335/334/154
f 336/335/155 337/336/156 338/337/157
f 339/338/158 340/339/159 341/340/160
f 342/341/161 343/342/162 344/343/163
f 345/344/164 346/345/165 347/346/166
f 348/347/167 349/348/168 350/349/169
f 351/350/170 352/351/171 353/352/172
f 186/186/10 354/353/173 355/354/174
f 356/355/175 357/356/176 358/357/177
f 359/358/178 360/359/179 361/360/180
f 362/361/181 363/362/182 364/363/183
f 365/364/184 366/365/185 367/366/186
f 368/367/187 369/368/188 370/369/189
f 371/370/190 372/371/191 373/372/192
f 374/373/193 375/374/194 376/375/195
f 377/376/196 378/377/197 379/378/198
f 380/379/199 381/380/200 382/381/201
f 383/382/202 384/383/203 385/384/204
f 386/385/205 387/386/206 388/387/207
f 389/388/208 333/332/152 390/389/209
f 391/390/210 392/391/211 393/392/212
f 394/393/213 265/262/84 395/394/214
f 396/395/215 397/396/216 398/397/217
f 399/398/218 400/399/219 401/400/220
f 402/401/221 403/402/222 404/403/223
f 405/404/224 406/405/225 407/406/226
f 239/236/58 408/407/227 240/237/59
f 409/408/228 410/409/229 411/410/230
f 412/411/231 182/182/6 181/181/5
f 413/412/232 414/413/233 415/414/234
f 416/415/235 417/416/236 418/417/237
f 419/418/238 420/419/239 421/420/240
f 422/421/241 423/422/242 424/423/243
f 425/424/244 426/425/245 427/426/246
f 428/427/247 429/428/248 430/429/249
f 431/430/250 432/431/251 433/432/252
f 434/433/253 196/196/20 435/434/254
f 436/435/255 437/436/256 438/437/257
f 439/438/258 440/439/259 441/440/260
f 442/441/261 403/442/222 443/443/262
f 444/444/263 445/445/264 446/446/265
f 447/447/266 448/448/267 449/449/268
f 450/450/269 451/451/270 452/452/271
f 453/453/272 454/454/273 455/455/274
f 456/456/275 457/457/276 458/458/277
f 399/398/218 459/459/278 400/399/219
f 460/460/279 461/461/280 462/462/281
f 463/463/282 464/464/283 465/465/284
f 445/445/264 466/466/285 467/467/286
f 468/468/287 469/469/288 470/470/289
f 471/471/290 472/472/291 473/473/292
f 474/474/293 457/457/276 237/234/56
f 475/475/294 476/476/295 477/477/296
f 425/424/244 478/478/297 426/425/245
f 479/479/298 480/480/299 481/481/300
f 482/482/301 483/483/302 484/484/303
f 485/485/304 418/417/237 417/416/236
f 486/486/305 487/487/306 488/488/307
f 489/489/308 490/490/309 491/491/310
f 492/492/311 493/493/312 373/372/192
f 494/494/313 495/495/314 496/496/315
f 497/497/316 498/498/317 284/282/103
f 422/421/241 424/423/243 364/363/183
f 499/499/318 500/500/319 501/501/320
f 502/502/321 503/503/322 504/504/323
f 505/505/324 506/506/325 507/507/326
f 508/508/327 509/509/328 287/510/106
f 510/511/329 511/512/330 512/513/331
f 513/514/332 514/515/333 515/516/334
f 516/517/335 517/518/336 518/519/337
f 259/520/78 519/521/338 520/522/339
f 521/523/340 453/453/272 522/524/341
f 523/525/342 524/526/343 525/527/344
f 298/296/117 526/528/345 299/297/118
f 527/529/346 528/530/347 529/531/348
f 530/532/349 531/533/350 532/534/351
f 255/252/74 533/535/352 253/250/72
f 253/250/72 533/535/352 534/536/353
f 535/537/354 536/538/355 537/539/356
f 538/540/357 539/541/358 540/542/359
f 222/219/41 541/543/360 223/220/42
f 542/544/361 543/545/362 544/546/363
f 545/547/364 546/548/365 547/549/366
f 548/550/367 549/551/368 550/552/369
f 551/553/370 552/554/371 361/555/180
f 553/556/372 554/557/373 555/558/374
f 556/559/375 557/560/376 558/561/377
f 559/562/378 560/563/379 561/564/380
f 562/565/381 219/216/38 563/566/382
f 564/567/383 565/568/384 566/569/385
f 567/570/386 568/571/387 569/572/388
f 570/573/389 571/574/390 572/575/391
f 573/576/392 574/577/393 575/578/394
f 576/579/395 577/580/396 578/581/397
f 579/582/398 559/562/378 561/564/380
f 580/583/399 581/584/400 582/585/401
f 583/586/402 584/587/403 585/588/404
f 586/589/405 587/590/406 588/591/407
f 250/247/69 589/592/408 590/593/409
f 591/594/410 592/595/411 593/596/412
f 594/597/413 595/598/414 596/599/415
f 597/600/416 598/601/417 599/602/418
f 600/603/419 601/604/420 602/605/421
f 603/606/422 296/294/115 604/607/423
f 605/608/424 606/609/425 607/610/426
f 608/611/427 609/612/428 530/532/349
f 610/613/429 611/614/430 612/615/431
f 613/616/432 614/617/433 615/618/434
f 616/619/435 617/620/436 618/621/437
f 619/622/438 620/623/439 621/624/440
f 622/625/441 623/626/442 624/627/443
f 218/215/37 223/220/42 185/185/9
f 625/628/444 626/629/445 627/630/446
f 628/631/447 629/632/448 630/633/449
f 631/634/450 632/635/451 633/636/452
f 517/518/336 634/637/453 635/638/454
f 636/639/455 264/640/83 289/641/108
f 637/642/456 493/493/312 492/492/311
f 638/643/457 639/644/458 532/534/351
f 640/645/459 641/646/460 642/647/461
f 643/648/462 644/649/463 645/650/464
f 646/651/465 647/652/466 648/653/467
f 488/488/307 649/654/468 650/655/469
f 651/656/470 652/657/471 653/658/472
f 654/659/473 655/660/474 656/661/475
f 657/662/476 658/663/477 659/664/478
f 660/665/479 661/666/480 662/667/481
f 663/668/482 664/669/483 665/670/484
f 288/286/107 666/671/485 667/672/486
f 668/673/487 669/674/488 509/509/328
f 394/393/213 395/394/214 392/391/211
f 208/675/489 206/676/490 670/677/491
f 671/678/492 672/679/493 673/680/494
f 377/376/196 379/378/198 674/681/495
f 675/682/496 676/683/497 677/684/498
f 678/685/499 419/418/238 421/420/240
f 679/686/500 680/687/501 681/688/502
f 682/689/503 514/515/333 683/690/504
f 379/378/198 378/377/197 684/691/505
f 685/692/506 686/693/507 687/694/508
f 688/695/509 326/325/145 689/696/510
f 690/697/511 691/698/512 692/699/513
f 693/700/514 694/701/515 695/702/516
f 693/700/514 696/703/517 694/701/515
f 429/428/248 697/704/518 698/705/519
f 699/706/520 268/265/87 270/267/89
f 700/707/521 701/708/522 627/630/446
f 702/709/523 703/710/524 689/696/510
f 254/251/73 225/222/44 224/221/43
f 704/711/525 705/712/526 706/713/527
f 707/714/528 708/715/529 709/716/530
f 710/717/531 711/718/532 712/719/533
f 713/720/534 714/721/535 701/708/522
f 715/722/536 716/723/537 713/720/534
f 717/724/538 718/725/539 719/726/540
f 720/727/541 721/728/542 722/729/543
f 705/712/526 723/730/544 706/713/527
f 724/731/545 725/732/546 726/733/547
f 727/734/548 728/735/549 184/736/8
f 729/737/550 479/738/298 184/739/8
f 730/740/551 731/741/552 732/742/553
f 193/193/17 733/743/554 190/190/14
f 734/744/555 735/745/556 687/694/508
f 186/186/10 736/746/557 737/747/558
f 738/748/559 739/749/560 740/750/561
f 309/307/128 720/727/541 741/751/562
f 528/530/347 742/752/563 743/753/564
f 380/379/199 744/754/565 745/755/566
f 746/756/567 747/757/568 748/758/569
f 749/759/570 750/760/571 751/761/572
f 544/546/363 305/303/124 542/544/361
f 752/762/573 753/763/574 754/764/575
f 755/765/576 756/766/577 757/767/578
f 383/382/202 385/384/204 758/768/579
f 759/769/580 760/770/581 761/771/582
f 762/772/583 763/773/584 760/770/581
f 764/774/585 765/775/586 766/776/587
f 767/777/588 768/778/589 769/779/590
f 770/780/591 771/781/592 772/782/593
f 773/783/594 774/784/595 775/785/596
f 776/786/597 777/787/598 778/788/599
f 779/789/600 780/790/601 481/791/300
f 781/792/602 782/793/603 783/794/604
f 681/688/502 680/687/501 784/795/605
f 785/796/606 386/385/205 388/387/207
f 786/797/607 787/798/608 788/799/609
f 789/800/610 790/801/611 791/802/612
f 792/803/613 793/804/614 794/805/615
f 674/681/495 795/806/616 796/807/617
f 797/808/618 798/809/619 799/810/620
f 800/811/621 801/812/622 802/813/623
f 803/814/624 804/815/625 805/816/626
f 806/817/627 780/818/601 807/819/628
f 808/820/629 809/821/630 810/822/631
f 811/823/632 812/824/633 813/825/634
f 814/826/635 815/827/636 816/828/637
f 817/829/638 818/830/639 819/831/640
f 820/832/641 348/347/167 350/349/169
f 821/833/642 822/834/643 823/835/644
f 821/833/642 824/836/645 825/837/646
f 513/514/332 826/838/647 827/839/648
f 828/840/649 829/841/650 830/842/651
f 831/843/652 832/844/653 833/845/654
f 834/846/655 835/847/656 836/848/657
f 837/849/658 434/433/253 435/434/254
f 838/850/659 839/851/660 840/852/661
f 841/853/662 842/854/663 843/855/664
f 844/856/665 845/857/666 846/858/667
f 847/859/668 848/860/669 849/861/670
f 850/862/671 543/545/362 851/863/672
f 852/864/673 814/826/635 816/828/637
f 853/865/674 854/866/675 855/867/676
f 856/868/677 857/869/678 858/870/679
f 859/871/680 860/872/681 861/873/682
f 862/874/683 863/875/684 864/876/685
f 862/874/683 865/877/686 866/878/687
f 707/714/528 867/879/688 868/880/689
f 869/881/690 870/882/691 871/883/692
f 872/884/693 401/400/220 226/223/45
f 601/604/420 600/603/419 873/885/694
f 874/886/695 875/887/696 876/888/697
f 877/889/698 878/890/699 879/891/700
f 880/892/701 881/893/702 882/894/703
f 883/895/704 884/896/705 885/897/706
f 886/898/707 887/899/708 888/900/709
f 889/901/710 890/902/711 891/903/712
f 228/225/47 892/904/713 229/226/48
f 447/447/266 449/449/268 893/905/714
f 894/906/715 895/907/716 896/908/717
f 895/907/716 881/893/702 880/892/701
f 890/902/711 897/909/718 891/903/712
f 898/910/719 899/911/720 900/912/721
f 901/913/722 902/914/723 903/915/724
f 904/916/725 905/917/726 906/918/727
f 907/919/728 239/236/58 241/238/60
f 908/920/729 429/428/248 428/427/247
f 909/921/730 910/922/731 911/923/732
f 912/924/733 913/925/734 914/926/735
f 915/927/736 916/928/737 917/929/738
f 767/777/588 769/779/590 918/930/739
f 919/931/740 920/932/741 921/933/742
f 922/934/743 923/935/744 834/846/655
f 811/823/632 813/825/634 280/936/99
f 924/937/745 925/938/746 926/939/747
f 927/940/748 323/322/142 325/324/144
f 928/941/749 929/942/750 930/943/751
f 539/541/358 931/944/752 932/945/753
f 933/946/754 934/947/755 935/948/756
f 936/949/757 937/950/758 352/351/171
f 288/286/107 186/186/10 666/671/485
f 938/951/759 939/952/760 358/357/177
f 940/953/761 941/954/762 942/955/763
f 943/956/764 268/265/87 699/706/520
f 944/957/765 945/958/766 946/959/767
f 947/960/768 276/274/95 948/961/769
f 949/962/770 950/963/771 951/964/772
f 952/965/773 462/462/281 953/966/774
f 954/967/775 955/968/776 956/969/777
f 957/970/778 958/971/779 959/972/780
f 960/973/781 961/974/782 962/975/783
f 963/976/784 964/977/785 965/978/786
f 500/500/319 966/979/787 967/980/788
f 968/981/789 969/982/790 970/983/791
f 317/316/136 319/318/138 971/984/792
f 972/985/793 888/900/709 887/899/708
f 722/729/543 888/900/709 973/986/794
f 873/885/694 600/603/419 974/987/795
f 975/988/796 648/653/467 976/989/797
f 977/990/798 978/991/799 979/992/800
f 980/993/801 981/994/802 982/995/803
f 909/921/730 911/923/732 983/996/804
f 984/997/805 947/960/768 985/998/806
f 986/999/807 781/792/602 783/794/604
f 987/1000/808 337/336/156 336/335/155
f 988/1001/809 989/1002/810 990/1003/811
f 991/1004/812 992/1005/813 993/1006/814
f 994/1007/815 995/1008/816 996/1009/817
f 654/659/473 484/484/303 655/660/474
f 997/1010/818 998/1011/819 872/884/693
f 225/222/44 872/884/693 226/223/45
f 922/934/743 834/846/655 999/1012/820
f 1000/1013/821 1001/1014/822 302/300/121
f 1002/1015/823 1003/1016/824 1004/1017/825
f 1005/1018/826 1006/1019/827 1007/1020/828
f 1008/1021/829 390/389/209 1009/1022/830
f 450/450/269 1010/1023/831 1011/1024/832
f 633/636/452 1012/1025/833 1013/1026/834
f 609/612/428 1014/1027/835 607/610/426
f 1015/1028/836 1016/1029/837 1017/1030/838
f 842/854/663 1015/1028/836 1018/1031/839
f 1019/1032/840 1020/1033/841 1021/1034/842
f 215/212/34 214/209/32 216/213/35
f 1022/1035/843 1023/1036/844 1024/1037/845
f 543/545/362 542/544/361 851/863/672
f 1025/1038/846 1026/1039/847 1027/1040/848
f 1028/1041/849 1029/1042/850 355/354/174
f 1030/1043/851 1031/1044/852 1032/1045/853
f 1033/1046/854 644/649/463 1034/1047/855
f 1035/1048/856 854/866/675 1036/1049/857
f 1037/1050/858 1038/1051/859 1036/1049/857
f 1039/1052/860 1040/1053/861 1041/1054/862
f 1042/1055/863 1043/1056/864 1044/1057/865
f 1045/1058/866 1046/1059/867 1047/1060/868
f 1048/1061/869 630/633/449 1049/1062/870
f 1050/1063/871 1051/1064/872 1052/1065/873
f 1053/1066/874 456/1067/275 343/342/162
f 247/244/66 246/243/65 525/527/344
f 1044/1057/865 1043/1056/864 1054/1068/875
f 1055/1069/876 1056/1070/877 1057/1071/878
f 1030/1043/851 1055/1069/876 1031/1044/852
f 1058/1072/879 1059/1073/880 1060/1074/881
f 1061/1075/882 1062/1076/883 182/182/6
f 751/761/572 1063/1077/884 1064/1078/885
f 1065/1079/886 1066/1080/887 1067/1081/888
f 1068/1082/889 555/558/374 554/557/373
f 1069/1083/890 1070/1084/891 1071/1085/892
f 1072/1086/893 1024/1037/845 1073/1087/894
f 1074/1088/895 1075/1089/896 1076/1090/897
f 1077/1091/898 755/765/576 757/767/578
f 1078/1092/899 1079/1093/900 1077/1091/898
f 1080/1094/901 1081/1095/902 1082/1096/903
f 590/593/409 987/1000/808 336/335/155
f 1083/1097/904 520/522/339 1084/1098/905
f 1085/1099/906 1086/1100/907 1087/1101/908
f 1088/1102/909 1089/1103/910 1090/1104/911
f 1091/1105/912 1092/1106/913 563/566/382
f 1093/1107/914 1094/1108/915 1095/1109/916
f 1096/1110/917 800/811/621 802/813/623
f 1097/1111/918 1003/1016/824 1002/1015/823
f 490/490/309 1098/1112/919 491/491/310
f 1099/1113/920 1100/1114/921 1101/1115/922
f 1102/1116/923 1103/1117/924 1104/1118/925
f 1105/1119/926 1106/1120/927 1107/1121/928
f 465/465/284 1108/1122/929 463/463/282
f 1109/1123/930 1110/1124/931 1111/1125/932
f 1112/1126/933 1113/1127/934 1114/1128/935
f 612/615/431 1115/1129/936 749/759/570
f 749/759/570 1115/1129/936 750/760/571
f 1116/1130/937 1117/1131/938 1118/1132/939
f 1119/1133/940 576/579/395 1120/1134/941
f 321/320/140 1121/1135/942 1122/1136/943
f 331/330/150 1123/1137/944 332/331/151
f 1124/1138/945 866/878/687 1125/1139/946
f 991/1004/812 993/1006/814 1126/1140/947
f 1093/1107/914 1127/1141/948 1128/1142/949
f 1129/1143/950 787/798/608 1130/1144/951
f 1131/1145/952 1132/1146/953 1091/1105/912
f 1131/1145/952 1133/1147/954 1132/1146/953
f 675/682/496 677/684/498 1134/1148/955
f 940/953/761 1135/1149/956 941/954/762
f 1136/1150/957 237/234/56 1137/1151/958
f 1137/1151/958 237/234/56 457/457/276
f 1138/1152/959 1139/1153/960 1140/1154/961
f 1141/1155/962 711/718/532 710/717/531
f 1142/1156/963 1143/1157/964 1084/1098/905
f 1085/1099/906 1144/1158/965 1086/1100/907
f 1145/1159/966 935/948/756 257/254/76
f 933/946/754 935/948/756 1145/1159/966
f 1146/1160/967 1147/1161/968 1148/1162/969
f 1149/1163/970 1150/1164/971 1151/1165/972
f 472/472/291 798/809/619 797/808/618
f 473/473/292 472/472/291 797/808/618
f 1152/1166/973 1153/1167/974 1154/1168/975
f 1078/1092/899 1155/1169/976 1079/1093/900
f 1156/1170/977 1157/1171/978 1158/1172/979
f 1159/1173/980 1160/1174/981 1161/1175/982
f 1162/1176/983 245/242/64 1163/1177/984
f 1162/1178/983 1164/1179/985 206/676/490
f 596/599/415 1165/1180/986 934/947/755
f 502/502/321 504/504/323 1166/1181/987
f 1167/1182/988 1168/1183/989 1169/1184/990
f 575/578/394 1170/1185/991 1171/1186/992
f 1172/1187/993 1173/1188/994 226/223/45
f 1174/1189/995 1175/1190/996 1176/1191/997
f 1177/1192/998 1178/1193/999 1179/1194/1000
f 1180/1195/1001 397/396/216 1181/1196/1002
f 1182/1197/1003 1183/1198/1004 1184/1199/1005
f 1185/1200/1006 762/772/583 760/770/581
f 577/580/396 1186/1201/1007 1187/1202/1008
f 1186/1201/1007 1188/1203/1009 1187/1202/1008
f 1189/1204/1010 1181/1196/1002 397/396/216
f 885/897/706 884/896/705 1190/1205/1011
f 1191/1206/1012 1192/1207/1013 1193/1208/1014
f 1194/1209/1015 184/184/8 288/286/107
f 640/645/459 281/279/100 641/646/460
f 1195/1210/1016 1196/1211/1017 1197/1212/1018
f 1198/1213/1019 1199/1214/1020 1200/1215/1021
f 300/298/119 1201/1216/1022 301/299/120
f 490/490/309 1202/1217/1023 1203/1218/1024
f 1204/1219/1025 1205/1220/1026 1206/1221/1027
f 1207/1222/1028 1058/1072/879 1208/1223/1029
f 1058/1072/879 1207/1222/1028 1059/1073/880
f 710/717/531 1209/1224/1030 1210/1225/1031
f 1211/1226/1032 721/728/542 1212/1227/1033
f 1213/1228/1034 1214/1229/1035 1215/1230/1036
f 1216/1231/1037 1217/1232/1038 1218/1233/1039
f 1219/1234/1040 1220/1235/1041 1221/1236/1042
f 1222/1237/1043 1220/1235/1041 1219/1234/1040
f 909/921/730 1223/1238/1044 910/922/731
f 1224/1239/1045 1225/1240/1046 1226/1241/1047
f 1227/1242/1048 898/910/719 900/912/721
f 926/939/747 773/783/594 775/785/596
f 398/397/217 397/396/216 1228/1243/1049
f 1229/1244/1050 1228/1243/1049 1230/1245/1051
f 1204/1219/1025 1231/1246/1052 1232/1247/1053
f 1233/1248/1054 1234/1249/1055 799/810/620
f 1235/1250/1056 1236/1251/1057 1237/1252/1058
f 1236/1251/1057 1238/1253/1059 1237/1252/1058
f 1239/1254/1060 1240/1255/1061 1241/1256/1062
f 1242/1257/1063 1239/1254/1060 1243/1258/1064
f 625/628/444 1244/1259/1065 626/629/445
f 1049/1062/870 630/633/449 629/632/448
f 1245/1260/1066 916/928/737 915/927/736
f 1246/1261/1067 1247/1262/1068 1248/1263/1069
f 1249/1264/1070 702/709/523 689/696/510
f 1250/1265/1071 692/699/513 1251/1266/1072
f 265/262/84 1252/1267/1073 266/263/85
f 1253/1268/1074 893/905/714 1254/1269/1075
f 744/754/565 1255/1270/1076 745/755/566
f 1197/1212/1018 1256/1271/1077 1257/1272/1078
f 849/861/670 1258/1273/1079 1259/1274/1080
f 185/185/9 223/220/42 1260/1275/1081
f 761/771/582 1261/1276/1082 759/769/580
f 1262/1277/1083 763/773/584 1263/1278/1084
f 1047/1060/868 1264/1279/1085 1265/1280/1086
f 1266/1281/1087 1267/1282/1088 1268/1283/1089
f 1269/1284/1090 746/756/567 1149/1163/970
f 547/549/366 1269/1284/1090 1270/1285/1091
f 1271/1286/1092 1272/1287/1093 882/894/703
f 1273/1288/1094 1274/1289/1095 1275/1290/1096
f 1276/1291/1097 1168/1183/989 1167/1182/988
f 1277/1292/1098 1278/1293/1099 1279/1294/1100
f 1280/1295/1101 1281/1296/1102 1282/1297/1103
f 1283/1298/1104 1284/1299/1105 1285/1300/1106
f 1286/1301/1107 1106/1120/927 1105/1119/926
f 1287/1302/1108 1288/1303/1109 1289/1304/1110
f 809/821/630 808/820/629 1290/1305/1111
f 1291/1306/1112 1292/1307/1113 1293/1308/1114
f 1294/1309/1115 718/725/539 1295/1310/1116
f 1296/1311/1117 535/537/354 537/539/356
f 832/844/653 385/384/204 833/845/654
f 1297/1312/1118 1285/1300/1106 1298/1313/1119
f 1299/1314/1120 1300/1315/1121 1301/1316/1122
f 957/970/778 1302/1317/1123 1303/1318/1124
f 258/255/77 257/254/76 935/948/756
f 1304/1319/1125 595/598/414 594/597/413
f 1305/1320/1126 1116/1130/937 1118/1132/939
f 1306/1321/1127 529/531/348 1307/1322/1128
f 429/428/248 1308/1323/1129 1309/1324/1130
f 241/1325/60 1310/1326/1131 1311/1327/1132
f 367/366/186 1312/1328/1133 1313/1329/1134
f 1314/1330/1135 1315/1331/1136 1316/1332/1137
f 1317/1333/1138 670/677/491 206/676/490
f 1302/1317/1123 670/677/491 1317/1333/1138
f 1100/1114/921 271/268/90 272/270/91
f 1104/1118/925 1318/1334/1139 1319/1335/1140
f 1320/1336/1141 410/409/229 1321/1337/1142
f 1321/1337/1142 410/409/229 409/408/228
f 1322/1338/1143 1323/1339/1144 1324/1340/1145
f 1323/1339/1144 794/805/615 1325/1341/1146
f 272/270/91 256/269/75 912/924/733
f 1261/1276/1082 1326/1342/1147 759/769/580
f 1152/1166/973 1327/1343/1148 1328/1344/1149
f 1329/1345/1150 1330/1346/1151 1331/1347/1152
f 1332/1348/1153 1333/1349/1154 1334/1350/1155
f 293/1351/112 1335/1352/1156 294/1353/113
f 1168/1183/989 1336/1354/1157 1169/1184/990
f 1337/1355/1158 742/752/563 1338/1356/1159
f 1339/1357/1160 1340/1358/1161 1341/1359/1162
f 1342/1360/1163 1343/1361/1164 1344/1362/1165
f 841/853/662 1345/1363/1166 1346/1364/1167
f 1347/1365/1168 398/397/217 1348/1366/1169
f 1349/1367/1170 1350/1368/1171 1154/1168/975
f 1351/1369/1172 1352/1370/1173 1353/1371/1174
f 1354/1372/1175 1337/1355/1158 1338/1356/1159
f 1355/1373/1176 1337/1355/1158 1356/1374/1177
f 1357/1375/1178 1358/1376/1179 1105/1119/926
f 1359/1377/1180 1094/1108/915 1360/1378/1181
f 1361/1379/1182 962/975/783 1362/1380/1183
f 1363/1381/1184 1364/1382/1185 1365/1383/1186
f 644/649/463 1366/1384/1187 645/650/464
f 1228/1243/1049 1367/1385/1188 1230/1245/1051
f 712/719/533 711/718/532 1368/1386/1189
f 1369/1387/1190 1370/1388/1191 771/781/592
f 1371/1389/1192 1372/1390/1193 1373/1391/1194
f 1374/1392/1195 505/505/324 1375/1393/1196
f 1376/1394/1197 1377/1395/1198 1378/1396/1199
f 804/815/625 1379/1397/1200 805/816/626
f 1380/1398/1201 1381/1399/1202 1382/1400/1203
f 1383/1401/1204 462/462/281 952/965/773
f 1384/1402/1205 210/311/30 312/310/131
f 1385/1403/1206 1196/1211/1017 1386/1404/1207
f 1387/1405/1208 1388/1406/1209 1389/1407/1210
f 527/529/346 529/531/348 1306/1321/1127
f 182/182/6 1062/1076/883 1390/1408/1211
f 1390/1408/1211 1391/1409/1212 614/617/433
f 1392/1410/1213 1393/1411/1214 1375/1393/1196
f 1394/1412/1215 1005/1018/826 1007/1020/828
f 1395/1413/1216 1388/1406/1209 1387/1405/1208
f 1396/1414/1217 1397/1415/1218 1306/1321/1127
f 282/280/101 1398/1416/1219 283/281/102
f 1398/1416/1219 635/638/454 1399/1417/1220
f 796/807/617 1400/1418/1221 1401/1419/1222
f 1402/1420/1223 1400/1418/1221 1403/1421/1224
f 1404/1422/1225 1405/1423/1226 1406/1424/1227
f 1016/1029/837 652/657/471 1407/1425/1228
f 1408/1426/1229 1409/1427/1230 1410/1428/1231
f 1411/1429/1232 1412/1430/1233 1413/1431/1234
f 447/447/266 1414/1432/1235 448/448/267
f 1415/1433/1236 1364/1382/1185 768/778/589
f 1416/1434/1237 1417/1435/1238 1418/1436/1239
f 1416/1434/1237 1397/1415/1218 1419/1437/1240
f 1420/1438/1241 1421/1439/1242 1422/1440/1243
f 1091/1105/912 1132/1146/953 1092/1106/913
f 351/350/170 936/949/757 352/351/171
f 1104/1118/925 1423/1441/1244 1424/1442/1245
f 889/901/710 407/406/226 1425/1443/1246
f 290/288/109 1426/1444/1247 402/401/221
f 1403/1421/1224 1400/1418/1221 796/807/617
f 1427/1445/1248 1428/1446/1249 1429/1447/1250
f 1430/1448/1251 594/597/413 596/599/415
f 1431/1449/1252 984/997/805 985/998/806
f 1432/1450/1253 1433/1451/1254 725/732/546
f 1434/1452/1255 1435/1453/1256 1432/1450/1253
f 1436/1454/1257 1437/1455/1258 1142/1156/963
f 666/671/485 186/186/10 1438/1456/1259
f 852/864/673 1439/1457/1260 814/826/635
f 1216/1231/1037 1440/1458/1261 1441/1459/1262
f 237/234/56 349/348/168 238/235/57
f 1442/1460/1263 976/989/797 648/653/467
f 1443/1461/1264 1444/1462/1265 1445/1463/1266
f 954/967/775 1446/1464/1267 1447/1465/1268
f 825/837/646 824/836/645 512/513/331
f 1448/1466/1269 1449/1467/1270 1450/1468/1271
f 1158/1172/979 1157/1171/978 1451/1469/1272
f 1452/1470/1273 1453/1471/1274 1454/1472/1275
f 1455/1473/1276 465/465/284 464/464/283
f 1456/1474/1277 1150/1164/971 1457/1475/1278
f 358/357/177 675/682/496 1134/1148/955
f 358/357/177 1458/1476/1279 938/951/759
f 1196/1211/1017 1385/1403/1206 1384/1402/1205
f 1459/1477/1280 1460/1478/1281 758/768/579
f 1461/1479/1282 790/801/611 789/800/610
f 1218/1233/1039 1217/1232/1038 1462/1480/1283
f 854/866/675 1463/1481/1284 1464/1482/1285
f 1465/1483/1286 1466/1484/1287 1467/1485/1288
f 693/700/514 1468/1486/1289 696/703/517
f 1468/1486/1289 1469/1487/1290 1448/1466/1269
f 1470/1488/1291 308/306/127 307/305/126
f 1471/1489/1292 1472/1490/1293 1473/1491/1294
f 1474/1492/1295 1475/1493/1296 1476/1494/1297
f 1477/1495/1298 1478/1496/1299 1479/1497/1300
f 1480/1498/1301 975/988/796 1157/1171/978
f 1033/1046/854 1034/1047/855 400/399/219
f 1363/1381/1184 1481/1499/1302 1482/1500/1303
f 769/779/590 768/778/589 232/229/51
f 1483/1501/1304 1484/1502/1305 1485/1503/1306
f 1486/1504/1307 570/573/389 1487/1505/1308
f 1488/1506/1309 1465/1483/1286 1467/1485/1288
f 1489/1507/1310 1490/1508/1311 1491/1509/1312
f 836/848/657 835/847/656 381/380/200
f 1475/1493/1296 1492/1510/1313 1493/1511/1314
f 521/523/340 522/524/341 1494/1512/1315
f 613/616/432 1494/1512/1315 522/524/341
f 618/621/437 617/620/436 1495/1513/1316
f 1496/1514/1317 1497/1515/1318 1498/1516/1319
f 1499/1517/1320 1500/1518/1321 1501/1519/1322
f 1288/1303/1109 1287/1302/1108 805/816/626
f 1502/1520/1323 1503/1521/1324 1429/1447/1250
f 1504/1522/1325 819/831/640 818/830/639
f 882/894/703 1272/1287/1093 322/321/141
f 1190/1205/1011 1505/1523/1326 885/897/706
f 1506/1524/1327 1507/1525/1328 1508/1526/1329
f 1509/1527/1330 859/871/680 861/873/682
f 1510/1528/1331 1489/1507/1310 1491/1509/1312
f 1511/1529/1332 1488/1506/1309 1512/1530/1333
f 687/694/508 1025/1038/846 1513/1531/1334
f 345/344/164 347/346/166 1514/1532/1335
f 440/439/259 1005/1018/826 1515/1533/1336
f 1005/1018/826 1394/1412/1215 1003/1016/824
f 1516/1534/1337 1517/1535/1338 1518/1536/1339
f 1519/1537/1340 1520/1538/1341 1347/1365/1168
f 1511/1529/1332 1510/1528/1331 1521/1539/1342
f 1510/1528/1331 1124/1138/945 1521/1539/1342
f 713/720/534 1522/1540/1343 715/722/536
f 1522/1540/1343 700/707/521 627/630/446
f 1258/1273/1079 1523/1541/1344 1259/1274/1080
f 622/625/441 1524/1542/1345 296/294/115
f 309/307/128 311/309/130 1525/1543/1346
f 1526/1544/1347 1527/1545/1348 309/307/128
f 1528/1546/1349 1529/1547/1350 1530/1548/1351
f 1531/1549/1352 1532/1550/1353 1533/1551/1354
f 183/183/7 1534/1552/1355 259/256/78
f 1535/1553/1356 1536/1554/1357 519/1555/338
f 1497/1515/1318 1537/1556/1358 1498/1516/1319
f 1538/1557/1359 417/416/236 416/415/235
f 1539/1558/1360 1540/1559/1361 1531/1549/1352
f 1541/1560/1362 1516/1534/1337 1542/1561/1363
f 1543/1562/1364 1544/1563/1365 1545/1564/1366
f 1546/1565/1367 1547/1566/1368 1548/1567/1369
f 1549/1568/1370 1535/1553/1356 519/1555/338
f 1535/1553/1356 1549/1568/1370 1550/1569/1371
f 550/552/369 1551/1570/1372 1552/1571/1373
f 838/850/659 1553/1572/1374 839/851/660
f 1554/1573/1375 340/339/159 894/906/715
f 1529/1547/1350 1555/1574/1376 1556/1575/1377
f 744/754/565 1077/1091/898 1557/1576/1378
f 744/754/565 1558/1577/1379 1559/1578/1380
f 1560/1579/1381 1561/1580/1382 1562/1581/1383
f 1563/1582/1384 1564/1583/1385 1565/1584/1386
f 1566/1585/1387 361/555/180 552/554/371
f 764/774/585 469/469/288 765/775/586
f 694/701/515 1066/1080/887 1567/1586/1388
f 668/673/487 1568/1587/1389 669/674/488
f 1569/1588/1390 1570/1589/1391 316/315/135
f 782/793/603 1569/1588/1390 784/795/605
f 1571/1590/1392 1572/1591/1393 1551/1570/1372
f 1096/1110/917 802/813/623 1573/1592/1394
f 1574/1593/1395 1575/1594/1396 1576/1595/1397
f 1577/1596/1398 1578/1597/1399 1579/1598/1400
f 1580/1599/1401 765/775/586 469/469/288
f 1581/1600/1402 553/556/372 1582/1601/1403
f 519/521/338 1536/1602/1357 1583/1603/1404
f 1065/1079/886 1067/1081/888 1536/1602/1357
f 1584/1604/1405 1585/1605/1406 567/570/386
f 1586/1606/1407 1587/1607/1408 292/290/111
f 1588/1608/1409 1589/1609/1410 1590/1610/1411
f 1330/1346/1151 1329/1345/1150 1591/1611/1412
f 494/494/313 656/661/475 655/660/474
f 1592/1612/1413 1593/1613/1414 1594/1614/1415
f 883/895/704 1595/1615/1416 884/896/705
f 894/906/715 896/908/717 1516/1534/1337
f 1596/1616/1417 1597/1617/1418 1585/1605/1406
f 218/215/37 1598/1618/1419 1599/1619/1420
f 1600/1620/1421 1601/1621/1422 1596/1616/1417
f 1602/1622/1423 1603/1623/1424 222/1624/41
f 1262/1277/1083 1263/1278/1084 1604/1625/1425
f 1143/1157/964 273/271/92 275/273/94
f 1605/1626/1426 1107/1121/928 1606/1627/1427
f 1607/1628/1428 1605/1626/1426 1608/1629/1429
f 897/909/718 1227/1242/1048 900/912/721
f 1312/1328/1133 367/366/186 556/559/375
f 974/987/795 600/603/419 1609/1630/1430
f 1610/1631/1431 623/626/442 726/733/547
f 1611/1632/1432 1612/1633/1433 1613/1634/1434
f 683/690/504 927/940/748 682/689/503
f 1554/1573/1375 1614/1635/1435 1615/1636/1436
f 1541/1560/1362 1616/1637/1437 1539/1558/1360
f 1617/1638/1438 538/540/357 540/542/359
f 1618/1639/1439 672/679/493 671/678/492
f 1577/1596/1398 1200/1215/1021 1578/1597/1399
f 1619/1640/1440 1620/1641/1441 1116/1130/937
f 286/284/105 1131/1145/952 287/285/106
f 1621/1642/1442 1148/1162/969 1622/1643/1443
f 1623/1644/1444 1624/1645/1445 1346/1364/1167
f 1625/1646/1446 1626/1647/1447 1627/1648/1448
f 1628/1649/1449 483/483/302 482/482/301
f 1628/1649/1449 482/482/301 1320/1336/1141
f 1629/1650/1450 256/253/75 277/275/96
f 912/924/733 256/269/75 913/925/734
f 1606/1627/1427 1096/1110/917 1573/1592/1394
f 1630/1651/1451 1606/1627/1427 1631/1652/1452
f 1632/1653/1453 516/517/335 1633/1654/1454
f 1634/1655/1455 928/941/749 930/943/751
f 1340/1358/1161 1635/1656/1456 1341/1359/1162
f 1636/1657/1457 585/588/404 584/587/403
f 1631/1652/1452 549/551/368 1637/1658/1458
f 1606/1627/1427 1638/1659/1459 1631/1652/1452
f 1639/1660/1460 1640/1661/1461 499/499/318
f 966/979/787 1640/1661/1461 1641/1662/1462
f 830/842/651 829/841/650 577/580/396
f 517/518/336 516/517/335 634/637/453
f 1320/1336/1141 778/788/599 1628/1649/1449
f 1628/1649/1449 778/788/599 1291/1306/1112
f 1325/1341/1146 794/805/615 793/804/614
f 1642/1663/1463 1440/1458/1261 1216/1231/1037
f 731/741/552 1643/1664/1464 1644/1665/1465
f 1645/1666/1466 1644/1665/1465 1646/1667/1467
f 461/461/280 1630/1651/1451 1647/1668/1468
f 1608/1629/1429 1648/1669/1469 1649/1670/1470
f 506/506/325 505/505/324 1650/1671/1471
f 1651/1672/1472 1652/1673/1473 739/749/560
f 796/807/617 795/806/616 1653/1674/1474
f 1503/1521/1324 1502/1520/1323 1654/1675/1475
f 1655/1676/1476 384/383/203 1656/1677/1477
f 1657/1678/1478 1658/1679/1479 1659/1680/1480
f 1054/1068/875 1043/1056/864 1660/1681/1481
f 525/527/344 524/526/343 1661/1682/1482
f 1662/1683/1483 348/347/167 601/1684/420
f 1663/1685/1484 1664/1686/1485 348/347/167
f 898/910/719 989/1002/810 1665/1687/1486
f 1666/1688/1487 989/1002/810 1667/1689/1488
f 1668/1690/1489 1669/1691/1490 1328/1344/1149
f 1152/1166/973 1328/1344/1149 1153/1167/974
f 1669/1691/1490 1670/1692/1491 1328/1344/1149
f 1671/1693/1492 1672/1694/1493 1673/1695/1494
f 1674/1696/1495 1675/1697/1496 1676/1698/1497
f 1677/1699/1498 359/358/178 1042/1055/863
f 1021/1034/842 1678/1700/1499 1679/1701/1500
f 1335/1352/1156 227/224/46 294/1353/113
f 1680/1702/1501 1621/1642/1442 1622/1643/1443
f 1681/1703/1502 751/761/572 1682/1704/1503
f 1643/1664/1464 733/743/554 193/193/17
f 1676/1698/1497 1675/1697/1496 1677/1699/1498
f 1278/1293/1099 1167/1182/988 1279/1294/1100
f 1683/1705/1504 1167/1182/988 1684/1706/1505
f 1685/1707/1506 944/957/765 1686/1708/1507
f 1687/1709/1508 1688/1710/1509 1689/1711/1510
f 1690/1712/1511 1691/1713/1512 1692/1714/1513
f 827/839/648 928/941/749 1693/1715/1514
f 1329/1345/1150 1694/1716/1515 1591/1611/1412
f 1695/1717/1516 831/843/652 324/323/143
f 1696/1718/1517 1144/1158/965 1085/1099/906
f 854/866/675 1464/1482/1285 855/867/676
f 1697/1719/1518 1698/1720/1519 1699/1721/1520
f 1403/1421/1224 1700/1722/1521 1428/1446/1249
f 195/195/19 498/498/317 497/497/316
f 1691/1713/1512 1690/1712/1511 1701/1723/1522
f 1686/1708/1507 1687/1709/1508 1685/1707/1506
f 243/240/62 1702/1724/1523 244/241/63
f 662/667/481 661/666/480 1703/1725/1524
f 1704/1726/1525 1705/1727/1526 557/560/376
f 532/534/351 1688/1710/1509 1687/1709/1508
f 1706/1728/1527 532/534/351 1702/1724/1523
f 1707/1729/1528 541/543/360 222/219/41
f 1483/1501/1304 1708/1730/1529 1484/1502/1305
f 1709/1731/1530 1710/1732/1531 1711/1733/1532
f 1712/1734/1533 1713/1735/1534 1714/1736/1535
f 821/833/642 823/835/644 824/836/645
f 1715/1737/1536 1716/1738/1537 666/1739/485
f 1182/1197/1003 1184/1199/1005 1717/1740/1538
f 1185/1200/1006 1718/1741/1539 1719/1742/1540
f 1720/1743/1541 636/639/455 1721/1744/1542
f 1721/1744/1542 1722/1745/1543 372/371/191
f 1723/1746/1544 924/937/745 889/901/710
f 889/901/710 924/937/745 1724/1747/1545
f 1089/1103/910 1725/1748/1546 1090/1104/911
f 1192/1207/1013 1191/1206/1012 1726/1749/1547
f 1498/1516/1319 1727/1750/1548 1496/1514/1317
f 1727/1750/1548 653/658/472 1728/1751/1549
f 473/473/292 321/1752/140 471/471/290
f 322/321/141 321/320/140 1729/1753/1550
f 929/942/750 1730/1754/1551 930/943/751
f 1731/1755/1552 1329/1345/1150 1732/1756/1553
f 1019/1032/840 1021/1034/842 270/267/89
f 1021/1034/842 1679/1701/1500 430/1757/249
f 1733/1758/1554 669/674/488 1734/1759/1555
f 1063/1077/884 751/761/572 1681/1703/1502
f 1735/1760/1556 1736/1761/1557 1737/1762/1558
f 1738/1763/1559 468/468/287 470/470/289
f 1739/1764/1560 925/938/746 924/937/745
f 1740/1765/1561 1741/1766/1562 1739/1764/1560
f 1742/1767/1563 1743/1768/1564 1311/1327/1132
f 1743/1768/1564 1308/1323/1129 1311/1327/1132
f 990/1003/811 413/412/232 415/414/234
f 1322/1338/1143 1324/1340/1145 1744/1769/1565
f 1178/1193/999 1745/1770/1566 1179/1194/1000
f 457/457/276 1746/1771/1567 1137/1151/958
f 1027/1040/848 1026/1039/847 735/745/556
f 1747/1772/1568 735/745/556 1102/1116/923
f 1311/1327/1132 1308/1323/1129 1748/1773/1569
f 1749/1774/1570 1750/1775/1571 1333/1349/1154
f 576/579/395 578/581/397 1120/1134/941
f 1619/1640/1440 1751/1776/1572 1576/1595/1397
f 245/242/64 205/1777/1573 1752/1778/1574
f 1753/1779/1575 523/525/342 525/527/344
f 188/188/12 187/187/11 856/868/677
f 860/872/681 1754/1780/1576 861/873/682
f 1755/1781/1577 1237/1252/1058 1238/1253/1059
f 1526/1544/1347 309/307/128 1525/1543/1346
f 1756/1782/1578 1757/1783/1579 688/695/509
f 1758/1784/1580 1759/1785/1581 514/515/333
f 1262/1277/1083 1423/1441/1244 1760/1786/1582
f 1423/1441/1244 1262/1277/1083 1424/1442/1245
f 429/428/248 1309/1324/1130 1761/1787/1583
f 409/408/228 429/428/248 1761/1787/1583
f 1762/1788/1584 599/602/418 1430/1448/1251
f 1763/1789/1585 1764/1790/1586 596/599/415
f 862/874/683 866/878/687 1765/1791/1587
f 1766/1792/1588 862/874/683 1343/1361/1164
f 1767/1793/1589 1768/1794/1590 1769/1795/1591
f 1770/1796/1592 1771/1797/1593 1772/1798/1594
f 1604/1625/1425 1263/1278/1084 1639/1660/1460
f 1719/1742/1540 1087/1101/908 1086/1100/907
f 848/860/669 1483/1501/1304 849/861/670
f 1483/1501/1304 1485/1503/1306 1773/1799/1595
f 1091/1105/912 563/566/382 1774/1800/1596
f 1775/1801/1597 479/738/298 729/737/550
f 1776/1802/1598 1777/1803/1599 1778/1804/1600
f 1779/1805/1601 1780/1806/1602 1781/1807/1603
f 1772/1798/1594 1782/1808/1604 490/490/309
f 1097/1111/918 1783/1809/1605 490/490/309
f 1784/1810/1606 1785/1811/1607 1786/1812/1608
f 1784/1810/1606 1787/1813/1609 1785/1811/1607
f 1773/1799/1595 1485/1503/1306 1788/1814/1610
f 297/295/116 1789/1815/1611 295/293/114
f 963/976/784 1790/1816/1612 964/977/785
f 1791/1817/1613 1792/1818/1614 1793/1819/1615
f 1754/1780/1576 200/200/24 1794/1820/1616
f 1754/1780/1576 1794/1820/1616 861/873/682
f 1795/1821/1617 574/577/393 573/576/392
f 1565/1584/1386 1796/1822/1618 606/609/425
f 1314/1330/1135 1316/1332/1137 1166/1181/987
f 1797/1823/1619 1798/1824/1620 1787/1813/1609
f 871/883/692 1472/1490/1293 869/881/690
f 1770/1796/1592 1296/1311/1117 1771/1797/1593
f 1008/1021/829 1799/1825/1621 1800/1826/1622
f 1801/1827/1623 986/999/807 1802/1828/1624
f 1803/1829/1625 1804/1830/1626 1805/1831/1627
f 1197/1212/1018 281/279/100 640/645/459
f 1806/1832/1628 1807/1833/1629 1808/1834/1630
f 1763/1789/1585 1806/1832/1628 1764/1790/1586
f 1809/1835/1631 1810/1836/1632 1811/1837/1633
f 627/630/446 1812/1838/1634 1813/1839/1635
f 1814/1840/1636 1815/1841/1637 1276/1291/1097
f 532/534/351 639/644/458 1688/1710/1509
f 1816/1842/1638 703/710/524 702/709/523
f 1813/1839/1635 1812/1838/1634 1810/1836/1632
f 204/205/28 1817/1843/1639 1818/1844/1640
f 1817/1843/1639 1819/1845/1641 1818/1844/1640
f 934/947/755 1165/1180/986 935/948/756
f 935/948/756 1820/1846/1642 258/255/77
f 339/338/158 620/623/439 619/622/438
f 619/622/438 340/339/159 339/338/158
f 1821/1847/1643 1815/1841/1637 1814/1840/1636
f 1822/1848/1644 1823/1849/1645 1824/1850/1646
f 437/436/256 436/435/255 1825/1851/1647
f 1011/1024/832 1391/1409/1212 450/450/269
f 1826/1852/1648 1827/1853/1649 1793/1819/1615
f 666/671/485 1438/1456/1259 1828/1854/1650
f 710/717/531 712/719/533 1829/1855/1651
f 1829/1855/1651 712/719/533 1830/1856/1652
f 804/815/625 1377/1395/1198 1376/1394/1197
f 804/815/625 803/814/624 1095/1109/916
f 1135/1149/956 940/953/761 1831/1857/1653
f 876/888/697 875/887/696 1832/1858/1654
f 423/422/242 853/865/674 855/867/676
f 1833/1859/1655 1834/1860/1656 1776/1802/1598
f 511/512/330 1715/1737/1536 666/1739/485
f 1826/1852/1648 666/1739/485 1827/1853/1649
f 1835/1861/1657 465/465/284 1455/1473/1276
f 1499/1517/1320 1287/1302/1108 1836/1862/1658
f 1837/1863/1659 1459/1477/1280 758/768/579
f 681/688/502 316/315/135 315/314/134
f 1838/1864/1660 1839/1865/1661 1840/1866/1662
f 1210/1225/1031 1141/1155/962 710/717/531
f 1051/1064/872 1050/1063/871 1841/1867/1663
f 398/397/217 1228/1243/1049 1229/1244/1050
f 1644/1665/1465 1643/1664/1464 1842/1868/1664
f 1644/1665/1465 860/872/681 1646/1667/1467
f 1843/1869/1665 1844/1870/1666 1250/1265/1071
f 1265/1280/1086 1843/1869/1665 1047/1060/868
f 1845/1871/1667 658/663/477 657/662/476
f 654/1872/473 1846/1873/1668 1847/1874/1669
f 1848/1875/1670 939/952/760 938/951/759
f 251/248/70 252/249/71 1849/1876/1671
f 1850/1877/1672 1851/1878/1673 1852/1879/1674
f 1853/1880/1675 1413/1431/1234 1854/1881/1676
f 1074/1088/895 1072/1086/893 1073/1087/894
f 252/249/71 1074/1088/895 1849/1876/1671
f 1855/1882/1677 1856/1883/1678 1012/1025/833
f 1857/1884/1679 608/611/427 1858/1885/1680
f 1859/1886/1681 1860/1887/1682 1861/1888/1683
f 1862/1889/1684 1863/1890/1685 1864/1891/1686
f 274/272/93 1641/1662/1462 1640/1661/1461
f 1865/1892/1687 1793/1819/1615 1792/1818/1614
f 1866/1893/1688 1867/1894/1689 1868/1895/1690
f 1869/1896/1691 1841/1867/1663 1870/1897/1692
f 1357/1375/1178 1105/1119/926 1871/1898/1693
f 1871/1898/1693 1105/1119/926 1872/1899/1694
f 1873/1900/1695 319/318/138 1874/1901/1696
f 969/982/790 329/328/148 328/327/147
f 409/408/228 411/410/230 1875/1902/1697
f 1876/1903/1698 943/956/764 699/706/520
f 1267/1282/1088 1877/1904/1699 1268/1283/1089
f 1877/1904/1699 1878/1905/1700 625/628/444
f 1853/1880/1675 1879/1906/1701 632/635/451
f 1593/1613/1414 1592/1612/1413 283/281/102
f 462/462/281 1647/1668/1468 1637/1658/1458
f 462/462/281 461/461/280 1647/1668/1468
f 1880/1907/1702 1881/1908/1703 1145/1159/966
f 1882/1909/1704 1393/1411/1214 1392/1410/1213
f 1883/1910/1705 1593/1613/1414 283/281/102
f 1884/1911/1706 1885/1912/1707 1886/1913/1708
f 1887/1914/1709 1888/1915/1710 1866/1893/1688
f 459/459/278 1033/1046/854 400/399/219
f 767/777/588 918/930/739 1415/1433/1236
f 768/778/589 767/777/588 1415/1433/1236
f 651/656/470 1889/1916/1711 1890/1917/1712
f 1495/1513/1316 1891/1918/1713 1892/1919/1714
f 1893/1920/1715 1135/1149/956 1894/1921/1716
f 678/685/499 844/856/665 846/858/667
f 1887/1914/1709 1895/1922/1717 1888/1915/1710
f 1867/1894/1689 1031/1044/852 1868/1895/1690
f 754/764/575 753/763/574 1896/1923/1718
f 1897/1924/1719 753/763/574 1898/1925/1720
f 633/636/452 1855/1882/1677 1012/1025/833
f 632/635/451 1879/1906/1701 633/636/452
f 1899/1926/1721 901/913/722 1900/1927/1722
f 1901/1928/1723 901/913/722 1899/1926/1721
f 1902/1929/1724 1903/1930/1725 1896/1923/1718
f 1904/1931/1726 1905/1932/1727 230/227/49
f 846/858/667 1906/1933/1728 1907/1934/1729
f 1908/1935/1730 1909/1936/1731 1910/1937/1732
f 1911/1938/1733 1912/1939/1734 1913/1940/1735
f 381/380/200 1913/1940/1735 382/381/201
f 1704/1726/1525 1914/1941/1736 1705/1727/1526
f 1915/1942/1737 663/668/482 665/670/484
f 976/989/797 1442/1460/1263 1454/1472/1275
f 1916/1943/1738 1161/1175/982 1160/1174/981
f 1917/1944/1739 1546/1565/1367 1548/1567/1369
f 1204/1219/1025 1918/1945/1740 1919/1946/1741
f 1392/1410/1213 1375/1393/1196 1920/1947/1742
f 506/506/325 1786/1812/1608 507/507/326
f 547/549/366 546/548/365 1921/1948/1743
f 1383/1401/1204 1922/1949/1744 1923/1950/1745
f 1924/1951/1746 1598/1618/1419 218/215/37
f 1925/1952/1747 1586/1606/1407 1585/1605/1406
f 1926/1953/1748 1161/1175/982 1916/1943/1738
f 1662/1683/1483 601/1684/420 873/1954/694
f 1927/1955/1749 288/286/107 667/672/486
f 1726/1749/1547 288/1956/107 1927/1957/1749
f 1928/1958/1750 1925/1952/1747 1929/1959/1751
f 1598/1960/1419 1601/1621/1422 1599/1961/1420
f 834/846/655 1930/1962/1752 835/847/656
f 1588/1608/1409 1930/1962/1752 834/846/655
f 1874/1901/1696 1931/1963/1753 1932/1964/1754
f 1933/1965/1755 1123/1137/944 233/1966/52
f 1313/1329/1134 365/364/184 367/366/186
f 1934/1967/1756 1314/1330/1135 1166/1181/987
f 1695/1717/1516 324/323/143 323/322/142
f 1297/1312/1118 1282/1297/1103 1281/1296/1102
f 386/385/205 1501/1519/1322 387/386/206
f 613/616/432 615/618/434 1494/1512/1315
f 602/605/421 1664/1968/1485 1935/1969/1757
f 185/185/9 354/353/173 186/186/10
f 1206/1221/1027 1231/1246/1052 1204/1219/1025
f 374/373/193 1936/1970/1758 375/374/194
f 1937/1971/1759 582/585/401 587/590/406
f 951/964/772 950/963/771 363/362/182
f 1938/1972/1760 1939/1973/1761 1940/1974/1762
f 968/981/789 1941/1975/1763 969/982/790
f 980/993/801 982/995/803 1544/1563/1365
f 977/990/798 372/371/191 978/991/799
f 1942/1976/1764 1943/1977/1765 621/624/440
f 1944/1978/1766 621/624/440 620/623/439
f 1193/1208/1014 822/834/643 1191/1206/1012
f 1725/1748/1546 508/508/327 1090/1104/911
f 1945/1979/1767 1825/1851/1647 1946/1980/1768
f 390/1981/209 1947/1982/1769 1009/1983/830
f 229/226/48 892/904/713 1948/1984/1770
f 303/301/122 569/572/388 304/302/123
f 1299/1314/1120 1164/1179/985 1162/1178/983
f 1566/1585/1387 466/466/285 361/555/180
f 302/300/121 1949/1985/1771 1000/1013/821
f 1950/1986/1772 1951/1987/1773 1952/1988/1774
f 1769/1795/1591 1953/1989/1775 490/490/309
f 374/373/193 490/490/309 1203/1218/1024
f 1850/1877/1672 1954/1990/1776 1851/1878/1673
f 1954/1990/1776 1410/1428/1231 605/608/424
f 1955/1991/1777 1956/1992/1778 1957/1993/1779
f 1958/1994/1780 1959/1995/1781 1960/1996/1782
f 431/430/250 265/262/84 432/431/251
f 215/212/34 217/214/36 265/262/84
f 1111/1125/932 1114/1128/935 1113/1127/934
f 1111/1125/932 243/240/62 242/239/61
f 1823/1849/1645 1961/1997/1783 642/647/461
f 1171/1186/992 1170/1185/991 1961/1997/1783
f 1962/1998/1784 1578/1597/1399 1200/1215/1021
f 1200/1215/1021 1963/1999/1785 1962/1998/1784
f 451/451/270 1964/2000/1786 452/452/271
f 1965/2001/1787 1129/1143/950 1130/1144/951
f 1966/2002/1788 1546/1565/1367 1967/2003/1789
f 1968/2004/1790 977/990/798 1969/2005/1791
f 1941/1975/1763 319/318/138 969/982/790
f 319/318/138 329/328/148 969/982/790
f 1970/2006/1792 243/240/62 1111/1125/932
f 1971/2007/1793 1970/2006/1792 1112/1126/933
f 843/855/664 1345/1363/1166 841/853/662
f 843/855/664 1555/1574/1376 1529/1547/1350
f 785/796/606 786/797/607 1972/2008/1794
f 452/452/271 1964/2000/1786 1130/1144/951
f 1973/2009/1795 1974/2010/1796 1975/2011/1797
f 1530/1548/1351 1529/1547/1350 1556/1575/1377
f 1872/1899/1694 1105/1119/926 1107/1121/928
f 1107/1121/928 1605/1626/1426 1872/1899/1694
f 1973/2009/1795 1975/2011/1797 1976/2012/1798
f 1595/1615/1416 883/895/704 1976/2012/1798
f 1955/1991/1777 1433/2013/1254 1956/1992/1778
f 224/221/43 226/223/45 1433/2013/1254
f 719/726/540 439/438/258 1977/2014/1799
f 1294/1309/1115 1295/1310/1116 1978/2015/1800
f 1979/2016/1801 676/683/497 1980/2017/1802
f 1582/1601/1403 553/556/372 555/558/374
f 521/523/340 1494/1512/1315 1500/1518/1321
f 1981/2018/1803 454/454/273 453/453/272
f 721/728/542 1527/1545/1348 1526/1544/1347
f 1212/1227/1033 721/728/542 1755/1781/1577
f 1982/2019/1804 931/944/752 1983/2020/1805
f 1859/1886/1681 1984/2021/1806 1860/1887/1682
f 1985/2022/1807 1756/1782/1578 688/695/509
f 688/695/509 1816/1842/1638 1985/2022/1807
f 1986/2023/1808 1181/1196/1002 1189/1204/1010
f 1180/1195/1001 1181/1196/1002 344/343/163
f 1987/2024/1809 218/2025/37 1988/2026/1810
f 293/1351/112 1989/2027/1811 1335/1352/1156
f 1098/1112/919 490/490/309 1783/1809/1605
f 1990/2028/1812 1982/2019/1804 1983/2020/1805
f 361/360/180 1163/1177/984 1991/2029/1813
f 1660/1681/1481 1992/2030/1814 1993/2031/1815
f 1994/2032/1816 1995/2033/1817 1996/2034/1818
f 1365/1383/1186 1481/1499/1302 1363/1381/1184
f 1991/2029/1813 1992/2030/1814 1042/1055/863
f 1991/2029/1813 1993/2031/1815 1992/2030/1814
f 1997/2035/1819 1096/1110/917 1106/1120/927
f 1128/1142/949 1047/1060/868 1046/1059/867
f 1396/1414/1217 1389/1407/1210 1998/2036/1820
f 1999/2037/1821 2000/2038/1822 1419/1437/1240
f 2001/2039/1823 2002/2040/1824 301/299/120
f 1574/1593/1395 1576/1595/1397 1188/1203/1009
f 886/898/707 888/900/709 1830/1856/1652
f 770/780/591 889/901/710 891/903/712
f 1275/1290/1096 2003/2041/1825 1273/1288/1094
f 328/327/147 330/329/149 2004/2042/1826
f 580/583/399 582/585/401 1937/1971/1759
f 2005/2043/1827 2006/2044/1828 2007/2045/1829
f 2008/2046/1830 2009/2047/1831 2010/2048/1832
f 1714/1736/1535 2011/2049/1833 2012/2050/1834
f 2013/2051/1835 2002/2040/1824 2001/2039/1823
f 2014/2052/1836 1477/1495/1298 2015/2053/1837
f 240/237/59 2016/2054/1838 218/215/37
f 1989/2027/1811 1988/2055/1810 218/2056/37
f 191/191/15 2017/2057/1839 2018/2058/1840
f 191/191/15 2018/2058/1840 192/192/16
f 1762/1788/1584 2007/2045/1829 599/602/418
f 599/602/418 2007/2045/1829 2006/2044/1828
f 2019/2059/1841 961/974/782 960/973/781
f 1994/2032/1816 1996/2034/1818 2020/2060/1842
f 1790/1816/1612 1792/1818/1614 964/977/785
f 1438/1456/1259 186/186/10 964/2061/785
f 419/418/238 2021/2062/1843 420/419/239
f 2022/2063/1844 877/889/698 2023/2064/1845
f 2024/2065/1846 1779/1805/1601 1781/1807/1603
f 2025/2066/1847 1342/1360/1163 1344/1362/1165
f 2026/2067/1848 958/971/779 2019/2059/1841
f 2019/2059/1841 2027/2068/1849 2020/2060/1842
f 1123/1137/944 2028/2069/1850 332/331/151
f 2029/2070/1851 1273/1288/1094 2030/2071/1852
f 1712/1734/1533 629/632/448 628/631/447
f 1712/1734/1533 2031/2072/1853 1709/1731/1530
f 277/275/96 2032/2073/1854 2033/2074/1855
f 2034/2075/1856 277/275/96 276/274/95
f 1483/1501/1304 297/295/116 603/606/422
f 603/606/422 297/295/116 296/294/115
f 1068/1082/889 2035/2076/1857 2036/2077/1858
f 1537/1556/1358 1497/1515/1318 2037/2078/1859
f 385/384/204 2038/2079/1860 1298/1313/1119
f 758/768/579 385/384/204 2039/2080/1861
f 2035/2076/1857 877/889/698 879/891/700
f 1538/1557/1359 2037/2078/1859 417/416/236
f 396/395/215 2040/2081/1862 397/396/216
f 2040/2081/1862 2041/2082/1863 2042/2083/1864
f 1015/1028/836 842/854/663 1016/1029/837
f 653/658/472 650/655/469 1728/1751/1549
f 1484/1502/1305 1708/1730/1529 1603/1623/1424
f 1602/1622/1423 1486/1504/1307 1603/1623/1424
f 1988/2026/1810 2043/2084/1865 1987/2024/1809
f 1925/1952/1747 2044/2085/1866 1586/1606/1407
f 1424/1442/1245 2045/2086/1867 936/949/757
f 2045/2086/1867 2046/2087/1868 501/501/320
f 318/317/137 1931/1963/1753 1874/1901/1696
f 318/317/137 1874/1901/1696 319/318/138
f 846/858/667 2047/2088/1869 533/535/352
f 2047/2088/1869 1347/1365/1168 533/535/352
f 2048/2089/1870 792/803/613 794/805/615
f 2049/2090/1871 774/784/595 773/783/594
f 795/806/616 2050/2091/1872 1504/1522/1325
f 379/378/198 684/691/505 2051/2092/1873
f 1823/1849/1645 642/647/461 1824/1850/1646
f 1336/1354/1157 642/647/461 641/646/460
f 2052/2093/1874 456/456/275 458/458/277
f 1228/1243/1049 456/1067/275 1367/1385/1188
f 2019/2059/1841 2053/2094/1875 2027/2068/1849
f 2054/2095/1876 2055/2096/1877 2053/2094/1875
f 2056/2097/1878 479/479/298 2057/2098/1879
f 2058/2099/1880 195/195/19 497/497/316
f 1323/1339/1144 1322/1338/1143 794/805/615
f 2049/2090/1871 2059/2100/1881 774/784/595
f 1668/1690/1489 1328/1344/1149 1327/1343/1148
f 1694/1716/1515 2060/2101/1882 1668/1690/1489
f 1204/1219/1025 1232/1247/1053 1918/1945/1740
f 1918/1945/1740 489/489/308 1618/1639/1439
f 1001/1014/822 1478/1496/1299 1477/1495/1298
f 1001/1014/822 922/934/743 999/1012/820
f 1423/1441/1244 761/771/582 1760/1786/1582
f 763/773/584 761/771/582 760/770/581
f 2019/2059/1841 958/971/779 2053/2094/1875
f 1303/1318/1124 2061/2102/1883 2053/2094/1875
f 1297/1312/1118 1281/1296/1102 2062/2103/1884
f 2063/2104/1885 2064/2105/1886 2065/2106/1887
f 1869/1896/1691 1870/1897/1692 1868/1895/1690
f 2066/2107/1888 2067/2108/1889 1057/1071/878
f 1216/1231/1037 1441/1459/1262 1217/1232/1038
f 478/478/297 1439/1457/1260 426/425/245
f 479/738/298 1775/1801/1597 2068/2109/1890
f 2068/2109/1890 2069/2110/1891 479/738/298
f 1361/1379/1182 960/973/781 962/975/783
f 959/972/780 958/971/779 2026/2067/1848
f 386/385/205 1499/1517/1320 1501/1519/1322
f 1972/2008/1794 786/797/607 788/799/609
f 1788/1814/1610 1485/1503/1306 2070/2111/1892
f 571/574/390 2071/2112/1893 572/575/391
f 1516/1534/1337 2072/2113/1894 1517/1535/1338
f 1516/1534/1337 896/908/717 2073/2114/1895
f 1939/1973/1761 1938/1972/1760 2074/2115/1896
f 317/316/136 191/191/15 318/317/137
f 1091/1105/912 1774/1800/1596 1090/2116/911
f 508/508/327 287/510/106 1090/1104/911
f 780/790/601 241/238/60 481/791/300
f 776/786/597 1310/1326/1131 241/1325/60
f 1103/1117/924 2075/2117/1897 1104/1118/925
f 1100/1114/921 1318/1334/1139 1104/1118/925
f 741/751/562 720/727/541 739/749/560
f 722/729/543 973/986/794 720/727/541
f 1773/1799/1595 1788/1814/1610 850/862/671
f 1788/1814/1610 543/545/362 850/862/671
f 1439/1457/1260 852/864/673 2076/2118/1898
f 1124/1138/945 2077/2119/1899 2078/2120/1900
f 1542/1561/1363 1616/1637/1437 1541/1560/1362
f 1518/1536/1339 1531/1549/1352 2079/2121/1901
f 2080/2122/1902 1211/1226/1032 1212/1227/1033
f 709/716/530 2081/2123/1903 2082/2124/1904
f 1412/1430/1233 1411/1429/1232 1399/1417/1220
f 283/281/102 2083/2125/1905 1883/1910/1705
f 1432/1450/1253 2084/2126/1906 1960/2127/1782
f 1959/1995/1781 2085/2128/1907 1960/1996/1782
f 1304/1319/1125 594/597/413 948/961/769
f 1430/1448/1251 985/998/806 594/597/413
f 1066/1080/887 694/701/515 1067/1081/888
f 2086/2129/1908 694/701/515 696/703/517
f 719/726/540 2087/2130/1909 1238/1253/1059
f 2087/2130/1909 2080/2122/1902 1238/1253/1059
f 2088/2131/1910 2089/2132/1911 994/1007/815
f 658/663/477 2089/2132/1911 2088/2131/1910
f 2073/2114/1895 2090/2133/1912 2091/2134/1913
f 2092/2135/1914 2090/2133/1912 1190/1205/1011
f 809/821/630 1290/1305/1111 807/819/628
f 779/2136/600 481/481/300 480/480/299
f 709/716/530 708/715/529 2081/2123/1903
f 2093/2137/1915 1141/1155/962 1210/1225/1031
f 1329/1345/1150 1331/1347/1152 2094/2138/1916
f 2094/2138/1916 1331/1347/1152 2095/2139/1917
f 2096/2140/1918 211/208/31 210/207/30
f 1752/1778/1574 211/208/31 2097/2141/1919
f 1293/1308/1114 1292/1307/1113 495/495/314
f 808/820/629 810/822/631 2098/2142/1920
f 2099/2143/1921 1621/1642/1442 1680/1702/1501
f 1621/1642/1442 1146/1160/967 1148/1162/969
f 2100/2144/1922 1799/1825/1621 279/277/98
f 1799/1825/1621 2100/2144/1922 1800/1826/1622
f 1210/1225/1031 2101/2145/1923 2093/2137/1915
f 2101/2145/1923 1210/1225/1031 1209/1224/1030
f 1422/1440/1243 1421/1439/1242 956/969/777
f 566/569/385 219/216/38 562/565/381
f 2102/2146/1924 232/229/51 768/778/589
f 2102/2146/1924 358/357/177 939/952/760
f 1469/1487/1290 693/700/514 695/702/516
f 693/700/514 1469/1487/1290 1468/1486/1289
f 2080/2122/1902 2087/2130/1909 2082/2124/1904
f 2101/2145/1923 1209/1224/1030 2103/2147/1925
f 2104/2148/1926 2003/2041/1825 2105/2149/1927
f 2106/2150/1928 2104/2148/1926 2107/2151/1929
f 865/877/686 862/874/683 864/876/685
f 1126/1140/947 2078/2120/1900 2108/2152/1930
f 2102/2146/1924 356/355/175 358/357/177
f 1737/1762/1558 1482/1500/1303 1481/1499/1302
f 746/756/567 748/758/569 1149/1163/970
f 2109/2153/1931 1150/1164/971 1149/1163/970
f 1402/1420/1223 1403/1421/1224 1699/1721/1520
f 1699/1721/1520 1403/1421/1224 1697/1719/1518
f 841/853/662 488/488/307 842/854/663
f 488/488/307 2110/2154/1932 486/486/305
f 2109/2153/1931 1149/1163/970 748/758/569
f 1421/1439/1242 2111/2155/1933 1381/1399/1202
f 2112/2156/1934 2113/2157/1935 1795/1821/1617
f 2114/2158/1936 2112/2156/1934 1795/1821/1617
f 2115/2159/1937 373/372/192 2116/2160/1938
f 1548/1567/1369 1919/1946/1741 2117/2161/1939
f 2118/2162/1940 459/459/278 399/398/218
f 872/884/693 399/398/218 401/400/220
f 1470/1488/1291 1471/1489/1292 1473/1491/1294
f 263/260/82 2119/2163/1941 289/287/108
f 531/533/350 638/643/457 532/534/351
f 2114/2158/1936 1795/1821/1617 573/576/392
f 2120/2164/1942 1921/1948/1743 2121/2165/1943
f 1923/1950/1745 1380/1398/1201 1382/1400/1203
f 380/379/199 745/755/566 1417/1435/1238
f 2122/2166/1944 1805/1831/1627 1804/1830/1626
f 944/957/765 2123/2167/1945 1279/1294/1100
f 944/957/765 2124/2168/1946 945/958/766
f 2125/2169/1947 373/372/192 2126/2170/1948
f 492/492/311 373/372/192 2125/2169/1947
f 551/553/370 733/743/554 730/740/551
f 730/740/551 552/554/371 551/553/370
f 403/402/222 442/2171/261 404/403/223
f 404/403/223 1471/2172/1292 1470/2173/1291
f 1385/1403/1206 1459/1477/1280 1837/1863/1659
f 756/766/577 2127/2174/1949 757/767/578
f 2128/2175/1950 2129/2176/1951 2130/2177/1952
f 2120/2164/1942 2129/2176/1951 2128/2175/1950
f 347/346/166 346/345/165 1935/2178/1757
f 354/353/173 1028/1041/849 355/354/174
f 1784/1810/1606 2131/2179/1953 1787/1813/1609
f 2132/2180/1954 506/506/325 1650/1671/1471
f 182/182/6 614/617/433 613/616/432
f 182/182/6 1390/1408/1211 614/617/433
f 2133/2181/1955 1632/1653/1453 1633/1654/1454
f 2134/2182/1956 516/517/335 2135/2183/1957
f 1638/1659/1459 549/551/368 1631/1652/1452
f 1573/1592/1394 2136/2184/1958 1551/1570/1372
f 1167/1182/988 1169/1184/990 1684/1706/1505
f 1169/1184/990 1336/1354/1157 641/646/460
f 1215/1230/1036 1214/1229/1035 2137/2185/1959
f 2138/2186/1960 2139/2187/1961 2137/2185/1959
f 353/352/172 1747/1772/1568 351/350/170
f 1747/1772/1568 353/352/172 2140/2188/1962
f 227/224/46 2141/2189/1963 228/225/47
f 2142/2190/1964 2143/2191/1965 915/927/736
f 1356/1374/1177 2144/2192/1966 1355/1373/1176
f 1795/1821/1617 2113/2157/1935 2145/2193/1967
f 1447/1465/1268 1446/1464/1267 1443/1461/1264
f 548/550/367 1637/1658/1458 549/551/368
f 2146/2194/1968 1632/1653/1453 2147/2195/1969
f 1692/1714/1513 1691/1713/1512 2148/2196/1970
f 306/304/125 2149/2197/1971 870/882/691
f 2150/2198/1972 979/992/800 978/991/799
f 889/901/710 1724/1747/1545 890/902/711
f 926/939/747 775/785/596 890/902/711
f 1170/1185/991 1356/1374/1177 1961/1997/1783
f 1961/1997/1783 1354/1372/1175 1338/1356/1159
f 1580/1599/1401 2151/2199/1973 765/775/586
f 554/557/373 2151/2199/1973 2152/2200/1974
f 2150/2198/1972 981/994/802 2153/2201/1975
f 2153/2201/1975 981/994/802 980/993/801
f 1976/2012/1798 396/395/215 1973/2009/1795
f 1973/2009/1795 396/395/215 398/397/217
f 827/839/648 826/838/647 928/941/749
f 826/838/647 2154/2202/1976 1611/1632/1432
f 523/525/342 204/205/28 524/526/343
f 204/205/28 1818/1844/1640 261/258/80
f 1036/1049/857 854/866/675 853/865/674
f 1779/1805/1601 1036/1049/857 2155/2203/1977
f 2014/2052/1836 2015/2053/1837 2156/2204/1978
f 2157/2205/1979 2158/2206/1980 2159/2207/1981
f 2160/2208/1982 2161/2209/1983 2104/2148/1926
f 2160/2208/1982 2104/2148/1926 2106/2150/1928
f 2158/2206/1980 2157/2205/1979 2014/2052/1836
f 2002/2040/1824 2013/2051/1835 2157/2205/1979
f 2162/2210/1984 1073/1087/894 2163/2211/1985
f 2164/2212/1986 2165/2213/1987 2162/2210/1984
f 1536/1554/1357 2166/2214/1988 1065/2215/886
f 1535/1553/1356 2166/2214/1988 1536/1554/1357
f 777/787/598 1291/1306/1112 778/788/599
f 807/819/628 1290/1305/1111 806/817/627
f 1646/1667/1467 617/620/436 616/619/435
f 860/872/681 1508/1526/1329 1646/1667/1467
f 347/346/166 1935/2178/1757 685/692/506
f 347/346/166 685/692/506 1514/1532/1335
f 2167/2216/1989 1188/1203/1009 1576/1595/1397
f 1576/1595/1397 1751/1776/1572 578/581/397
f 1618/1639/1439 2168/2217/1990 672/679/493
f 1618/1639/1439 489/489/308 2168/2217/1990
f 320/319/139 1121/1135/942 321/320/140
f 1121/1135/942 2030/2071/1852 1273/1288/1094
f 1074/1088/895 1073/1087/894 1849/1876/1671
f 2165/2213/1987 1073/1087/894 2162/2210/1984
f 2054/2095/1876 445/445/264 2055/2096/1877
f 1994/2032/1816 2020/2060/1842 2055/2096/1877
f 1322/1338/1143 1744/1769/1565 2169/2218/1991
f 1227/1242/1048 2169/2218/1991 2170/2219/1992
f 895/907/716 2106/2150/1928 2107/2151/1929
f 2171/2220/1993 2172/2221/1994 895/907/716
f 725/732/546 1433/1451/1254 726/733/547
f 1433/1451/1254 1610/1631/1431 726/733/547
f 1640/1661/1461 1639/1660/1460 1143/1157/964
f 2173/2222/1995 1144/1158/965 1143/1157/964
f 1159/1173/980 2174/2223/1996 1160/1174/981
f 1451/1469/1272 1453/1471/1274 1452/1470/1273
f 2175/2224/1997 280/936/99 279/2225/98
f 2176/2226/1998 279/2225/98 2177/2227/1999
f 1305/1320/1126 2178/2228/2000 2179/2229/2001
f 2112/2156/1934 1561/1580/1382 2113/2157/1935
f 666/671/485 1828/1854/1650 2180/2230/2002
f 1793/1819/1615 1827/1853/1649 2181/2231/2003
f 723/730/544 2182/2232/2004 2183/2233/2005
f 2184/2234/2006 2185/2235/2007 2186/2236/2008
f 1099/1113/920 271/268/90 1100/1114/921
f 378/377/197 1663/1685/1484 684/691/505
f 2187/2237/2009 1207/1222/1028 1208/1223/1029
f 2177/2227/1999 1059/1073/880 1207/1222/1028
f 2188/2238/2010 2189/2239/2011 1160/1174/981
f 2174/2223/1996 2188/2238/2010 1160/1174/981
f 239/2240/58 1750/1775/1571 1749/1774/1570
f 239/236/58 1332/2241/1153 408/407/227
f 1307/1322/1128 743/753/564 1337/1355/1158
f 743/753/564 742/752/563 1337/1355/1158
f 2056/2097/1878 2057/2098/1879 809/821/630
f 807/819/628 480/480/299 809/821/630
f 1862/1889/1684 1864/1891/1686 2190/2242/2012
f 2191/2243/2013 1880/1907/1702 2192/2244/2014
f 2186/2236/2008 2185/2235/2007 723/730/544
f 1023/1036/844 2193/2245/2015 2194/2246/2016
f 260/257/79 262/259/81 1040/1053/861
f 593/596/412 250/247/69 590/593/409
f 1669/1691/1490 1673/1695/1494 1670/1692/1491
f 1655/1676/1476 1656/1677/1477 833/845/654
f 876/888/697 1832/1858/1654 1979/2016/1801
f 1134/1148/955 677/684/498 2195/2247/2017
f 1145/1159/966 2196/2248/2018 377/376/196
f 1861/1888/1683 932/945/753 1859/1886/1681
f 2197/2249/2019 1023/1036/844 2198/2250/2020
f 1023/1036/844 2194/2246/2016 2199/2251/2021
f 2200/2252/2022 1839/1865/1661 1838/1864/1660
f 2200/2252/2022 1140/1154/961 1839/1865/1661
f 766/776/587 765/775/586 1581/1600/1402
f 1581/1600/1402 765/775/586 553/556/372
f 1500/1518/1321 1494/1512/1315 2201/2253/2023
f 615/618/434 2201/2253/2023 1494/1512/1315
f 1710/1732/1531 1244/1259/1065 625/628/444
f 2202/2254/2024 2203/2255/2025 2204/2256/2026
f 1327/1343/1148 1152/1166/973 2205/2257/2027
f 1589/1609/1410 1588/1608/1409 2205/2257/2027
f 1042/1055/863 1044/1057/865 1674/1696/1495
f 1041/1054/862 2206/2258/2028 235/232/54
f 1805/1831/1627 1197/1212/1018 2207/2259/2029
f 1256/1271/1077 1197/1212/1018 1805/1831/1627
f 1017/1030/838 2208/2260/2030 2209/2261/2031
f 2210/2262/2032 858/870/679 857/869/678
f 1057/1071/878 1348/1366/1169 2066/2107/1888
f 1348/1366/1169 1057/1071/878 1056/1070/877
f 1129/1143/950 2211/2263/2033 787/798/608
f 788/799/609 787/798/608 803/814/624
f 1721/1744/1542 636/639/455 2212/2264/2034
f 2150/2198/1972 2213/2265/2035 2214/2266/2036
f 519/521/338 1583/1603/1404 520/522/339
f 2086/2129/1908 1067/1081/888 694/701/515
f 390/389/209 1008/1021/829 389/388/208
f 986/999/807 783/794/604 1802/1828/1624
f 590/593/409 1081/1095/902 592/595/411
f 1082/1096/903 1081/1095/902 590/593/409
f 2215/2267/2037 1732/1756/1553 2216/2268/2038
f 1611/1632/1432 2215/2267/2037 2217/2269/2039
f 1370/1388/1191 1369/1387/1190 1830/1856/1652
f 891/903/712 1830/1856/1652 1369/1387/1190
f 782/793/603 335/334/154 334/333/153
f 679/686/500 2218/2270/2040 680/687/501
f 724/731/545 726/733/547 623/626/442
f 622/625/441 296/294/115 623/626/442
f 821/833/642 825/837/646 2219/2271/2041
f 1568/1587/1389 2220/2272/2042 2221/2273/2043
f 2222/2274/2044 908/920/729 2223/2275/2045
f 1308/1323/1129 1750/1775/1571 1748/1773/1569
f 868/880/689 1838/1864/1660 1840/1866/1662
f 2101/2145/1923 2224/2276/2046 2093/2137/1915
f 1567/1586/1388 1066/1080/887 1568/1587/1389
f 1568/1587/1389 2221/2273/2043 1567/1586/1388
f 1678/1700/1499 227/224/46 1335/1352/1156
f 432/431/251 265/262/84 267/264/86
f 526/528/345 314/313/133 2225/2277/2047
f 314/313/133 316/315/135 1570/1589/1391
f 2170/2219/1992 2169/2218/1991 1744/1769/1565
f 2170/2219/1992 1744/1769/1565 2226/2278/2048
f 2103/2147/1925 2080/2122/1902 2227/2279/2049
f 2103/2147/1925 2227/2279/2049 2228/2280/2050
f 1503/1521/1324 1654/1675/1475 1653/1674/1474
f 2229/2281/2051 818/830/639 1503/1521/1324
f 1859/1886/1681 932/945/753 931/944/752
f 931/944/752 1982/2019/1804 1859/1886/1681
f 2101/2145/1923 2228/2280/2050 2224/2276/2046
f 2101/2145/1923 2103/2147/1925 2228/2280/2050
f 2230/2282/2052 368/367/187 869/881/690
f 370/369/189 1545/1564/1366 368/367/187
f 1922/1949/1744 1446/1464/1267 954/967/775
f 1381/1399/1202 1380/1398/1201 954/967/775
f 2231/2283/2053 1979/2016/1801 1832/1858/1654
f 1135/1149/956 2232/2284/2054 1832/1858/1654
f 540/542/359 1401/1419/1222 2233/2285/2055
f 1400/1418/1221 2233/2285/2055 1401/1419/1222
f 1208/1223/1029 2138/2186/1960 793/804/614
f 2187/2237/2009 1208/1223/1029 793/804/614
f 2234/2286/2056 1808/1834/1630 2235/2287/2057
f 2234/2286/2056 2236/2288/2058 1808/1834/1630
f 1285/1300/1106 1284/1299/1105 2039/2080/1861
f 679/2289/500 681/2290/502 2039/2080/1861
f 2237/2291/2059 2238/2292/2060 2239/2293/2061
f 2035/2076/1857 879/891/700 2036/2077/1858
f 1652/1673/1473 1651/1672/1472 2240/2294/2062
f 310/308/129 309/307/128 741/751/562
f 987/1000/808 1801/1827/1623 337/336/156
f 1801/1827/1623 1802/1828/1624 2241/2295/2063
f 2242/2296/2064 1321/1337/1142 2243/2297/2065
f 1743/1768/1564 1742/1767/1563 2242/2296/2064
f 1022/1035/843 704/711/525 1023/1036/844
f 2244/2298/2066 705/712/526 704/711/525
f 2206/2258/2028 1041/1054/862 1040/1053/861
f 1040/1053/861 262/259/81 593/596/412
f 1226/1241/1047 2245/2299/2067 2246/2300/2068
f 2247/2301/2069 1223/1238/1044 1184/1199/1005
f 2248/2302/2070 2237/2291/2059 2239/2293/2061
f 1581/1600/1402 2249/2303/2071 2250/2304/2072
f 203/204/27 986/999/807 1819/1845/1641
f 781/792/602 986/999/807 2251/2305/2073
f 311/309/130 1007/1020/828 1525/1543/1346
f 1393/1411/1214 1374/1392/1195 1375/1393/1196
f 940/953/761 2252/2306/2074 2253/2307/2075
f 2244/2298/2066 704/711/525 1022/1035/843
f 2246/2300/2068 2245/2299/2067 2254/2308/2076
f 951/964/772 363/362/182 362/361/181
f 1580/1599/1401 2152/2200/1974 2151/2199/1973
f 552/554/371 730/740/551 732/742/553
f 390/1981/209 1945/1979/1767 1946/1980/1768
f 333/2309/152 2255/2310/2077 390/1981/209
f 1173/1188/994 1172/1187/993 2256/2311/2078
f 1174/1189/995 1176/1191/997 2257/2312/2079
f 358/357/177 357/356/176 675/682/496
f 2258/2313/2080 2259/2314/2081 2250/2304/2072
f 1303/1318/1124 1302/1317/1123 2061/2102/1883
f 2260/2315/2082 1300/1315/1121 444/444/263
f 1242/1257/1063 1243/1258/1064 2261/2316/2083
f 2262/2317/2084 1156/1170/977 1158/1172/979
f 1424/1442/1245 936/949/757 351/350/170
f 1102/1116/923 1104/1118/925 2263/2318/2085
f 1485/1503/1306 1486/1504/1307 1487/1505/1308
f 1485/1503/1306 1487/1505/1308 2070/2111/1892
f 2243/2297/2065 1743/1768/1564 2242/2296/2064
f 1308/1323/1129 1743/1768/1564 1309/1324/1130
f 2021/2062/1843 2264/2319/2086 420/419/239
f 1625/1646/1446 2265/2320/2087 2266/2321/2088
f 544/546/363 303/301/122 305/303/124
f 1584/1604/1405 567/570/386 571/574/390
f 1383/1401/1204 1923/1950/1745 2267/2322/2089
f 2268/2323/2090 1923/1950/1745 1382/1400/1203
f 1341/1359/1162 2269/2324/2091 584/587/403
f 584/587/403 1914/1941/1736 1341/1359/1162
f 449/449/268 448/448/267 2270/2325/2092
f 2143/2191/1965 2271/2326/2093 2272/2327/2094
f 2273/2328/2095 2274/2329/2096 913/2330/734
f 2274/2329/2096 1183/1198/1004 1182/1197/1003
f 623/626/442 296/294/115 724/731/545
f 724/731/545 296/294/115 295/293/114
f 1716/1738/1537 1715/1737/1536 1193/1208/1014
f 1193/1208/1014 1192/1207/1013 667/2331/486
f 2275/2332/2097 1398/1416/1219 282/280/101
f 1690/1712/1511 1692/1714/1513 1633/1654/1454
f 2276/2333/2098 893/905/714 2271/2326/2093
f 1254/1269/1075 893/905/714 2276/2333/2098
f 581/584/400 2277/2334/2099 2278/2335/2100
f 584/587/403 2269/2324/2091 1636/1657/1457
f 2279/2336/2101 1417/1435/1238 2280/2337/2102
f 2280/2337/2102 1804/1830/1626 2281/2338/2103
f 2282/2339/2104 1855/1882/1677 2283/2340/2105
f 633/636/452 1879/1906/1701 1855/1882/1677
f 1816/1842/1638 714/721/535 1985/2022/1807
f 333/2309/152 716/723/537 715/722/536
f 1247/1262/1068 447/447/266 1248/1263/1069
f 959/972/780 960/973/781 1361/1379/1182
f 1395/1413/1216 2000/2038/1822 1999/2037/1821
f 2284/2341/2106 380/379/199 1417/1435/1238
f 2146/2194/1968 2134/2182/1956 2135/2183/1957
f 2285/2342/2107 2134/2182/1956 2146/2194/1968
f 2286/2343/2108 1119/1133/940 1408/1426/1229
f 1399/1417/1220 635/638/454 1412/1430/1233
f 2149/2197/1971 1473/1491/1294 870/882/691
f 308/306/127 1470/1488/1291 1473/1491/1294
f 1799/2344/1621 1062/1076/883 279/2225/98
f 2177/2227/1999 279/2225/98 1059/1073/880
f 2287/2345/2109 2288/2346/2110 2289/2347/2111
f 2290/2348/2112 1950/1986/1772 2291/2349/2113
f 2279/2336/2101 528/530/347 527/529/346
f 1416/1434/1237 1418/1436/1239 1397/1415/1218
f 2257/2312/2079 1176/1191/997 2174/2223/1996
f 2174/2223/1996 1176/1191/997 2188/2238/2010
f 929/942/750 2292/2350/2114 1730/1754/1551
f 302/300/121 301/299/120 1730/1754/1551
f 1257/1272/1078 1256/1271/1077 2293/2351/2115
f 2127/2174/1949 1386/1404/1207 757/767/578
f 1293/1308/1114 495/495/314 2294/2352/2116
f 2294/2352/2116 495/495/314 494/494/313
f 844/856/665 1626/1647/1447 845/857/666
f 421/420/240 1627/1648/1448 1626/1647/1447
f 863/875/684 862/874/683 1766/1792/1588
f 665/670/484 1914/1941/1736 2295/2353/2117
f 2296/2354/2118 2288/2346/2110 2297/2355/2119
f 2291/2349/2113 2296/2354/2118 2298/2356/2120
f 1633/1654/1454 1692/1714/1513 2133/2181/1955
f 2299/2357/2121 2147/2195/1969 2300/2358/2122
f 2301/2359/2123 2302/2360/2124 1154/1168/975
f 1154/1168/975 2303/2361/2125 1349/1367/1170
f 737/2362/558 736/2363/557 2140/2188/1962
f 1025/1038/846 355/2364/174 1513/1531/1334
f 1917/1944/1739 2116/2160/1938 1546/1565/1367
f 977/990/798 1968/2004/1790 372/371/191
f 1225/1240/1046 1224/1239/1045 2304/2365/2126
f 588/591/407 587/590/406 949/962/770
f 2046/2087/1868 1639/1660/1460 499/499/318
f 2046/2087/1868 499/499/318 501/501/320
f 2305/2366/2127 2287/2345/2109 2306/2367/2128
f 2298/2356/2120 2296/2354/2118 2297/2355/2119
f 1218/1233/1039 1462/1480/1283 2307/2368/2129
f 2137/2185/1959 1218/1233/1039 1215/1230/1036
f 1979/2016/1801 2231/2283/2053 2195/2247/2017
f 1831/1857/1653 2232/2284/2054 1135/1149/956
f 2308/2369/2130 407/406/226 772/782/593
f 712/719/533 2309/2370/2131 2308/2369/2130
f 312/310/131 281/279/100 1197/1212/1018
f 312/310/131 313/312/132 281/279/100
f 1437/1455/1258 1793/1819/1615 1641/1662/1462
f 1437/1455/1258 1826/1852/1648 1793/1819/1615
f 513/514/332 2310/2371/2132 2311/2372/2133
f 194/194/18 327/326/146 2312/2373/2134
f 901/913/722 903/915/724 2313/2374/2135
f 2314/2375/2136 2313/2374/2135 2315/2376/2137
f 574/577/393 1795/1821/1617 2145/2193/1967
f 1356/1374/1177 1170/1185/991 2144/2192/1966
f 676/683/497 2239/2293/2061 1980/2017/1802
f 876/888/697 879/891/700 874/886/695
f 2316/2377/2138 904/916/725 2317/2378/2139
f 1512/1530/1333 1488/1506/1309 2316/2377/2138
f 337/336/156 1801/1827/1623 2318/2379/2140
f 337/336/156 2318/2379/2140 338/337/157
f 548/550/367 550/552/369 2319/2380/2141
f 435/434/254 196/196/20 2319/2380/2141
f 1733/1758/1554 285/2381/104 2320/2382/2142
f 285/2381/104 1733/1758/1554 1734/1759/1555
f 1499/1517/1320 805/816/626 1287/1302/1108
f 386/385/205 805/816/626 1499/1517/1320
f 1224/1239/1045 2321/2383/2143 2304/2365/2126
f 1430/1448/1251 599/602/418 598/601/417
f 2097/2141/1919 211/208/31 2096/2140/1918
f 298/296/117 523/525/342 2096/2140/1918
f 1726/1749/1547 1194/2384/1015 288/1956/107
f 728/735/549 727/734/548 1089/1103/910
f 2313/2374/2135 181/181/5 2315/2376/2137
f 2315/2376/2137 181/181/5 259/256/78
f 2322/2385/2144 1620/1641/1441 1619/1640/1440
f 1575/1594/1396 1619/1640/1440 1576/1595/1397
f 2323/2386/2145 2324/2387/2146 536/538/355
f 490/490/309 1782/1808/1604 2325/2388/2147
f 1711/1733/1532 1710/1732/1531 625/628/444
f 2326/2389/2148 625/628/444 1878/1905/1700
f 1371/1389/1192 2191/2243/2013 1920/1947/1742
f 1880/1907/1702 2191/2243/2013 1881/1908/1703
f 196/196/20 195/195/19 2058/2099/1880
f 220/217/39 2068/2109/1890 221/218/40
f 1876/1903/1698 244/241/63 943/956/764
f 944/957/765 946/959/767 1686/1708/1507
f 375/374/194 1205/1220/1026 376/375/195
f 1544/1563/1365 1543/1562/1364 2327/2390/2149
f 815/827/636 902/914/723 816/828/637
f 902/914/723 412/411/231 181/181/5
f 1475/1493/1296 1474/1492/1295 1492/1510/1313
f 1198/1213/1019 1474/1492/1295 1199/1214/1020
f 1670/1692/1491 1673/1695/1494 1672/1694/1493
f 1153/1167/974 2301/2359/2123 1154/1168/975
f 2319/2380/2141 220/217/39 219/216/38
f 1444/1462/1265 1443/1461/1264 2319/2380/2141
f 2328/2391/2150 414/413/233 413/412/232
f 1744/1769/1565 1324/1340/1145 2226/2278/2048
f 2326/2389/2148 1711/1733/1532 625/628/444
f 629/632/448 1711/1733/1532 1049/1062/870
f 815/827/636 412/411/231 902/914/723
f 1440/1458/1261 1060/1074/881 815/827/636
f 2278/2335/2100 363/362/182 950/963/771
f 2278/2335/2100 2277/2334/2099 561/564/380
f 2015/2053/1837 1477/1495/1298 1479/1497/1300
f 1474/1492/1295 1198/1213/1019 1492/1510/1313
f 790/801/611 478/478/297 425/424/244
f 791/802/612 790/801/611 414/413/233
f 1881/1908/1703 2191/2243/2013 1371/1389/1192
f 933/946/754 1371/1389/1192 934/947/755
f 1349/1367/1170 2303/2361/2125 1351/1369/1172
f 1558/1577/1379 1912/1939/1734 2329/2392/2151
f 2136/2184/1958 1571/1590/1392 1551/1570/1372
f 2330/2393/2152 690/697/511 2331/2394/2153
f 1577/1596/1398 1579/1598/1400 2156/2204/1978
f 2332/2395/2154 2333/2396/2155 2159/2207/1981
f 2134/2182/1956 2285/2342/2107 1693/1715/1514
f 2134/2182/1956 1634/1655/1455 2334/2397/2156
f 1235/1250/1056 1237/1252/1058 1006/1019/827
f 1526/1544/1347 2335/2398/2157 1237/1252/1058
f 2336/2399/2158 2014/2052/1836 2156/2204/1978
f 2337/2400/2159 2333/2396/2155 2332/2395/2154
f 264/261/83 233/230/52 235/232/54
f 471/471/290 2338/2401/2160 492/492/311
f 1696/1718/1517 1084/1098/905 1144/1158/965
f 1143/1157/964 1144/1158/965 1084/1098/905
f 2154/2202/1976 826/838/647 2339/2402/2161
f 514/515/333 2340/2403/2162 515/516/334
f 1026/1039/847 1025/1038/846 687/694/508
f 1026/1039/847 687/694/508 735/745/556
f 1236/1251/1057 2341/2404/2163 1238/1253/1059
f 2341/2404/2163 440/439/259 439/438/258
f 1135/1149/956 2342/2405/2164 1894/1921/1716
f 1908/1935/1730 1910/1937/1732 2343/2406/2165
f 928/941/749 1611/1632/1432 2217/2269/2039
f 826/838/647 1611/1632/1432 928/941/749
f 1510/1528/1331 1491/1509/1312 866/878/687
f 866/878/687 1124/1138/945 1510/1528/1331
f 1118/1132/939 1396/1414/1217 2178/2228/2000
f 2178/2228/2000 1305/1320/1126 1118/1132/939
f 496/496/315 2098/2142/1920 810/822/631
f 2069/2407/1891 2057/2098/1879 479/479/298
f 1910/1937/1732 1894/1921/1716 2342/2405/2164
f 1910/1937/1732 1909/1936/1731 2344/2408/2166
f 2345/2409/2167 2346/2410/2168 1582/1601/1403
f 2249/2303/2071 2237/2291/2059 2248/2302/2070
f 2347/2411/2169 1119/1133/940 1120/1134/941
f 1563/1582/1384 1565/1584/1386 2348/2412/2170
f 2221/2273/2043 2220/2272/2042 2349/2413/2171
f 1191/1206/1012 2349/2413/2171 2350/2414/2172
f 2203/2255/2025 2012/2050/1834 2204/2256/2026
f 2009/2047/1831 2008/2046/1830 2351/2415/2173
f 2352/2416/2174 2353/2417/2175 1975/2011/1797
f 2354/2418/2176 1532/1550/1353 1531/1549/1352
f 1409/1427/1230 2347/2411/2169 1565/1584/1386
f 1410/1428/1231 1409/1427/1230 605/608/424
f 1832/1858/1654 875/887/696 1135/1149/956
f 1906/1933/1728 1135/1149/956 1907/1934/1729
f 1612/1633/1433 2355/2419/2177 1613/1634/1434
f 2356/2420/2178 2355/2419/2177 2154/2202/1976
f 483/483/302 1293/1308/1114 2294/2352/2116
f 494/494/313 655/660/474 2294/2352/2116
f 1543/1562/1364 1767/1793/1589 2327/2390/2149
f 370/369/189 1768/1794/1590 1767/1793/1589
f 2357/2421/2179 2351/2415/2173 438/437/257
f 1522/1540/1343 438/437/257 715/722/536
f 2358/2422/2180 2359/2423/2181 2360/2424/2182
f 690/697/511 692/699/513 2331/2394/2153
f 1556/1575/1377 1615/1636/1436 2361/2425/2183
f 1539/1558/1360 1531/1549/1352 1533/1551/1354
f 1944/1978/1766 1942/1976/1764 621/624/440
f 2074/2115/1896 1938/1972/1760 2362/2426/2184
f 2363/2427/2185 2364/2428/2186 2365/2429/2187
f 1826/1852/1648 2363/2427/2185 666/1739/485
f 776/786/597 241/1325/60 2366/2430/2188
f 2366/2430/2188 777/787/598 776/786/597
f 874/886/695 2367/2431/2189 875/887/696
f 2022/2063/1844 878/890/699 877/889/698
f 1522/1540/1343 627/630/446 626/629/445
f 1522/1540/1343 2357/2421/2179 438/437/257
f 1009/1983/830 1391/1409/1212 1390/1408/1211
f 1799/2344/1621 1390/1408/1211 1062/1076/883
f 643/648/462 2368/2432/2190 1034/1047/855
f 644/649/463 643/648/462 1034/1047/855
f 1456/1474/1277 1649/1670/1470 1270/1285/1091
f 1649/1670/1470 460/460/279 545/547/364
f 2369/2433/2191 580/583/399 1937/1971/1759
f 597/600/416 586/589/405 588/591/407
f 1615/1636/1436 1539/1558/1360 1533/1551/1354
f 1615/1636/1436 1614/1635/1435 1539/1558/1360
f 1157/1171/978 975/988/796 976/989/797
f 1454/1472/1275 1453/1471/1274 976/989/797
f 2005/2043/1827 581/584/400 580/583/399
f 2370/2434/2192 2006/2044/1828 2005/2043/1827
f 2371/2435/2193 1012/1025/833 2372/2436/2194
f 1857/1884/1679 1858/1885/1680 2373/2437/2195
f 1016/1029/837 1407/1425/1228 1017/1030/838
f 1017/1030/838 858/870/679 2210/2262/2032
f 1262/1277/1083 2045/2086/1867 1424/1442/1245
f 1604/1625/1425 2045/2086/1867 1262/1277/1083
f 2374/2438/2196 902/914/723 901/913/722
f 1901/1928/1723 2374/2438/2196 901/913/722
f 1974/2010/1796 2352/2416/2174 1975/2011/1797
f 2375/2439/2197 1520/1538/1341 1528/1546/1349
f 2373/2437/2195 2376/2440/2198 2377/2441/2199
f 1706/1728/1527 2376/2440/2198 532/534/351
f 1496/1514/1317 1727/1750/1548 1728/1751/1549
f 488/488/307 487/487/306 649/654/468
f 1790/1816/1612 1865/1892/1687 1792/1818/1614
f 966/979/787 1641/1662/1462 967/980/788
f 1602/1622/1423 222/1624/41 2378/2442/2200
f 570/573/389 1584/1604/1405 571/574/390
f 1309/1324/1130 2379/2443/2201 1761/1787/1583
f 1761/1787/1583 1321/1337/1142 409/408/228
f 554/557/373 2152/2200/1974 2380/2444/2202
f 2380/2444/2202 1069/1083/890 554/557/373
f 868/880/689 1840/1866/1662 2381/2445/2203
f 2382/2446/2204 2381/2445/2203 2081/2123/1903
f 536/538/355 2383/2447/2205 2323/2386/2145
f 1003/1016/824 1515/1533/1336 1005/1018/826
f 2271/2326/2093 2384/2448/2206 2385/2449/2207
f 918/930/739 769/779/590 2385/2449/2207
f 1339/1357/1160 1342/1360/1163 1340/1358/1161
f 1342/1360/1163 1766/1792/1588 1343/1361/1164
f 2182/2232/2004 2386/2450/2208 2183/2233/2005
f 2387/2451/2209 2252/2306/2074 2388/2452/2210
f 1651/1672/1472 2389/2453/2211 503/503/322
f 2240/2294/2062 1651/1672/1472 1650/1671/1471
f 616/619/435 1645/1666/1466 1646/1667/1467
f 2152/2200/1974 1645/1666/1466 2380/2444/2202
f 1597/1617/1418 1925/1952/1747 1585/1605/1406
f 1597/1617/1418 1929/1959/1751 1925/1952/1747
f 2271/2326/2093 2390/2454/2212 2384/2448/2206
f 893/905/714 2390/2454/2212 2271/2326/2093
f 2368/2432/2190 2391/2455/2213 2262/2317/2084
f 643/648/462 2391/2455/2213 2368/2432/2190
f 439/438/258 719/726/540 2341/2404/2163
f 719/726/540 1238/1253/1059 2341/2404/2163
f 817/829/638 1429/1447/1250 818/830/639
f 1429/1447/1250 1503/1521/1324 818/830/639
f 1519/1537/1340 1528/1546/1349 1520/1538/1341
f 1623/1644/1444 1346/1364/1167 1519/1537/1340
f 2392/2456/2214 2393/2457/2215 2394/2458/2216
f 2395/2459/2217 2393/2457/2215 2396/2460/2218
f 1431/1449/1252 985/998/806 1430/1448/1251
f 1430/1448/1251 2321/2383/2143 1431/1449/1252
f 1069/1083/890 1068/1082/889 554/557/373
f 1071/1085/892 2397/2461/2219 1069/1083/890
f 941/954/762 2388/2452/2210 942/955/763
f 2182/2232/2004 2388/2452/2210 2386/2450/2208
f 2206/2258/2028 1040/1053/861 2398/2462/2220
f 593/596/412 592/595/411 2399/2463/2221
f 841/853/662 1346/1364/1167 1624/1645/1445
f 2110/2154/1932 1625/1646/1446 2400/2464/2222
f 1071/1085/892 1495/1513/1316 1892/1919/1714
f 2397/2461/2219 1071/1085/892 2401/2465/2223
f 1909/1936/1731 1893/1920/1715 2344/2408/2166
f 2386/2450/2208 2388/2452/2210 941/954/762
f 1561/1580/1382 2112/2156/1934 1564/1583/1385
f 1796/1822/1618 2112/2156/1934 606/609/425
f 2402/2466/2224 2403/2467/2225 427/426/246
f 427/426/246 2076/2118/1898 2404/2468/2226
f 2116/2160/1938 1917/1944/1739 2115/2159/1937
f 2117/2161/1939 1919/1946/1741 2405/2469/2227
f 1625/1646/1446 2266/2321/2088 2400/2464/2222
f 2395/2459/2217 2396/2460/2218 2400/2464/2222
f 568/571/387 1586/1606/1407 292/290/111
f 292/290/111 294/292/113 568/571/387
f 759/769/580 1318/1334/1139 2406/2470/2228
f 912/924/733 914/926/735 759/769/580
f 427/426/246 2404/2468/2226 2402/2466/2224
f 988/1001/809 992/1005/813 991/1004/812
f 1456/1474/1277 1151/1165/972 1150/1164/971
f 1270/1285/1091 1269/1284/1090 1456/1474/1277
f 1722/1745/1543 978/991/799 372/371/191
f 2214/2266/2036 2213/2265/2035 2212/2264/2034
f 2404/2468/2226 2076/2118/1898 993/1006/814
f 2078/2120/1900 2076/2118/1898 852/864/673
f 2400/2464/2222 2396/2460/2218 418/417/237
f 2110/2154/1932 2400/2464/2222 486/486/305
f 1821/1847/1643 1814/1840/1636 2407/2471/2229
f 639/644/458 638/643/457 2408/2472/2230
f 1363/1381/1184 1482/1500/1303 768/778/589
f 1363/1381/1184 768/778/589 1364/1382/1185
f 656/2473/475 2409/2474/2231 1592/1612/1413
f 1592/1612/1413 2409/2474/2231 497/497/316
f 2078/2120/1900 2410/2475/2232 1124/1138/945
f 1124/1138/945 1901/1928/1723 1899/1926/1721
f 2234/2286/2056 583/586/402 585/588/404
f 2234/2286/2056 2235/2287/2057 583/586/402
f 1395/1413/1216 1199/1214/1020 2000/2038/1822
f 1199/1214/1020 1963/1999/1785 1200/1215/1021
f 1352/1370/1173 2302/2360/2124 2301/2359/2123
f 2302/2360/2124 1352/1370/1173 1351/1369/1172
f 1846/1873/1668 654/1872/473 658/663/477
f 659/664/478 658/663/477 654/1872/473
f 2275/2332/2097 498/498/317 2411/2476/2233
f 195/195/19 2411/2476/2233 498/498/317
f 2412/2477/2234 1226/1241/1047 2246/2300/2068
f 1224/1239/1045 1226/1241/1047 2413/2478/2235
f 636/639/455 289/641/108 2214/2266/2036
f 2212/2264/2034 636/639/455 2214/2266/2036
f 1828/2479/1650 1438/2480/1259 1791/1817/1613
f 2414/2481/2236 2415/2482/2237 2181/2231/2003
f 1475/1493/1296 836/848/657 381/380/200
f 1475/1493/1296 381/380/200 1476/1494/1297
f 905/917/726 1490/1508/1311 906/918/727
f 2416/2483/2238 2316/2377/2138 2317/2378/2139
f 367/366/186 897/909/718 900/912/721
f 366/365/185 2417/2484/2239 367/366/186
f 711/718/532 2418/2485/2240 2419/2486/2241
f 1140/1154/961 1139/1153/960 2420/2487/2242
f 541/2488/360 848/860/669 847/859/668
f 1707/2489/1528 848/860/669 541/2488/360
f 2421/2490/2243 851/863/672 542/544/361
f 542/544/361 305/303/124 2421/2490/2243
f 2038/2079/1860 1297/1312/1118 1298/1313/1119
f 2422/2491/2244 1282/1297/1103 1297/1312/1118
f 1408/1426/1229 1850/1877/1672 1413/1431/1234
f 1413/1431/1234 1850/1877/1672 1852/1879/1674
f 711/718/532 1141/1155/962 1140/1154/961
f 1140/1154/961 2418/2485/2240 711/718/532
f 834/846/655 836/848/657 999/1012/820
f 1493/1511/1314 836/848/657 1475/1493/1296
f 1497/1515/1318 485/485/304 417/416/236
f 2037/2078/1859 1497/1515/1318 417/416/236
f 1412/1430/1233 2286/2343/2108 1408/1426/1229
f 1412/1430/1233 1408/1426/1229 1413/1431/1234
f 1444/1462/1265 2319/2380/2141 219/216/38
f 565/568/384 219/216/38 566/569/385
f 407/406/226 2308/2369/2130 2423/2492/2245
f 711/718/532 2419/2486/2241 1368/1386/1189
f 2208/2260/2030 620/623/439 339/338/158
f 1944/1978/1766 620/623/439 2210/2262/2032
f 599/602/418 2006/2044/1828 2424/2493/2246
f 2006/2044/1828 2370/2434/2192 2369/2433/2191
f 1447/1465/1268 1443/1461/1264 1445/1463/1266
f 2425/2494/2247 956/969/777 2426/2495/2248
f 943/956/764 2427/2496/2249 268/265/87
f 641/646/460 281/279/100 268/265/87
f 2428/2497/2250 2059/2100/1881 1322/1338/1143
f 2428/2497/2250 1322/1338/1143 2169/2218/1991
f 516/517/335 830/842/651 634/637/453
f 2134/2182/1956 2334/2397/2156 516/517/335
f 835/847/656 1913/1940/1735 381/380/200
f 1911/1938/1733 1913/1940/1735 835/847/656
f 317/316/136 1939/1973/1761 191/191/15
f 2429/2498/2251 1939/1973/1761 317/316/136
f 2426/2495/2248 2430/2499/2252 564/567/383
f 1445/1463/1266 565/568/384 564/567/383
f 2203/2255/2025 2431/2500/2253 2012/2050/1834
f 1710/1732/1531 1709/1731/1530 2031/2072/1853
f 2296/2354/2118 1331/1347/1152 919/931/740
f 1331/1347/1152 920/932/741 919/931/740
f 1209/1224/1030 2080/2122/1902 2103/2147/1925
f 1209/1224/1030 1211/1226/1032 2080/2122/1902
f 1288/1303/1109 1357/1375/1178 1289/1304/1110
f 1379/1397/1200 804/815/625 1376/1394/1197
f 322/321/141 1505/1523/1326 882/894/703
f 1986/2023/1808 1189/1204/1010 1177/1192/998
f 2432/2501/2254 1278/1293/1099 1277/1292/1098
f 2123/2167/1945 944/957/765 1685/1707/1506
f 341/340/160 2209/2261/2031 339/338/158
f 2209/2261/2031 2208/2260/2030 339/338/158
f 1142/1156/963 274/272/93 273/271/92
f 1143/1157/964 1142/1156/963 273/271/92
f 1825/1851/1647 436/435/255 2011/2049/1833
f 1713/1735/1534 2011/2049/1833 1714/1736/1535
f 1053/1066/874 457/2502/276 456/1067/275
f 1746/2503/1567 457/2502/276 1745/1770/1566
f 778/788/599 1742/1767/1563 776/786/597
f 1742/1767/1563 778/788/599 1320/1336/1141
f 763/773/584 762/772/583 1719/1742/1540
f 762/772/583 1185/1200/1006 1719/1742/1540
f 1094/1108/915 2433/2504/2255 1360/1378/1181
f 1106/1120/927 1128/1142/949 1997/2035/1819
f 2289/2347/2111 1949/1985/1771 2292/2350/2114
f 2289/2347/2111 2292/2350/2114 1951/1987/1773
f 1133/1147/954 1150/1164/971 2109/2153/1931
f 1220/1235/1041 1150/1164/971 1221/1236/1042
f 1713/1735/1534 1825/1851/1647 2011/2049/1833
f 1713/1735/1534 2434/2505/2256 1825/1851/1647
f 1232/1247/1053 489/489/308 1918/1945/1740
f 1202/1217/1023 1232/1247/1053 1231/1246/1052
f 688/695/509 689/696/510 703/710/524
f 1816/1842/1638 688/695/509 703/710/524
f 1195/1210/1016 1197/1212/1018 1257/1272/1078
f 2435/2506/2257 1195/1210/1016 1257/1272/1078
f 2436/2507/2258 2372/2436/2194 2437/2508/2259
f 2373/2437/2195 1971/2007/1793 2437/2508/2259
f 2438/2509/2260 1078/1092/899 2439/2510/2261
f 1659/1680/1480 1078/1092/899 1657/1678/1478
f 1822/1848/1644 1821/1847/1643 1823/1849/1645
f 2440/2511/2262 1821/1847/1643 2407/2471/2229
f 374/373/193 1769/1795/1591 490/490/309
f 376/375/195 1769/1795/1591 374/373/193
f 930/943/751 828/840/649 830/842/651
f 2334/2397/2156 830/842/651 516/517/335
f 1705/1727/1526 558/561/377 557/560/376
f 2441/2512/2263 556/559/375 558/561/377
f 2439/2510/2261 1078/1092/899 1077/1091/898
f 1352/1370/1173 2439/2510/2261 1353/1371/1174
f 698/2513/519 270/267/89 1021/1034/842
f 699/706/520 270/267/89 698/2513/519
f 1129/1143/950 1093/1107/914 2211/2263/2033
f 1093/1107/914 1095/1109/916 2211/2263/2033
f 592/595/411 402/401/221 404/403/223
f 2399/2463/2221 592/595/411 2119/2163/1941
f 1822/1848/1644 1824/1850/1646 1815/1841/1637
f 1821/1847/1643 1822/1848/1644 1815/1841/1637
f 2436/2507/2258 2442/2514/2264 2443/2515/2265
f 2444/2516/2266 2372/2436/2194 2436/2507/2258
f 2445/2517/2267 1770/1796/1592 1772/1798/1594
f 370/369/189 369/368/188 2446/2518/2268
f 1705/1727/1526 1315/1331/1136 558/561/377
f 1316/1332/1137 1315/1331/1136 584/587/403
f 1283/1298/1104 2218/2519/2040 679/2289/500
f 335/2520/154 1756/1782/1578 1985/2022/1807
f 295/293/114 725/732/546 724/731/545
f 1434/1452/1255 1432/1450/1253 725/732/546
f 630/633/449 1127/1141/948 1093/1107/914
f 630/633/449 1264/1279/1085 1047/1060/868
f 1768/1794/1590 1953/1989/1775 1769/1795/1591
f 2447/2521/2269 2448/2522/2270 2446/2518/2268
f 1863/1890/1685 1004/1017/825 1864/1891/1686
f 1003/1016/824 1394/1412/1215 1004/1017/825
f 1904/1931/1726 1903/1930/1725 1902/1929/1724
f 1903/1930/1725 2164/2212/1986 752/762/573
f 2449/2523/2271 1886/1913/1708 2450/2524/2272
f 2444/2516/2266 2436/2507/2258 2450/2524/2272
f 290/288/109 2451/2525/2273 1426/1444/1247
f 813/825/634 2451/2526/2273 280/936/99
f 1010/1023/831 450/450/269 452/452/271
f 1010/1023/831 452/452/271 1130/1144/951
f 2192/2244/2014 1880/1907/1702 2452/2527/2274
f 1882/1909/1704 2452/2527/2274 1004/1017/825
f 1735/1760/1556 2453/2528/2275 2454/2529/2276
f 2454/2529/2276 1736/1761/1557 1735/1760/1556
f 2066/2107/1888 1869/1896/1691 1868/1895/1690
f 2066/2107/1888 1348/1366/1169 398/397/217
f 1355/1373/1176 2455/2530/2277 1337/1355/1158
f 1561/1580/1382 2455/2530/2277 1355/1373/1176
f 2048/2089/1870 2059/2100/1881 2049/2090/1871
f 476/476/295 792/803/613 2048/2089/1870
f 1787/1813/1609 1807/1833/1629 1806/1832/1628
f 1787/1813/1609 1806/1832/1628 1763/1789/1585
f 2355/2419/2177 2456/2531/2278 2457/2532/2279
f 2456/2531/2278 2355/2419/2177 2356/2420/2178
f 2083/2125/1905 283/281/102 1411/1429/1232
f 1853/1880/1675 1411/1429/1232 1413/1431/1234
f 2048/2089/1870 2049/2090/1871 2458/2533/2280
f 925/938/746 2458/2533/2280 2049/2090/1871
f 528/530/347 2281/2338/2103 742/752/563
f 640/645/459 2207/2259/2029 1197/1212/1018
f 2067/2108/1889 2066/2107/1888 1868/1895/1690
f 2459/2534/2281 1868/1895/1690 1031/1044/852
f 1995/2033/1817 2454/2529/2276 1996/2034/1818
f 1995/2033/1817 1736/1761/1557 2454/2529/2276
f 1741/1766/1562 476/476/295 2458/2533/2280
f 2458/2533/2280 476/476/295 2048/2089/1870
f 2024/2065/1846 2025/2066/1847 1037/1050/858
f 559/562/378 2460/2535/2282 2025/2066/1847
f 1559/1578/1380 1077/1091/898 744/754/565
f 1559/1578/1380 2439/2510/2261 1077/1091/898
f 548/550/367 2319/2380/2141 1443/1461/1264
f 1443/1461/1264 1446/1464/1267 548/550/367
f 1996/2034/1818 2454/2529/2276 2453/2528/2275
f 1996/2034/1818 2453/2528/2275 2461/2536/2283
f 609/612/428 2462/2537/2284 2463/2538/2285
f 607/610/426 2462/2537/2284 609/612/428
f 1713/1735/1534 1712/1734/1533 451/451/270
f 451/451/270 1712/1734/1533 1964/2000/1786
f 2277/2334/2099 1635/1656/1456 1340/1358/1161
f 1636/1657/1457 2269/2324/2091 2277/2334/2099
f 989/1002/810 663/668/482 1667/1689/1488
f 988/1001/809 991/1004/812 989/1002/810
f 1318/1334/1139 272/270/91 2406/2470/2228
f 1100/1114/921 272/270/91 1318/1334/1139
f 1895/1922/1717 459/459/278 2118/2162/1940
f 1895/1922/1717 1887/1914/1709 459/459/278
f 1675/1697/1496 1674/1696/1495 234/231/53
f 190/190/14 733/743/554 1931/1963/1753
f 1205/1220/1026 375/374/194 1206/1221/1027
f 1936/1970/1758 1206/1221/1027 375/374/194
f 2294/2352/2116 655/660/474 483/483/302
f 484/484/303 483/483/302 655/660/474
f 1573/1592/1394 1551/1570/1372 1638/1659/1459
f 1573/1592/1394 1638/1659/1459 1606/1627/1427
f 2464/2539/2286 2465/2540/2287 2366/2430/2188
f 1290/1305/1111 2465/2540/2287 2464/2539/2286
f 1794/1820/1616 188/188/12 1404/1422/1225
f 1794/1820/1616 200/200/24 2017/2057/1839
f 2171/2220/1993 895/907/716 2105/2149/1927
f 2003/2041/1825 1275/1290/1096 2105/2149/1927
f 1862/1889/1684 1982/2019/1804 1990/2028/1812
f 1984/2021/1806 1859/1886/1681 1982/2019/1804
f 1919/1946/1741 1918/1945/1740 1233/1248/1054
f 492/492/311 2125/2169/1947 798/809/619
f 2466/2541/2288 2128/2175/1950 748/758/569
f 2466/2541/2288 2120/2164/1942 2128/2175/1950
f 764/774/585 766/776/587 2467/2542/2289
f 470/470/289 2467/2542/2289 2468/2543/2290
f 2231/2283/2053 1831/1857/1653 2195/2247/2017
f 2195/2247/2017 1831/1857/1653 940/953/761
f 470/470/289 1995/2033/1817 1738/1763/1559
f 2469/2544/2291 467/467/286 2470/2545/2292
f 1065/1079/886 669/674/488 1066/1080/887
f 1066/1080/887 669/674/488 1568/1587/1389
f 517/518/336 1398/1416/1219 2275/2332/2097
f 1398/1416/1219 517/518/336 635/638/454
f 1846/1873/1668 995/1008/816 1847/1874/1669
f 1111/1125/932 1110/1124/931 1114/1128/935
f 2105/2149/1927 1275/1290/1096 2171/2220/1993
f 2171/2220/1993 1275/1290/1096 2172/2221/1994
f 1696/2546/1517 1085/2547/906 1464/1482/1285
f 1696/1718/1517 1083/1097/904 1084/1098/905
f 1179/1194/1000 344/343/163 1181/1196/1002
f 342/341/161 344/343/163 1179/1194/1000
f 2142/2190/1964 2276/2333/2098 2143/2191/1965
f 2276/2333/2098 2271/2326/2093 2143/2191/1965
f 2471/2548/2293 1754/1780/1576 193/193/17
f 200/200/24 1754/1780/1576 2472/2549/2294
f 2473/2550/2295 1278/1293/1099 2432/2501/2254
f 1814/1840/1636 1276/1291/1097 2473/2550/2295
f 1505/1523/1326 322/321/141 2041/2082/1863
f 2040/2081/1862 1505/1523/1326 2041/2082/1863
f 434/433/253 194/194/18 196/196/20
f 840/852/661 2360/2424/2182 838/850/659
f 2176/2226/1998 2177/2227/1999 2474/2551/2296
f 2475/2552/2297 476/476/295 475/475/294
f 1777/1803/1599 1776/1802/1598 422/421/241
f 363/362/182 2278/2335/2100 561/564/380
f 883/895/704 885/897/706 2040/2081/1862
f 1505/1523/1326 2040/2081/1862 885/897/706
f 2407/2471/2229 1814/1840/1636 639/644/458
f 639/644/458 1814/1840/1636 2473/2550/2295
f 1802/1828/1624 2476/2553/2298 2241/2295/2063
f 1802/1828/1624 783/794/604 2476/2553/2298
f 402/401/221 2477/2554/2299 290/288/109
f 1081/1095/902 1080/1094/901 291/289/110
f 234/231/53 1674/1696/1495 235/232/54
f 1041/1054/862 235/232/54 1674/1696/1495
f 563/566/382 219/216/38 221/218/40
f 1774/1800/1596 563/566/382 1775/1801/1597
f 423/422/242 1776/1802/1598 2478/2555/2300
f 1776/1802/1598 423/422/242 422/421/241
f 463/463/282 1607/1628/1428 464/464/283
f 1872/1899/1694 463/463/282 1871/1898/1693
f 2078/2120/1900 2077/2119/1899 2108/2152/1930
f 865/877/686 1125/1139/946 866/878/687
f 936/949/757 500/500/319 937/950/758
f 500/500/319 967/980/788 963/976/784
f 592/595/411 1081/1095/902 402/401/221
f 1081/1095/902 2477/2554/2299 402/401/221
f 2478/2555/2300 853/865/674 423/422/242
f 1036/1049/857 853/865/674 2155/2203/1977
f 1869/1896/1691 398/397/217 1229/1244/1050
f 1869/1896/1691 2066/2107/1888 398/397/217
f 238/235/57 349/348/168 1662/1683/1483
f 349/348/168 348/347/167 1662/1683/1483
f 2005/2043/1827 2479/2556/2301 2480/2557/2302
f 2236/2288/2058 2234/2286/2056 2479/2556/2301
f 657/662/476 2481/2558/2303 2482/2559/2304
f 1593/1613/1414 657/662/476 1594/1614/1415
f 956/969/777 2425/2494/2247 566/569/385
f 956/969/777 566/569/385 1422/1440/1243
f 2483/2560/2305 1234/1249/1055 1233/1248/1054
f 671/678/492 673/680/494 2484/2561/2306
f 2013/2051/1835 1477/1495/1298 2014/2052/1836
f 2014/2052/1836 2157/2205/1979 2013/2051/1835
f 361/555/180 1299/1314/1120 1162/1178/983
f 361/360/180 1162/1176/983 1163/1177/984
f 2447/2521/2269 369/368/188 368/367/187
f 369/368/188 2447/2521/2269 2446/2518/2268
f 956/969/777 955/968/776 2426/2495/2248
f 2426/2495/2248 1447/1465/1268 2430/2499/2252
f 2060/2101/1882 1694/1716/1515 1329/1345/1150
f 2485/2562/2307 2060/2101/1882 1329/1345/1150
f 2450/2524/2272 2436/2507/2258 2443/2515/2265
f 2481/2558/2303 2450/2524/2272 2482/2559/2304
f 1060/1074/881 412/411/231 815/827/636
f 412/411/231 1061/1075/882 182/182/6
f 466/466/285 445/445/264 444/444/263
f 444/444/263 361/555/180 466/466/285
f 1376/1394/1197 1378/1396/1199 1358/1376/1179
f 1360/1378/1181 1106/1120/927 1286/1301/1107
f 1668/1690/1489 831/843/652 1669/1691/1490
f 324/323/143 831/843/652 1668/1690/1489
f 256/253/75 271/2563/90 257/254/76
f 271/2563/90 1663/1685/1484 378/377/197
f 990/1003/811 989/1002/810 898/910/719
f 898/910/719 2226/2278/2048 990/1003/811
f 860/872/681 1644/1665/1465 1842/1868/1664
f 193/193/17 1754/1780/1576 860/872/681
f 631/634/450 2444/2516/2266 1885/1912/1707
f 2371/2435/2193 2372/2436/2194 2444/2516/2266
f 1545/1564/1366 370/369/189 1543/1562/1364
f 370/369/189 1767/1793/1589 1543/1562/1364
f 1258/1273/1079 603/606/422 604/607/423
f 1523/1541/1344 1258/1273/1079 1524/1542/1345
f 2216/2268/2038 1732/1756/1553 1952/1988/1774
f 1732/1756/1553 2095/2139/1917 1952/1988/1774
f 633/636/452 1013/1026/834 631/634/450
f 631/634/450 1013/1026/834 2444/2516/2266
f 851/863/672 2421/2490/2243 1960/2127/1782
f 1960/2127/1782 2084/2126/1906 851/863/672
f 326/325/145 1757/1783/1579 327/326/146
f 688/695/509 1757/1783/1579 326/325/145
f 1490/1508/1311 905/917/726 1491/1509/1312
f 1038/1051/859 1035/1048/856 1036/1049/857
f 2401/2465/2223 1537/1556/1358 2397/2461/2219
f 1068/1082/889 1537/1556/1358 2035/2076/1857
f 333/2309/152 715/722/536 2255/2310/2077
f 437/436/256 715/722/536 438/437/257
f 1648/1669/1469 1606/1627/1427 1630/1651/1451
f 1648/1669/1469 1630/1651/1451 461/461/280
f 475/475/294 2177/2227/1999 2475/2552/2297
f 2486/2564/2308 476/476/295 2475/2552/2297
f 850/862/671 851/863/672 2084/2126/1906
f 1435/1453/1256 1434/1452/1255 1789/1815/1611
f 1560/1579/1381 1305/1320/1126 1561/1580/1382
f 1561/1580/1382 1305/1320/1126 2179/2229/2001
f 1364/1382/1185 1415/1433/1236 1414/1432/1235
f 1365/1383/1186 1364/1382/1185 1362/1380/1183
f 867/879/688 443/443/262 1838/1864/1660
f 867/879/688 1838/1864/1660 868/880/689
f 2475/2552/2297 2177/2227/1999 2487/2565/2309
f 2487/2565/2309 2177/2227/1999 1207/1222/1028
f 905/917/726 904/916/725 854/866/675
f 854/866/675 1466/1484/1287 1463/1481/1284
f 1098/1112/919 2488/2566/2310 538/540/357
f 1783/1809/1605 2488/2566/2310 1098/1112/919
f 1306/1321/1127 1397/1415/1218 527/529/346
f 1418/1436/1239 527/529/346 1397/1415/1218
f 1195/1210/1016 2435/2506/2257 1557/1576/1378
f 1557/1576/1378 1255/1270/1076 744/754/565
f 291/289/110 2489/2567/2311 2100/2144/1922
f 1800/1826/1622 2100/2144/1922 2489/2567/2311
f 922/934/743 1001/1014/822 1000/1013/821
f 919/931/740 921/933/742 1000/1013/821
f 1572/1591/1393 1571/1590/1392 1553/1572/1374
f 550/552/369 1552/1571/1373 837/849/658
f 1718/1741/1539 1087/1101/908 1719/1742/1540
f 362/361/181 364/363/183 1717/1740/1538
f 2490/2568/2312 2491/2569/2313 454/454/273
f 1981/2018/1803 2490/2568/2312 454/454/273
f 1138/1152/959 1140/1154/961 2200/2252/2022
f 443/443/262 2200/2252/2022 1838/1864/1660
f 2205/2257/2027 1152/1166/973 1589/1609/1410
f 1350/1368/1171 1590/1610/1411 1589/1609/1410
f 1222/1237/1043 1219/1234/1040 2099/2143/1921
f 2099/2143/1921 1219/1234/1040 1147/1161/968
f 1334/1350/1155 1333/1349/1154 2492/2570/2314
f 2492/2570/2314 1333/1349/1154 2222/2274/2044
f 1113/1127/934 1970/2006/1792 1111/1125/932
f 1112/1126/933 1970/2006/1792 1113/1127/934
f 1427/1445/1248 2493/2571/2315 1428/1446/1249
f 2493/2571/2315 1698/1720/1519 1697/1719/1518
f 2297/2355/2119 2287/2345/2109 2305/2366/2127
f 2297/2355/2119 2288/2346/2110 2287/2345/2109
f 462/462/281 1637/1658/1458 953/966/774
f 1446/1464/1267 1637/1658/1458 548/550/367
f 266/263/85 1252/1267/1073 1253/1268/1074
f 1253/1268/1074 1246/1261/1067 1248/1263/1069
f 1332/1348/1153 1334/1350/1155 408/2572/227
f 2016/2573/1838 1989/2027/1811 218/2056/37
f 1740/1765/1561 1739/1764/1560 2494/2574/2316
f 1739/1764/1560 2451/2526/2273 2494/2574/2316
f 2495/2575/2317 1663/1685/1484 271/2563/90
f 686/693/507 734/744/555 687/694/508
f 1551/1570/1372 549/551/368 1638/1659/1459
f 549/551/368 1551/1570/1372 550/552/369
f 1246/1261/1067 1252/1267/1073 393/392/212
f 1252/1267/1073 1246/1261/1067 1253/1268/1074
f 1989/2027/1811 2496/2576/2318 1335/1352/1156
f 1678/1700/1499 1335/1352/1156 2496/2576/2318
f 1531/1549/1352 1518/1536/1339 1517/1535/1338
f 1531/1549/1352 1976/2012/1798 2354/2418/2176
f 1578/1597/1399 1962/1998/1784 2322/2385/2144
f 1578/1597/1399 2159/2207/1981 2333/2396/2155
f 628/631/447 630/633/449 1965/2001/1787
f 1964/2000/1786 1712/1734/1533 628/631/447
f 2497/2577/2319 1898/1925/1720 753/763/574
f 2162/2210/1984 2497/2577/2319 753/763/574
f 391/390/210 393/392/212 1252/1267/1073
f 265/262/84 394/393/213 1252/1267/1073
f 719/726/540 718/725/539 2087/2130/1909
f 709/716/530 2082/2124/1904 2087/2130/1909
f 2125/2169/1947 2405/2469/2227 2498/2578/2320
f 2498/2578/2320 798/809/619 2125/2169/1947
f 2497/2577/2319 2198/2250/2020 1898/1925/1720
f 2199/2251/2021 2185/2235/2007 2184/2234/2006
f 2428/2497/2250 2499/2579/2321 775/785/596
f 890/902/711 775/785/596 2499/2579/2321
f 1921/1948/1743 546/548/365 2121/2165/1943
f 1383/1401/1204 2500/2580/2322 462/462/281
f 2053/2094/1875 2061/2102/1883 2054/2095/1876
f 2260/2315/2082 444/444/263 446/446/265
f 1518/1536/1339 2079/2121/1901 1542/1561/1363
f 1542/1561/1363 1516/1534/1337 1518/1536/1339
f 723/730/544 2183/2233/2005 2186/2236/2008
f 1957/1993/1779 2186/2236/2008 1955/1991/1777
f 1697/1719/1518 1403/1421/1224 1428/1446/1249
f 1697/1719/1518 1428/1446/1249 2493/2571/2315
f 1569/1588/1390 782/793/603 781/792/602
f 2251/2305/2073 1569/1588/1390 781/792/602
f 2428/2497/2250 774/784/595 2059/2100/1881
f 2428/2497/2250 775/785/596 774/784/595
f 1600/1620/1421 2378/2442/2200 222/1624/41
f 218/215/37 1599/1619/1420 222/219/41
f 2501/2581/2323 2173/2222/1995 1263/1278/1084
f 2173/2222/1995 2501/2581/2323 1144/1158/965
f 1186/1201/1007 301/299/120 2002/2040/1824
f 301/299/120 829/841/650 1730/1754/1551
f 1651/1672/1472 366/365/185 2389/2453/2211
f 739/749/560 738/748/559 1651/1672/1472
f 2502/2582/2324 1137/1151/958 799/810/620
f 2503/2583/2325 2502/2582/2324 799/810/620
f 2004/2042/1826 330/329/149 2161/2209/1983
f 330/329/149 332/331/151 2003/2041/1825
f 1587/1607/1408 293/291/112 292/290/111
f 1989/2027/1811 293/1351/112 1988/2055/1810
f 2153/2201/1975 979/992/800 2150/2198/1972
f 980/993/801 979/992/800 2153/2201/1975
f 660/665/479 367/366/186 900/912/721
f 900/912/721 899/911/720 660/665/479
f 1898/1925/1720 2198/2250/2020 2184/2234/2006
f 2184/2234/2006 2186/2236/2008 1957/1993/1779
f 1131/1145/952 1091/1105/912 287/285/106
f 287/285/106 1091/1105/912 1090/2116/911
f 2065/2106/1887 1285/1300/1106 2063/2104/1885
f 1297/1312/1118 2504/2584/2326 1285/1300/1106
f 1404/1422/1225 188/188/12 856/868/677
f 1405/1423/1226 1404/1422/1225 856/868/677
f 897/909/718 367/366/186 2505/2585/2327
f 2417/2484/2239 738/748/559 740/750/561
f 2506/2586/2328 497/497/316 2409/2474/2231
f 2058/2099/1880 497/497/316 2069/2110/1891
f 577/580/396 829/841/650 1186/1201/1007
f 1186/1201/1007 829/841/650 301/299/120
f 925/938/746 1739/1764/1560 1741/1766/1562
f 925/938/746 1741/1766/1562 2458/2533/2280
f 418/417/237 485/485/304 486/486/305
f 2400/2464/2222 418/417/237 486/486/305
f 891/903/712 897/909/718 2507/2587/2329
f 2507/2587/2329 897/909/718 2505/2585/2327
f 512/513/331 2363/2427/2185 2365/2429/2187
f 512/513/331 2365/2429/2187 825/837/646
f 833/845/654 385/384/204 1655/1676/1476
f 385/384/204 384/383/203 1655/1676/1476
f 1538/1557/1359 877/889/698 2035/2076/1857
f 2508/2588/2330 1538/1557/1359 416/415/235
f 1172/1187/993 2509/2589/2331 2256/2311/2078
f 1242/1257/1063 2261/2316/2083 1174/1189/995
f 2510/2590/2332 1317/1333/1138 1301/1316/1122
f 1164/1179/985 1317/1333/1138 206/676/490
f 185/185/9 1260/1275/1081 624/2591/443
f 185/185/9 602/2592/421 354/353/173
f 2076/2118/1898 2078/2120/1900 993/1006/814
f 993/1006/814 2078/2120/1900 1126/1140/947
f 2367/2431/2189 2394/2458/2216 2393/2457/2215
f 874/886/695 2394/2458/2216 2367/2431/2189
f 1195/1210/1016 1557/1576/1378 757/767/578
f 1077/1091/898 757/767/578 1557/1576/1378
f 1352/1370/1173 2438/2509/2260 2439/2510/2261
f 1352/1370/1173 2301/2359/2123 2438/2509/2260
f 972/985/793 887/899/708 2507/2587/2329
f 887/899/708 886/898/707 2507/2587/2329
f 374/373/193 1203/1218/1024 1936/1970/1758
f 1202/1217/1023 1231/1246/1052 1203/1218/1024
f 1464/1482/1285 2315/2376/2137 259/256/78
f 1083/1097/904 259/520/78 520/522/339
f 1912/1939/1734 1558/1577/1379 744/754/565
f 1913/1940/1735 1912/1939/1734 382/381/201
f 240/237/59 218/215/37 184/184/8
f 479/738/298 481/2593/300 184/739/8
f 237/234/56 236/233/55 474/474/293
f 2511/2594/2333 2512/2595/2334 647/652/466
f 2427/2496/2249 641/646/460 268/265/87
f 945/958/766 2124/2168/1946 1684/1706/1505
f 627/630/446 701/708/522 1812/1838/1634
f 1812/1838/1634 1816/1842/1638 702/709/523
f 942/955/763 2388/2452/2210 2252/2306/2074
f 942/955/763 2252/2306/2074 940/953/761
f 645/650/464 1366/1384/1187 458/2596/277
f 474/2597/293 236/2598/55 2512/2595/2334
f 1912/1939/1734 744/754/565 382/381/201
f 382/381/201 744/754/565 380/379/199
f 445/445/264 467/467/286 2469/2544/2291
f 2469/2544/2291 2055/2096/1877 445/445/264
f 2086/2129/1908 1583/1603/1404 1067/1081/888
f 1536/1602/1357 1067/1081/888 1583/1603/1404
f 528/530/347 2280/2337/2102 2281/2338/2103
f 528/530/347 2279/2336/2101 2280/2337/2102
f 2130/2177/1952 1381/1399/1202 2111/2155/1933
f 1381/1399/1202 2130/2177/1952 2129/2176/1951
f 539/541/358 538/540/357 1983/2020/1805
f 539/541/358 1983/2020/1805 931/944/752
f 1496/1514/1317 649/654/468 487/487/306
f 1497/1515/1318 1496/1514/1317 485/485/304
f 2513/2599/2335 1294/1309/1115 2230/2282/2052
f 1978/2015/1800 2230/2282/2052 1294/1309/1115
f 1948/1984/1770 231/228/50 230/227/49
f 305/2600/124 2514/2601/2336 230/227/49
f 2310/2371/2132 1693/1715/1514 1691/1713/1512
f 2310/2371/2132 1691/1713/1512 2311/2372/2133
f 1074/1088/895 1076/1090/897 1022/1035/843
f 1076/1090/897 2244/2298/2066 1022/1035/843
f 680/687/501 2218/2270/2040 782/793/603
f 784/795/605 680/687/501 782/793/603
f 2023/2064/1845 2508/2588/2330 416/415/235
f 2392/2456/2214 2394/2458/2216 2023/2064/1845
f 908/920/729 1750/1775/1571 1308/1323/1129
f 908/920/729 1308/1323/1129 429/428/248
f 2515/2602/2337 1581/1600/1402 2259/2314/2081
f 2259/2314/2081 1581/1600/1402 2250/2304/2072
f 540/542/359 539/541/358 932/945/753
f 377/376/196 674/681/495 540/542/359
f 416/415/235 418/417/237 2392/2456/2214
f 2392/2456/2214 2023/2064/1845 416/415/235
f 560/563/379 1778/1804/1600 561/564/380
f 2024/2065/1846 1781/1807/1603 2516/2603/2338
f 1239/1254/1060 401/400/220 1240/1255/1061
f 226/223/45 401/400/220 1172/1187/993
f 2516/2603/2338 2517/2604/2339 1778/1804/1600
f 1833/1859/1655 1776/1802/1598 1778/1804/1600
f 2318/2379/2140 1801/1827/1623 2241/2295/2063
f 2318/2379/2140 2241/2295/2063 2489/2567/2311
f 625/628/444 627/630/446 1877/1904/1699
f 627/630/446 1813/1839/1635 1877/1904/1699
f 1507/1525/1328 617/620/436 1508/1526/1329
f 617/620/436 1646/1667/1467 1508/1526/1329
f 401/400/220 400/399/219 1240/1255/1061
f 400/399/219 1034/1047/855 2368/2432/2190
f 2144/2192/1966 2113/2157/1935 1355/1373/1176
f 1355/1373/1176 2113/2157/1935 1561/1580/1382
f 1182/2605/1003 914/926/735 2274/2606/2096
f 913/925/734 2274/2606/2096 914/926/735
f 859/871/680 1509/1527/1330 1506/1524/1327
f 1509/1527/1330 1404/1422/1225 1406/1424/1227
f 2003/2041/1825 332/331/151 1273/1288/1094
f 332/331/151 1121/1135/942 1273/1288/1094
f 2154/2202/1976 1612/1633/1433 1611/1632/1432
f 2154/2202/1976 2355/2419/2177 1612/1633/1433
f 237/234/56 350/349/169 349/348/168
f 817/829/638 1427/1445/1248 1429/1447/1250
f 676/683/497 2258/2313/2080 2250/2304/2072
f 2248/2302/2070 2239/2293/2061 676/683/497
f 1509/1527/1330 1406/1424/1227 1506/1524/1327
f 652/657/471 651/656/470 1890/1917/1712
f 1331/1347/1152 1330/1346/1151 920/932/741
f 1588/1608/1409 834/846/655 923/935/744
f 2456/2531/2278 2356/2420/2178 682/689/503
f 514/515/333 682/689/503 2340/2403/2162
f 1500/1518/1321 1499/1517/1320 1836/1862/1658
f 1981/2018/1803 1500/1518/1321 2490/2568/2312
f 2064/2105/1886 2062/2103/1884 1281/1296/1102
f 2064/2105/1886 1759/1785/1581 2065/2106/1887
f 2205/2257/2027 1588/1608/1409 1330/1346/1151
f 1588/1608/1409 923/935/744 1330/1346/1151
f 683/690/504 1281/1296/1102 927/940/748
f 2064/2105/1886 1281/1296/1102 1759/1785/1581
f 626/629/445 2009/2047/1831 1522/1540/1343
f 2010/2048/1832 2009/2047/1831 626/629/445
f 1554/1573/1375 894/906/715 1614/1635/1435
f 1516/1534/1337 1541/1560/1362 894/906/715
f 458/2596/277 1366/1384/1187 2052/2607/1874
f 2518/2608/2340 1367/1385/1188 1366/1384/1187
f 1218/1233/1039 2307/2368/2129 1215/1230/1036
f 1215/1230/1036 1461/1479/1282 1213/1228/1034
f 1977/2014/1799 535/537/354 1978/2015/1800
f 2230/2282/2052 1978/2015/1800 535/537/354
f 280/278/99 2451/2525/2273 290/288/109
f 290/288/109 278/276/97 280/278/99
f 533/535/352 1347/1365/1168 1348/1366/1169
f 534/536/353 533/535/352 1348/1366/1169
f 1269/1284/1090 547/549/366 746/756/567
f 746/756/567 547/549/366 747/757/568
f 771/781/592 2308/2369/2130 772/782/593
f 771/781/592 1370/1388/1191 2308/2369/2130
f 189/189/13 2519/2609/2341 857/869/678
f 1944/1978/1766 2362/2426/2184 1938/1972/1760
f 1584/1604/1405 1596/1616/1417 1585/1605/1406
f 570/573/389 2378/2442/2200 1584/1604/1405
f 2513/2599/2335 1472/1490/1293 1294/1309/1115
f 718/725/539 1294/1309/1115 707/714/528
f 712/719/533 2308/2369/2130 1370/1388/1191
f 712/719/533 1370/1388/1191 1830/1856/1652
f 1195/1210/1016 1386/1404/1207 1196/1211/1017
f 1386/1404/1207 1195/1210/1016 757/767/578
f 1944/1978/1766 2210/2262/2032 857/869/678
f 1944/1978/1766 857/869/678 2519/2609/2341
f 1736/1761/1557 2520/2610/2342 1737/1762/1558
f 2520/2610/2342 357/356/176 356/355/175
f 504/504/323 1934/1967/1756 1166/1181/987
f 2389/2453/2211 366/365/185 365/364/184
f 1451/1469/1272 1452/1470/1273 2188/2238/2010
f 2188/2238/2010 1452/1470/1273 2189/2239/2011
f 300/298/119 1001/1014/822 1201/1216/1022
f 302/300/121 1001/1014/822 300/298/119
f 1608/1629/1429 1605/1626/1426 1648/1669/1469
f 1605/1626/1426 1606/1627/1427 1648/1669/1469
f 2487/2565/2309 2486/2564/2308 2475/2552/2297
f 2521/2611/2343 2187/2237/2009 793/804/614
f 1750/1775/1571 239/2240/58 1748/1773/1569
f 907/2612/728 1748/1773/1569 239/2240/58
f 2001/2039/1823 1477/1495/1298 2013/2051/1835
f 1201/1216/1022 1001/1014/822 1477/1495/1298
f 1993/2031/1815 247/244/66 525/527/344
f 1993/2031/1815 1991/2029/1813 247/244/66
f 1909/1936/1731 255/252/74 254/251/73
f 2386/2450/2208 1893/1920/1715 1909/1936/1731
f 1999/2037/1821 1388/1406/1209 1395/1413/1216
f 1389/1407/1210 1388/1406/1209 1998/2036/1820
f 783/794/604 389/388/208 2476/2553/2298
f 783/794/604 782/793/603 334/333/153
f 1422/1440/1243 566/569/385 562/565/381
f 1092/1106/913 562/565/381 563/566/382
f 2249/2303/2071 1581/1600/1402 1582/1601/1403
f 2346/2410/2168 2249/2303/2071 1582/1601/1403
f 1835/1861/1657 1455/1473/1276 2491/2569/2313
f 1220/1235/1041 1457/1475/1278 1150/1164/971
f 977/990/798 980/993/801 1969/2005/1791
f 977/990/798 979/992/800 980/993/801
f 1507/1525/1328 1495/1513/1316 617/620/436
f 1495/1513/1316 1889/1916/1711 1891/1918/1713
f 938/951/759 1075/1089/896 1074/1088/895
f 252/249/71 938/951/759 1074/1088/895
f 523/525/342 2522/2613/2344 204/205/28
f 202/203/26 204/205/28 2522/2613/2344
f 513/514/332 827/839/648 2310/2371/2132
f 2310/2371/2132 827/839/648 1693/1715/1514
f 2119/2163/1941 1470/2173/1291 289/287/108
f 1470/1488/1291 307/305/126 289/641/108
f 1221/1236/1042 1150/1164/971 1147/1161/968
f 1219/1234/1040 1221/1236/1042 1147/1161/968
f 1084/1098/905 696/703/517 1468/1486/1289
f 2086/2129/1908 696/703/517 1084/1098/905
f 801/812/622 691/698/512 690/697/511
f 1047/1060/868 1843/1869/1665 1045/1058/866
f 1491/1509/1312 905/917/726 1035/1048/856
f 905/917/726 854/866/675 1035/1048/856
f 1052/1065/873 2518/2608/2340 2523/2614/2345
f 2518/2608/2340 1366/1384/1187 2523/2614/2345
f 1526/1544/1347 1237/1252/1058 1755/1781/1577
f 1526/1544/1347 1755/1781/1577 721/728/542
f 1039/1052/860 260/257/79 1040/1053/861
f 525/527/344 1661/1682/1482 1054/1068/875
f 2524/2615/2346 1834/1860/1656 1833/1859/1655
f 1778/1804/1600 2517/2604/2339 1833/1859/1655
f 1092/1106/913 1132/1146/953 1420/1438/1241
f 2111/2155/1933 1421/1439/1242 1420/1438/1241
f 2421/2616/2243 1958/1994/1780 1960/1996/1782
f 2525/2617/2347 1896/1923/1718 2526/2618/2348
f 480/480/299 2056/2097/1878 809/821/630
f 479/479/298 2056/2097/1878 480/480/299
f 2292/2350/2114 1949/1985/1771 302/300/121
f 1730/1754/1551 2292/2350/2114 302/300/121
f 978/991/799 1722/1745/1543 2213/2265/2035
f 2213/2265/2035 2150/2198/1972 978/991/799
f 1711/1733/1532 629/632/448 1709/1731/1530
f 1709/1731/1530 629/632/448 1712/1734/1533
f 1897/1924/1719 1959/1995/1781 1958/1994/1780
f 1896/1923/1718 1958/1994/1780 2526/2618/2348
f 1133/1147/954 2109/2153/1931 1132/1146/953
f 1132/1146/953 2111/2155/1933 1420/1438/1241
f 1154/1168/975 2302/2360/2124 2303/2361/2125
f 1351/1369/1172 2303/2361/2125 2302/2360/2124
f 2527/2619/2349 2174/2223/1996 1159/1173/980
f 974/987/795 1609/1630/1430 1173/1188/994
f 2204/2256/2026 2012/2050/1834 2008/2046/1830
f 2008/2046/1830 2202/2254/2024 2204/2256/2026
f 1944/1978/1766 2519/2609/2341 2362/2426/2184
f 2074/2115/1896 2362/2426/2184 2519/2609/2341
f 1109/2620/930 411/410/230 1110/2621/931
f 1847/1874/1669 995/1008/816 1110/1124/931
f 1547/1566/1368 2528/2622/2350 1204/1219/1025
f 1966/2002/1788 1547/1566/1368 1546/1565/1367
f 2012/2050/1834 2431/2500/2253 1714/1736/1535
f 2203/2255/2025 2031/2072/1853 2431/2500/2253
f 2175/2224/1997 279/2225/98 2176/2226/1998
f 2175/2224/1997 2176/2226/1998 2474/2551/2296
f 313/312/132 269/266/88 281/279/100
f 214/209/32 1020/1033/841 1019/1032/840
f 322/321/141 1177/1192/998 2041/2082/1863
f 322/321/141 2529/2623/2351 1177/1192/998
f 195/195/19 194/194/18 2312/2373/2134
f 2312/2373/2134 2411/2476/2233 195/195/19
f 1297/1312/1118 832/844/653 2422/2491/2244
f 832/844/653 831/843/652 1695/1717/1516
f 2528/2622/2350 1547/1566/1368 1966/2002/1788
f 2530/2624/2352 2528/2622/2350 2327/2390/2149
f 411/410/230 410/409/229 484/484/303
f 411/410/230 484/484/303 1110/2621/931
f 1213/1228/1034 1323/1339/1144 1325/1341/1146
f 1213/1228/1034 1461/1479/1282 789/800/610
f 1959/1995/1781 1956/1992/1778 2085/2128/1907
f 1433/2013/1254 2085/2128/1907 1956/1992/1778
f 2431/2500/2253 2031/2072/1853 1714/1736/1535
f 1714/1736/1535 2031/2072/1853 1712/1734/1533
f 2531/2625/2353 740/750/561 739/749/560
f 720/727/541 2531/2625/2353 739/749/560
f 1928/1958/1750 1929/1959/1751 1924/2626/1746
f 2044/2085/1866 1987/2024/1809 2043/2084/1865
f 256/253/75 1629/1650/1450 913/2330/734
f 277/275/96 2033/2074/1855 1629/1650/1450
f 2031/2072/1853 2203/2255/2025 1710/1732/1531
f 2203/2255/2025 2202/2254/2024 1710/1732/1531
f 2181/2231/2003 1791/1817/1613 1793/1819/1615
f 2415/2482/2237 1791/1817/1613 2181/2231/2003
f 1359/1377/1180 1378/1396/1199 1377/1395/1198
f 1359/1377/1180 1377/1395/1198 804/815/625
f 992/1005/813 988/1001/809 2532/2627/2354
f 990/1003/811 415/414/234 988/1001/809
f 2146/2194/1968 2135/2183/1957 1632/1653/1453
f 1632/1653/1453 2135/2183/1957 516/517/335
f 1710/1732/1531 2202/2254/2024 1244/1259/1065
f 1244/1259/1065 2010/2048/1832 626/629/445
f 1629/1650/1450 2533/2628/2355 913/2330/734
f 2533/2628/2355 2273/2328/2095 913/2330/734
f 2461/2536/2283 2453/2528/2275 961/974/782
f 2019/2059/1841 2020/2060/1842 2534/2629/2356
f 1595/1615/1416 2073/2114/1895 2091/2134/1913
f 1516/1534/1337 2073/2114/1895 2072/2113/1894
f 371/370/190 1721/1744/1542 372/371/191
f 1720/1743/1541 1721/1744/1542 493/493/312
f 643/648/462 2512/2595/2334 2511/2594/2333
f 2391/2455/2213 643/648/462 2511/2594/2333
f 1437/1455/1258 1436/1454/1257 1826/1852/1648
f 1826/1852/1648 2364/2428/2186 2363/2427/2185
f 1171/1186/992 1961/1997/1783 1823/1849/1645
f 2440/2511/2262 1823/1849/1645 1821/1847/1643
f 1685/1707/1506 1687/1709/1508 1689/1711/1510
f 2123/2167/1945 1685/1707/1506 2432/2501/2254
f 1192/1207/1013 1927/1957/1749 667/2331/486
f 1726/1749/1547 1927/1957/1749 1192/1207/1013
f 2511/2594/2333 647/652/466 646/651/465
f 2511/2594/2333 646/651/465 2391/2455/2213
f 1892/1919/1714 2401/2465/2223 1071/1085/892
f 1498/1516/1319 1892/1919/1714 1891/1918/1713
f 283/281/102 1398/1416/1219 1399/1417/1220
f 283/281/102 1399/1417/1220 1411/1429/1232
f 939/952/760 1848/1875/1670 232/229/51
f 2102/2146/1924 939/952/760 232/229/51
f 397/396/216 1180/1195/1001 1228/1243/1049
f 343/342/162 456/1067/275 1228/1243/1049
f 1768/1794/1590 2446/2518/2268 1953/1989/1775
f 370/369/189 2446/2518/2268 1768/1794/1590
f 1247/1262/1068 959/972/780 447/447/266
f 1246/1261/1067 393/392/212 1247/1262/1068
f 788/799/609 805/816/626 386/385/205
f 788/799/609 803/814/624 805/816/626
f 1806/1832/1628 1808/1834/1630 1764/1790/1586
f 2236/2288/2058 2007/2045/1829 1808/1834/1630
f 2484/2561/2306 2503/2583/2325 799/810/620
f 2484/2561/2306 1400/1418/1221 2503/2583/2325
f 840/852/661 2358/2422/2180 2360/2424/2182
f 2331/2394/2153 692/699/513 2535/2630/2357
f 450/450/269 2434/2505/2256 1713/1735/1534
f 1713/1735/1534 451/451/270 450/450/269
f 2536/2631/2358 508/508/327 1725/1748/1546
f 1089/1103/910 2536/2631/2358 1725/1748/1546
f 840/852/661 2330/2393/2152 2331/2394/2153
f 2331/2394/2153 2535/2630/2357 840/852/661
f 1982/2019/1804 1862/1889/1684 1984/2021/1806
f 1984/2021/1806 1862/1889/1684 2190/2242/2012
f 469/469/288 1566/1585/1387 1580/1599/1401
f 466/466/285 1566/1585/1387 469/469/288
f 1405/1423/1226 856/868/677 858/870/679
f 1406/1424/1227 1405/1423/1226 1407/1425/1228
f 745/755/566 2293/2351/2115 1256/1271/1077
f 745/755/566 2122/2166/1944 1417/1435/1238
f 2385/2449/2207 917/929/738 916/928/737
f 2272/2327/2094 2271/2326/2093 2385/2449/2207
f 535/537/354 439/438/258 441/440/260
f 439/438/258 535/537/354 1977/2014/1799
f 210/207/30 1384/2632/1205 314/313/133
f 314/313/133 526/528/345 210/207/30
f 889/901/710 1425/1443/1246 1723/1746/1544
f 402/401/221 1426/1444/1247 403/402/222
f 1634/1655/1455 930/943/751 2334/2397/2156
f 2334/2397/2156 930/943/751 830/842/651
f 1881/1908/1703 933/946/754 1145/1159/966
f 933/946/754 1881/1908/1703 1371/1389/1192
f 1250/1265/1071 702/709/523 692/699/513
f 1812/1838/1634 702/709/523 1810/1836/1632
f 2024/2065/1846 559/562/378 2025/2066/1847
f 559/562/378 2024/2065/1846 2516/2603/2338
f 2069/2110/1891 497/497/316 2506/2586/2328
f 2506/2633/2328 2537/2634/2359 2069/2407/1891
f 1887/1914/1709 1033/1046/854 459/459/278
f 1887/1914/1709 2538/2635/2360 1033/1046/854
f 579/582/398 2460/2535/2282 559/562/378
f 1340/1358/1161 2460/2535/2282 2277/2334/2099
f 810/822/631 2537/2634/2359 496/496/315
f 2537/2634/2359 2057/2098/1879 2069/2407/1891
f 634/637/453 2286/2343/2108 635/638/454
f 635/638/454 2286/2343/2108 1412/1430/1233
f 2240/2294/2062 1650/1671/1471 505/505/324
f 505/505/324 1374/1392/1195 2240/2294/2062
f 340/339/159 2160/2208/1982 2106/2150/1928
f 2539/2636/2361 2160/2208/1982 340/339/159
f 1052/1065/873 2523/2614/2345 1887/1914/1709
f 2540/2637/2362 1052/1065/873 1887/1914/1709
f 2537/2634/2359 810/822/631 2057/2098/1879
f 810/822/631 809/821/630 2057/2098/1879
f 579/582/398 2277/2334/2099 2460/2535/2282
f 579/582/398 561/564/380 2277/2334/2099
f 1698/1720/1519 1137/1151/958 2502/2582/2324
f 1137/1151/958 1698/1720/1519 1136/1150/957
f 208/675/489 2541/2638/2363 395/394/214
f 395/394/214 216/213/35 208/675/489
f 2487/2565/2309 2187/2237/2009 2521/2611/2343
f 2187/2237/2009 2487/2565/2309 1207/1222/1028
f 524/526/343 204/205/28 261/258/80
f 260/257/79 524/526/343 261/258/80
f 314/313/133 1384/2632/1205 315/314/134
f 1384/1402/1205 1385/1403/1206 2542/2639/2364
f 1936/1970/1758 1203/1218/1024 1231/1246/1052
f 1936/1970/1758 1231/1246/1052 1206/1221/1027
f 895/907/716 2172/2221/1994 881/893/702
f 1272/1287/1093 1271/1286/1092 2029/2070/1851
f 1483/1501/1304 1773/1799/1595 297/295/116
f 1773/1799/1595 1789/1815/1611 297/295/116
f 619/622/438 621/624/440 2543/2640/2365
f 1943/1977/1765 2543/2640/2365 621/624/440
f 1440/1458/1261 1058/1072/879 1060/1074/881
f 1058/1072/879 1440/1458/1261 1208/1223/1029
f 1651/1672/1472 738/748/559 366/365/185
f 2417/2484/2239 366/365/185 738/748/559
f 469/469/288 468/468/287 466/466/285
f 466/466/285 468/468/287 467/467/286
f 896/908/717 2090/2133/1912 2073/2114/1895
f 880/892/701 882/894/703 2090/2133/1912
f 1199/1214/1020 380/379/199 2284/2341/2106
f 1474/1492/1295 1476/1494/1297 1199/1214/1020
f 217/214/36 395/394/214 265/262/84
f 217/214/36 216/213/35 395/394/214
f 846/858/667 533/535/352 255/252/74
f 846/858/667 1908/1935/1730 2343/2406/2165
f 2531/2625/2353 972/985/793 2544/2641/2366
f 720/727/541 973/986/794 2531/2625/2353
f 1617/1638/1438 540/542/359 2233/2285/2055
f 1617/1638/1438 2233/2285/2055 1400/1418/1221
f 343/342/162 1228/1243/1049 1180/1195/1001
f 343/342/162 1180/1195/1001 344/343/163
f 1916/1943/1738 1454/1472/1275 1442/1460/1263
f 2189/2239/2011 1452/1470/1273 1454/1472/1275
f 1153/1167/974 1670/1692/1491 2301/2359/2123
f 1328/1344/1149 1670/1692/1491 1153/1167/974
f 1075/1089/896 940/953/761 2253/2307/2075
f 2195/2247/2017 940/953/761 1134/1148/955
f 1417/1435/1238 1804/1830/1626 2280/2337/2102
f 1417/1435/1238 2122/2166/1944 1804/1830/1626
f 2034/2075/1856 2032/2073/1854 277/275/96
f 947/960/768 2034/2075/1856 276/274/95
f 294/1353/113 227/224/46 229/226/48
f 229/226/48 2514/2601/2336 294/1353/113
f 1060/1074/881 1059/1073/880 1062/1076/883
f 1059/1073/880 279/2225/98 1062/1076/883
f 584/587/403 1315/1331/1136 1705/1727/1526
f 1705/1727/1526 1914/1941/1736 584/587/403
f 2545/2642/2367 982/995/803 981/994/802
f 2545/2642/2367 368/367/187 1545/1564/1366
f 947/960/768 2413/2478/2235 983/996/804
f 2034/2075/1856 947/960/768 2032/2073/1854
f 1129/1143/950 630/633/449 1093/1107/914
f 1965/2001/1787 630/633/449 1129/1143/950
f 1044/1057/865 1041/1054/862 1674/1696/1495
f 1039/1052/860 1041/1054/862 1044/1057/865
f 2144/2192/1966 1170/1185/991 574/577/393
f 575/578/394 574/577/393 1170/1185/991
f 2541/2638/2363 392/391/211 395/394/214
f 670/677/491 1302/1317/1123 957/970/778
f 1511/1529/1332 1521/1539/1342 1488/1506/1309
f 1488/1506/1309 1521/1539/1342 1465/1483/1286
f 1987/2643/1809 1924/1951/1746 218/215/37
f 2044/2085/1866 1924/2626/1746 1987/2024/1809
f 455/455/274 454/454/273 2099/2143/1921
f 750/760/571 2099/2143/1921 1680/1702/1501
f 1292/1307/1113 1290/1305/1111 808/820/629
f 808/820/629 495/495/314 1292/1307/1113
f 509/509/328 508/508/327 668/673/487
f 1568/1587/1389 668/673/487 2350/2414/2172
f 765/775/586 2151/2199/1973 553/556/372
f 553/556/372 2151/2199/1973 554/557/373
f 2316/2377/2138 1467/1485/1288 904/916/725
f 2316/2377/2138 1488/1506/1309 1467/1485/1288
f 1020/1033/841 431/430/250 433/432/252
f 215/212/34 265/262/84 431/430/250
f 1467/1485/1288 1466/1484/1287 904/916/725
f 854/866/675 904/916/725 1466/1484/1287
f 1433/2013/1254 226/223/45 1610/2644/1431
f 226/223/45 1173/1188/994 1609/1630/1430
f 2546/2645/2368 1426/2646/1247 1425/1443/1246
f 1139/1153/960 1138/1152/959 2546/2645/2368
f 689/696/510 326/325/145 194/194/18
f 2359/2423/2181 2547/2647/2369 2360/2424/2182
f 739/749/560 1652/1673/1473 741/751/562
f 741/751/562 1652/1673/1473 310/308/129
f 1380/1398/1201 1922/1949/1744 954/967/775
f 1922/1949/1744 1380/1398/1201 1923/1950/1745
f 1008/1021/829 1009/1022/830 1799/1825/1621
f 1009/1983/830 1390/1408/1211 1799/2344/1621
f 2462/2537/2284 2114/2158/1936 573/576/392
f 607/610/426 2114/2158/1936 2462/2537/2284
f 1032/1045/853 1031/1044/852 1895/1922/1717
f 1895/1922/1717 1031/1044/852 1867/1894/1689
f 602/605/421 1935/1969/1757 354/2648/173
f 354/2649/173 1935/2178/1757 346/345/165
f 545/547/364 460/460/279 2500/2580/2322
f 462/462/281 2500/2580/2322 460/460/279
f 2266/2321/2088 2265/2320/2087 2264/2319/2086
f 2266/2321/2088 2395/2459/2217 2400/2464/2222
f 2059/2100/1881 794/805/615 1322/1338/1143
f 2048/2089/1870 794/805/615 2059/2100/1881
f 1265/1280/1086 1844/1870/1666 1843/1869/1665
f 1811/1837/1633 1266/1281/1087 2548/2650/2370
f 230/227/49 1905/1932/1727 2549/2651/2371
f 2525/2617/2347 2526/2618/2348 2549/2651/2371
f 372/371/191 1968/2004/1790 2116/2160/1938
f 373/372/192 372/371/191 2116/2160/1938
f 2261/2316/2083 2262/2317/2084 1158/1172/979
f 1174/1189/995 2261/2316/2083 1175/1190/996
f 634/637/453 577/580/396 576/579/395
f 577/580/396 634/637/453 830/842/651
f 1681/1703/1502 286/284/105 285/283/104
f 285/2381/104 1734/1759/1555 1681/2652/1502
f 1962/1998/1784 1963/1999/1785 1117/1131/938
f 1620/1641/1441 1117/1131/938 1116/1130/937
f 2549/2651/2371 1905/1932/1727 2525/2617/2347
f 2525/2617/2347 1902/1929/1724 1896/1923/1718
f 2550/2653/2372 1188/1203/1009 1186/1201/1007
f 1188/1203/1009 2550/2653/2372 1574/1593/1395
f 2391/2455/2213 646/651/465 1480/1498/1301
f 2262/2317/2084 2391/2455/2213 1480/1498/1301
f 1423/1441/1244 1261/1276/1082 761/771/582
f 1319/1335/1140 1326/1342/1147 1261/1276/1082
f 800/811/621 1046/1059/867 801/812/622
f 1128/1142/949 1046/1059/867 1997/2035/1819
f 2012/2050/1834 2351/2415/2173 2008/2046/1830
f 2351/2415/2173 2012/2050/1834 438/437/257
f 577/580/396 2167/2216/1989 578/581/397
f 1576/1595/1397 578/581/397 2167/2216/1989
f 341/340/160 340/339/159 1554/1573/1375
f 843/855/664 842/854/663 1018/1031/839
f 1319/1335/1140 1261/1276/1082 1423/1441/1244
f 1104/1118/925 1319/1335/1140 1423/1441/1244
f 684/691/505 348/347/167 820/832/641
f 684/691/505 1663/1685/1484 348/347/167
f 1750/1775/1571 908/920/729 2222/2274/2044
f 1333/1349/1154 1750/1775/1571 2222/2274/2044
f 2012/2050/1834 436/435/255 438/437/257
f 2012/2050/1834 2011/2049/1833 436/435/255
f 1369/1387/1190 770/780/591 891/903/712
f 771/781/592 770/780/591 1369/1387/1190
f 1672/1694/1493 2301/2359/2123 1670/1692/1491
f 2301/2359/2123 1658/1679/1479 2438/2509/2260
f 2163/2211/1985 2497/2577/2319 2162/2210/1984
f 1073/1087/894 1024/1037/845 2163/2211/1985
f 1879/1906/1701 2283/2340/2105 1855/1882/1677
f 1413/1431/1234 1852/1879/1674 1854/1881/1676
f 2196/2248/2018 257/254/76 271/2563/90
f 257/254/76 2196/2248/2018 1145/1159/966
f 328/327/147 2004/2042/1826 2539/2636/2361
f 328/327/147 970/983/791 969/982/790
f 1671/1693/1492 1656/1677/1477 384/383/203
f 1658/1679/1479 1671/1693/1492 1659/1680/1480
f 1024/1037/845 1023/1036/844 2197/2249/2019
f 2163/2211/1985 1024/1037/845 2197/2249/2019
f 2360/2424/2182 194/194/18 434/433/253
f 2547/2647/2369 194/194/18 2360/2424/2182
f 274/272/93 1437/1455/1258 1641/1662/1462
f 1437/1455/1258 274/272/93 1142/1156/963
f 384/383/203 383/382/202 1155/1169/976
f 1155/1169/976 1078/1092/899 1659/1680/1480
f 2455/2530/2277 1307/1322/1128 1337/1355/1158
f 2178/2228/2000 2551/2654/2373 2179/2229/2001
f 1155/1169/976 1659/1680/1480 384/383/203
f 1671/1693/1492 384/383/203 1659/1680/1480
f 550/552/369 837/849/658 435/434/254
f 2319/2380/2141 550/552/369 435/434/254
f 1948/1984/1770 892/904/713 231/228/50
f 769/779/590 917/929/738 2385/2449/2207
f 1388/1406/1209 1999/2037/1821 1998/2036/1820
f 1999/2037/1821 1419/1437/1240 1998/2036/1820
f 2353/2417/2175 1532/1550/1353 1975/2011/1797
f 2353/2417/2175 2361/2425/2183 1532/1550/1353
f 1440/1458/1261 2552/2655/2374 1441/1459/1262
f 1440/1458/1261 815/827/636 2552/2655/2374
f 1743/1768/1564 2243/2297/2065 1309/1324/1130
f 2379/2443/2201 1309/1324/1130 2243/2297/2065
f 207/2656/2375 209/206/29 211/208/31
f 209/211/29 216/213/35 214/209/32
f 1371/1389/1192 1373/1391/1194 934/947/755
f 934/947/755 2553/2657/2376 596/599/415
f 769/779/590 232/229/51 231/228/50
f 892/904/713 769/779/590 231/228/50
f 1217/1232/1038 1441/1459/1262 1439/1457/1260
f 1439/1457/1260 1441/1459/1262 2552/2655/2374
f 2520/2610/2342 2467/2542/2289 2515/2602/2337
f 2520/2610/2342 2515/2602/2337 357/356/176
f 722/729/543 1829/1855/1651 888/900/709
f 1829/1855/1651 1830/1856/1652 888/900/709
f 2467/2542/2289 766/776/587 2515/2602/2337
f 2515/2602/2337 766/776/587 1581/1600/1402
f 1279/1294/1100 2124/2168/1946 944/957/765
f 1683/1705/1504 1279/1294/1100 1167/1182/988
f 577/580/396 1187/1202/1008 2167/2216/1989
f 1187/1202/1008 1188/1203/1009 2167/2216/1989
f 2273/2328/2095 1183/1198/1004 2274/2329/2096
f 910/922/731 1223/1238/1044 2247/2301/2069
f 1455/1473/1276 464/464/283 1456/1474/1277
f 1649/1670/1470 1456/1474/1277 1608/1629/1429
f 2091/2134/1913 884/896/705 1595/1615/1416
f 2092/2135/1914 1190/1205/1011 884/896/705
f 934/947/755 1373/1391/1194 2553/2657/2376
f 1787/1813/1609 1763/1789/1585 1785/1811/1607
f 1719/1742/1540 2501/2581/2323 1263/1278/1084
f 1263/1278/1084 763/773/584 1719/1742/1540
f 1649/1670/1470 461/461/280 460/460/279
f 461/461/280 1649/1670/1470 1648/1669/1469
f 1235/1250/1056 440/439/259 1236/1251/1057
f 440/439/259 2341/2404/2163 1236/1251/1057
f 1870/1897/1692 1866/1893/1688 1868/1895/1690
f 1050/1063/871 1052/1065/873 2540/2637/2362
f 1614/1635/1435 894/906/715 1541/1560/1362
f 1541/1560/1362 1539/1558/1360 1614/1635/1435
f 1473/1491/1294 1472/1490/1293 871/883/692
f 1473/1491/1294 871/883/692 870/882/691
f 1089/1103/910 1194/2384/1015 1726/1749/1547
f 1726/1749/1547 2536/2631/2358 1089/1103/910
f 2247/2301/2069 2273/2328/2095 910/922/731
f 2033/2074/1855 910/922/731 2273/2328/2095
f 415/414/234 2403/2467/2225 2402/2466/2224
f 415/414/234 2532/2627/2354 988/1001/809
f 1660/1681/1481 525/527/344 1054/1068/875
f 1993/2031/1815 525/527/344 1660/1681/1481
f 2021/2062/1843 2367/2431/2189 2393/2457/2215
f 2395/2459/2217 2021/2062/1843 2393/2457/2215
f 1400/1418/1221 673/680/494 1617/1638/1438
f 2484/2561/2306 673/680/494 1400/1418/1221
f 2403/2467/2225 414/413/233 790/801/611
f 415/414/234 414/413/233 2403/2467/2225
f 1284/1299/1105 679/2289/500 2039/2080/1861
f 1283/1298/1104 679/2289/500 1284/1299/1105
f 207/2656/2375 211/208/31 205/1777/1573
f 205/1777/1573 211/208/31 1752/1778/1574
f 1603/1623/1424 1708/1730/1529 1707/2489/1528
f 222/1624/41 1603/1623/1424 1707/2489/1528
f 1016/1029/837 842/854/663 650/655/469
f 650/655/469 842/854/663 488/488/307
f 2213/2265/2035 1722/1745/1543 2212/2264/2034
f 2212/2264/2034 1722/1745/1543 1721/1744/1542
f 2375/2439/2197 2352/2416/2174 1974/2010/1796
f 1528/1546/1349 1530/1548/1351 2375/2439/2197
f 1654/1675/1475 796/807/617 1653/1674/1474
f 796/807/617 1700/1722/1521 1403/1421/1224
f 1825/1851/1647 2434/2505/2256 1946/1980/1768
f 390/1981/209 1946/1980/1768 1947/1982/1769
f 385/384/204 1298/1313/1119 2039/2080/1861
f 1298/1313/1119 1285/1300/1106 2039/2080/1861
f 2375/2439/2197 1530/1548/1351 2352/2416/2174
f 2352/2416/2174 1530/1548/1351 2353/2417/2175
f 250/247/69 249/246/68 589/592/408
f 987/1000/808 1818/1844/1640 1819/1845/1641
f 1894/1921/1716 2344/2408/2166 1893/1920/1715
f 1894/1921/1716 1910/1937/1732 2344/2408/2166
f 1519/1537/1340 1346/1364/1167 1528/1546/1349
f 1346/1364/1167 1345/1363/1166 1528/1546/1349
f 1340/1358/1161 2025/2066/1847 2460/2535/2282
f 1340/1358/1161 1342/1360/1163 2025/2066/1847
f 507/507/326 1786/1812/1608 1920/1947/1742
f 1372/1390/1193 1786/1812/1608 1373/1391/1194
f 1818/1844/1640 987/1000/808 589/592/408
f 590/593/409 589/592/408 987/1000/808
f 2425/2494/2247 2426/2495/2248 564/567/383
f 2425/2494/2247 564/567/383 566/569/385
f 997/1010/818 534/536/353 998/1011/819
f 1056/1070/877 1055/1069/876 998/1011/819
f 1334/2658/1155 1989/2027/1811 2016/2573/1838
f 1989/2027/1811 1334/2658/1155 2496/2576/2318
f 2473/2550/2295 1276/1291/1097 1278/1293/1099
f 1278/1293/1099 1276/1291/1097 1167/1182/988
f 705/712/526 2182/2232/2004 723/730/544
f 2244/2298/2066 2387/2451/2209 705/712/526
f 2260/2315/2082 2510/2590/2332 1300/1315/1121
f 2510/2590/2332 1301/1316/1122 1300/1315/1121
f 1863/1890/1685 1002/1015/823 1004/1017/825
f 1783/1809/1605 1990/2028/1812 2488/2566/2310
f 1356/1374/1177 1337/1355/1158 1354/1372/1175
f 1356/1374/1177 1354/1372/1175 1961/1997/1783
f 2545/2642/2367 869/881/690 368/367/187
f 2545/2642/2367 870/882/691 869/881/690
f 2434/2505/2256 450/450/269 1391/1409/1212
f 1947/1982/1769 1946/1980/1768 2434/2505/2256
f 2247/2301/2069 1183/1198/1004 2273/2328/2095
f 2247/2301/2069 1184/1199/1005 1183/1198/1004
f 2119/2163/1941 592/595/411 404/403/223
f 2119/2163/1941 404/403/223 1470/2173/1291
f 1930/1962/1752 1911/1938/1733 835/847/656
f 1350/1368/1171 1349/1367/1170 1590/1610/1411
f 1021/1034/842 1020/1033/841 433/432/252
f 1021/1034/842 433/432/252 1678/1700/1499
f 1302/1317/1123 2554/2659/2377 2061/2102/1883
f 2061/2102/1883 2554/2659/2377 2054/2095/1876
f 2457/2532/2279 2060/2101/1882 2485/2562/2307
f 2355/2419/2177 2457/2532/2279 1613/1634/1434
f 701/708/522 714/721/535 1816/1842/1638
f 701/708/522 1816/1842/1638 1812/1838/1634
f 2469/2544/2291 1994/2032/1816 2055/2096/1877
f 2469/2544/2291 2470/2545/2292 1994/2032/1816
f 2078/2120/1900 852/864/673 2410/2475/2232
f 852/864/673 816/828/637 1901/1928/1723
f 1500/1518/1321 2201/2253/2023 1501/1519/1322
f 2201/2253/2023 615/618/434 1501/1519/1322
f 1969/2005/1791 980/993/801 1544/1563/1365
f 1967/2003/1789 1544/1563/1365 2327/2390/2149
f 2313/2374/2135 2314/2375/2136 1465/1483/1286
f 901/913/722 2313/2374/2135 1900/1927/1722
f 870/882/691 981/994/802 306/304/125
f 981/994/802 870/882/691 2545/2642/2367
f 1397/1415/1218 1396/1414/1217 1419/1437/1240
f 1998/2036/1820 1419/1437/1240 1396/1414/1217
f 2383/2447/2205 536/538/355 441/440/260
f 536/538/355 535/537/354 441/440/260
f 1940/1974/1762 1943/1977/1765 1938/1972/1760
f 1939/1973/1761 2429/2498/2251 1940/1974/1762
f 613/616/432 522/524/341 2555/2660/2378
f 2556/2661/2379 611/614/430 2555/2660/2378
f 1797/1823/1619 1166/1181/987 1798/1824/1620
f 1166/1181/987 583/586/402 2557/2662/2380
f 325/324/144 324/323/143 2457/2532/2279
f 2457/2532/2279 927/940/748 325/324/144
f 700/707/521 713/720/534 701/708/522
f 700/707/521 1522/1540/1343 713/720/534
f 1124/1138/945 1899/1926/1721 1521/1539/1342
f 1521/1539/1342 1899/1926/1721 1465/1483/1286
f 2558/2663/2381 1940/1974/1762 2429/2498/2251
f 971/984/792 319/318/138 1941/1975/1763
f 1316/1332/1137 584/587/403 583/586/402
f 1166/1181/987 1316/1332/1137 583/586/402
f 1460/1478/1281 383/382/202 758/768/579
f 1077/1091/898 1079/1093/900 755/765/576
f 795/806/616 1504/1522/1325 1653/1674/1474
f 1503/1521/1324 1653/1674/1474 2229/2281/2051
f 1259/1274/1080 1523/1541/1344 223/2664/42
f 541/543/360 847/2665/668 223/220/42
f 1307/1322/1128 529/531/348 743/753/564
f 529/531/348 528/530/347 743/753/564
f 1122/1136/943 1121/1135/942 2028/2069/1850
f 2028/2069/1850 1121/1135/942 332/331/151
f 588/591/407 949/962/770 2321/2383/2143
f 1430/1448/1251 588/591/407 2321/2383/2143
f 2559/2666/2382 455/455/274 1115/1129/936
f 2559/2666/2382 611/614/430 2556/2661/2379
f 2189/2239/2011 1916/1943/1738 1160/1174/981
f 1916/1943/1738 2189/2239/2011 1454/1472/1275
f 2389/2453/2211 1934/1967/1756 504/504/323
f 2389/2453/2211 504/504/323 503/503/322
f 1937/1971/1759 587/590/406 586/589/405
f 597/600/416 1937/1971/1759 586/589/405
f 799/810/620 798/809/619 1233/1248/1054
f 1233/1248/1054 798/809/619 2498/2578/2320
f 849/861/670 1259/1274/1080 847/859/668
f 223/2664/42 847/859/668 1259/1274/1080
f 2528/2622/2350 1205/1220/1026 1204/1219/1025
f 1205/1220/1026 2528/2622/2350 2530/2624/2352
f 1481/1499/1302 1735/1760/1556 1737/1762/1558
f 1365/1383/1186 1735/1760/1556 1481/1499/1302
f 2559/2666/2382 453/453/272 455/455/274
f 522/524/341 453/453/272 2559/2666/2382
f 1046/1059/867 1045/1058/866 801/812/622
f 801/812/622 1045/1058/866 2560/2667/2383
f 1527/1545/1348 720/727/541 309/307/128
f 720/727/541 1527/1545/1348 721/728/542
f 2147/2195/1969 1632/1653/1453 2133/2181/1955
f 2147/2195/1969 2133/2181/1955 2300/2358/2122
f 346/345/165 345/344/164 1029/2668/850
f 1513/1531/1334 345/344/164 687/694/508
f 2419/2486/2241 407/406/226 2423/2492/2245
f 407/406/226 2419/2486/2241 405/404/224
f 936/949/757 501/501/320 500/500/319
f 2045/2086/1867 501/501/320 936/949/757
f 2186/2236/2008 2183/2233/2005 1955/1991/1777
f 1955/1991/1777 2183/2233/2005 1433/2013/1254
f 1177/1192/998 2529/2623/2351 1178/1193/999
f 1746/2503/1567 1745/1770/1566 1178/1193/999
f 1283/1298/1104 1285/1300/1106 2065/2106/1887
f 1758/1784/1580 1757/1783/1579 1283/1298/1104
f 921/933/742 923/935/744 922/934/743
f 922/934/743 1000/1013/821 921/933/742
f 2465/2540/2287 1290/1305/1111 1291/1306/1112
f 1292/1307/1113 1291/1306/1112 1290/1305/1111
f 1867/1894/1689 1866/1893/1688 1888/1915/1710
f 1867/1894/1689 1888/1915/1710 1895/1922/1717
f 1603/1623/1424 1486/1504/1307 1484/1502/1305
f 1484/1502/1305 1486/1504/1307 1485/1503/1306
f 361/555/180 360/2669/179 551/553/370
f 733/743/554 551/553/370 1677/2670/1498
f 707/714/528 709/716/530 718/725/539
f 718/725/539 709/716/530 2087/2130/1909
f 242/239/61 1875/2671/1697 1111/1125/932
f 244/241/63 1876/1903/1698 242/239/61
f 2544/2641/2366 2507/2587/2329 2505/2585/2327
f 972/985/793 2507/2587/2329 2544/2641/2366
f 2529/2623/2351 1746/2503/1567 1178/1193/999
f 2529/2672/2351 797/808/618 1746/1771/1567
f 203/204/27 1817/1843/1639 204/205/28
f 1817/1843/1639 203/204/27 1819/1845/1641
f 2221/2273/2043 822/834/643 821/833/642
f 2221/2273/2043 821/833/642 2219/2271/2041
f 1875/1902/1697 411/410/230 1109/2620/930
f 1109/1123/930 1111/1125/932 1875/2671/1697
f 867/879/688 707/714/528 1472/1490/1293
f 1472/1490/1293 707/714/528 1294/1309/1115
f 1101/1115/922 735/745/556 734/744/555
f 2075/2117/1897 1103/1117/924 1101/1115/922
f 2518/2608/2340 1052/1065/873 1051/1064/872
f 2518/2608/2340 1230/1245/1051 1367/1385/1188
f 2166/2214/1988 2561/2673/2384 1065/2215/886
f 1734/1759/1555 669/674/488 1065/1079/886
f 2177/2227/1999 475/475/294 2474/2551/2296
f 475/475/294 477/477/296 812/824/633
f 1212/1227/1033 1755/1781/1577 1238/1253/1059
f 1238/1253/1059 2080/2122/1902 1212/1227/1033
f 1607/1628/1428 463/463/282 1872/1899/1694
f 1605/1626/1426 1607/1628/1428 1872/1899/1694
f 735/745/556 1101/1115/922 1103/1117/924
f 1102/1116/923 735/745/556 1103/1117/924
f 1800/1826/1622 2476/2553/2298 1008/1021/829
f 389/388/208 1008/1021/829 2476/2553/2298
f 812/824/633 1740/1765/1561 813/825/634
f 1740/1765/1561 812/824/633 1741/1766/1562
f 630/633/449 1048/1061/869 1264/1279/1085
f 1264/1279/1085 1267/1282/1088 1265/1280/1086
f 868/880/689 2381/2445/2203 2382/2446/2204
f 708/715/529 2382/2446/2204 2081/2123/1903
f 1209/1224/1030 710/717/531 722/729/543
f 710/717/531 1829/1855/1651 722/729/543
f 619/622/438 2539/2636/2361 340/339/159
f 619/622/438 2543/2640/2365 2539/2636/2361
f 1118/1132/939 1389/1407/1210 1396/1414/1217
f 1117/1131/938 1389/1407/1210 1118/1132/939
f 2512/2595/2334 236/2598/55 647/652/466
f 236/2598/55 648/653/467 647/652/466
f 612/615/431 749/759/570 1535/1553/1356
f 612/615/431 1535/1553/1356 1550/1569/1371
f 2282/2339/2104 1856/1883/1678 1855/1882/1677
f 1857/1884/1679 2562/2674/2385 608/611/427
f 2533/2628/2355 1629/1650/1450 2033/2074/1855
f 2033/2074/1855 2273/2328/2095 2533/2628/2355
f 868/880/689 2382/2446/2204 2563/2675/2386
f 868/880/689 2563/2675/2386 707/714/528
f 2317/2378/2139 904/916/725 906/918/727
f 2317/2378/2139 906/918/727 2416/2483/2238
f 791/802/612 414/413/233 2328/2391/2150
f 1324/1340/1145 1323/1339/1144 791/802/612
f 2564/2676/2387 2562/2674/2385 2282/2339/2104
f 1954/1990/1776 1014/1027/835 1851/1878/1673
f 2366/2430/2188 780/818/601 2464/2539/2286
f 2366/2677/2188 241/238/60 780/790/601
f 2515/2602/2337 2259/2314/2081 357/356/176
f 357/356/176 2259/2314/2081 2258/2313/2080
f 674/681/495 1401/1419/1222 540/542/359
f 796/807/617 1401/1419/1222 674/681/495
f 838/850/659 434/433/253 1553/1572/1374
f 838/850/659 2360/2424/2182 434/433/253
f 590/593/409 336/335/155 1082/1096/903
f 1082/1096/903 336/335/155 1080/1094/901
f 1707/2489/1528 1708/1730/1529 848/860/669
f 1708/1730/1529 1483/1501/1304 848/860/669
f 657/662/476 2482/2559/2304 1845/1871/1667
f 2089/2132/1911 2443/2515/2265 994/1007/815
f 1165/1180/986 596/599/415 595/598/414
f 935/948/756 1165/1180/986 1820/1846/1642
f 673/680/494 672/679/493 1617/1638/1438
f 538/540/357 1617/1638/1438 672/679/493
f 861/873/682 1794/1820/1616 1404/1422/1225
f 1404/1422/1225 1509/1527/1330 861/873/682
f 2409/2678/2231 494/494/313 496/496/315
f 494/494/313 2409/2678/2231 656/661/475
f 186/186/10 965/2679/786 964/2061/785
f 965/978/786 352/351/171 2565/2680/2388
f 1421/1439/1242 954/967/775 956/969/777
f 954/967/775 1421/1439/1242 1381/1399/1202
f 1929/1959/1751 1597/1617/1418 1598/1960/1419
f 1929/2681/1751 1598/1618/1419 1924/1951/1746
f 2299/2357/2121 2146/2194/1968 2147/2195/1969
f 2285/2342/2107 2146/2194/1968 2148/2196/1970
f 2026/2067/1848 960/973/781 959/972/780
f 960/973/781 2026/2067/1848 2019/2059/1841
f 333/2309/152 714/721/535 716/723/537
f 713/720/534 716/723/537 714/721/535
f 1770/1796/1592 2447/2521/2269 368/367/187
f 1296/1311/1117 1770/1796/1592 368/367/187
f 345/344/164 1514/1532/1335 687/694/508
f 1514/1532/1335 685/692/506 687/694/508
f 1733/1758/1554 2320/2382/2142 509/509/328
f 669/674/488 1733/1758/1554 509/509/328
f 1991/2029/1813 1163/1177/984 247/244/66
f 1163/1177/984 245/242/64 247/244/66
f 965/978/786 186/2682/10 352/351/171
f 352/351/171 186/2682/10 353/352/172
f 2359/2423/2181 1249/1264/1070 2547/2647/2369
f 692/699/513 702/709/523 1249/1264/1070
f 1341/1359/1162 1635/1656/1456 2269/2324/2091
f 2269/2324/2091 1635/1656/1456 2277/2334/2099
f 1922/1949/1744 953/966/774 1446/1464/1267
f 953/966/774 1637/1658/1458 1446/1464/1267
f 1418/1436/1239 1417/1435/1238 2279/2336/2101
f 2279/2336/2101 527/529/346 1418/1436/1239
f 664/669/483 864/876/685 2566/2683/2389
f 664/669/483 2567/2684/2390 864/876/685
f 2219/2271/2041 825/837/646 1469/1487/1290
f 2365/2429/2187 1469/1487/1290 825/837/646
f 692/699/513 2359/2423/2181 2358/2422/2180
f 692/699/513 1249/1264/1070 2359/2423/2181
f 1126/1140/947 2108/2152/1930 2567/2684/2390
f 864/876/685 2567/2684/2390 865/877/686
f 1933/1965/1755 233/1966/52 2568/2685/2391
f 2338/2401/2160 2568/2686/2391 233/2687/52
f 379/378/198 2051/2092/1873 2050/2091/1872
f 819/831/640 820/832/641 817/829/638
f 2192/2244/2014 1392/1410/1213 2191/2243/2013
f 2191/2243/2013 1392/1410/1213 1920/1947/1742
f 2569/2688/2392 510/511/329 512/513/331
f 823/835/644 510/511/329 2569/2688/2392
f 1025/1038/846 2140/2188/1962 736/2363/557
f 1025/1038/846 1027/1040/848 2140/2188/1962
f 2077/2119/1899 865/877/686 2108/2152/1930
f 2567/2684/2390 2108/2152/1930 865/877/686
f 1119/1133/940 1409/1427/1230 1408/1426/1229
f 2347/2411/2169 1409/1427/1230 1119/1133/940
f 802/813/623 801/812/622 690/697/511
f 690/697/511 1571/1590/1392 802/813/623
f 1176/1191/997 1175/1190/996 1451/1469/1272
f 1176/1191/997 1451/1469/1272 2188/2238/2010
f 1439/1457/1260 478/478/297 1217/1232/1038
f 1462/1480/1283 1217/1232/1038 478/478/297
f 963/976/784 937/950/758 500/500/319
f 2565/2680/2388 963/976/784 965/978/786
f 2192/2244/2014 1882/1909/1704 1392/1410/1213
f 2192/2244/2014 2452/2527/2274 1882/1909/1704
f 237/234/56 1427/1445/1248 350/349/169
f 237/234/56 1136/1150/957 1427/1445/1248
f 2347/2411/2169 2348/2412/2170 1565/1584/1386
f 1562/1581/1383 1563/1582/1384 2570/2689/2393
f 233/2687/52 1720/1743/1541 2338/2401/2160
f 637/642/456 1720/1743/1541 493/493/312
f 1506/1524/1327 2571/2690/2394 1890/1917/1712
f 1507/1525/1328 1506/1524/1327 1890/1917/1712
f 2437/2508/2259 2442/2514/2264 2436/2507/2258
f 994/1007/815 1112/1126/933 1114/1128/935
f 2347/2411/2169 1562/1581/1383 2570/2689/2393
f 1120/1134/941 1562/1581/1383 2347/2411/2169
f 1193/1208/1014 510/511/329 823/835/644
f 822/834/643 1193/1208/1014 823/835/644
f 2418/2485/2240 405/404/224 2419/2486/2241
f 2418/2485/2240 1140/1154/961 2420/2487/2242
f 2338/2401/2160 471/471/290 2568/2686/2391
f 2028/2069/1850 2568/2685/2391 1122/1136/943
f 1562/1581/1383 1561/1580/1382 1563/1582/1384
f 1563/1582/1384 1561/1580/1382 1564/1583/1385
f 2569/2688/2392 824/836/645 823/835/644
f 2569/2688/2392 512/513/331 824/836/645
f 1007/1020/828 311/309/130 1393/1411/1214
f 1007/1020/828 1393/1411/1214 1882/1909/1704
f 2163/2211/1985 2197/2249/2019 2497/2577/2319
f 2197/2249/2019 2198/2250/2020 2497/2577/2319
f 2437/2508/2259 1112/1126/933 2442/2514/2264
f 1112/1126/933 2437/2508/2259 1971/2007/1793
f 1093/1107/914 1128/1142/949 1094/1108/915
f 1094/1108/915 1128/1142/949 2433/2504/2255
f 1628/1649/1449 1291/1306/1112 1293/1308/1114
f 483/483/302 1628/1649/1449 1293/1308/1114
f 1777/1803/1599 363/362/182 561/564/380
f 1778/1804/1600 1777/1803/1599 561/564/380
f 1410/1428/1231 1850/1877/1672 1408/1426/1229
f 1850/1877/1672 1410/1428/1231 1954/1990/1776
f 2099/2143/1921 1146/1160/967 1621/1642/1442
f 1146/1160/967 2099/2143/1921 1147/1161/968
f 1357/1375/1178 1376/1394/1197 1358/1376/1179
f 1288/1303/1109 1376/1394/1197 1357/1375/1178
f 569/572/388 2572/2691/2395 304/302/123
f 569/572/388 568/571/387 2572/2691/2395
f 241/1325/60 1311/1327/1132 907/2612/728
f 907/2612/728 1311/1327/1132 1748/1773/1569
f 1582/1601/1403 555/558/374 2345/2409/2167
f 1068/1082/889 2345/2409/2167 555/558/374
f 2097/2141/1919 523/525/342 1753/1779/1575
f 2097/2141/1919 2096/2140/1918 523/525/342
f 512/513/331 511/512/330 2363/2427/2185
f 666/1739/485 2363/2427/2185 511/512/330
f 472/472/291 492/492/311 798/809/619
f 471/471/290 492/492/311 472/472/291
f 324/323/143 1668/1690/1489 2060/2101/1882
f 324/323/143 2060/2101/1882 2457/2532/2279
f 2130/2177/1952 748/758/569 2128/2175/1950
f 2109/2153/1931 748/758/569 2130/2177/1952
f 2468/2543/2290 2467/2542/2289 1736/1761/1557
f 2467/2542/2289 2520/2610/2342 1736/1761/1557
f 364/363/183 1087/2692/908 1718/2693/1539
f 364/363/183 1085/2547/906 1087/2692/908
f 355/2364/174 1029/2668/850 1513/1531/1334
f 345/344/164 1513/1531/1334 1029/2668/850
f 430/1757/249 1679/1701/1500 2573/2694/2396
f 2222/2274/2044 2223/2275/2045 2492/2570/2314
f 2564/2676/2387 1014/1027/835 609/612/428
f 1851/1878/1673 1014/1027/835 2564/2676/2387
f 747/757/568 2466/2541/2288 748/758/569
f 747/757/568 547/549/366 1921/1948/1743
f 2241/2295/2063 2476/2553/2298 1800/1826/1622
f 2241/2295/2063 1800/1826/1622 2489/2567/2311
f 833/845/654 1669/1691/1490 831/843/652
f 1669/1691/1490 833/845/654 1673/1695/1494
f 1116/1130/937 1305/1320/1126 1560/1579/1381
f 1619/1640/1440 1116/1130/937 1751/1776/1572
f 1586/1606/1407 2044/2085/1866 2043/2084/1865
f 2043/2084/1865 1587/1607/1408 1586/1606/1407
f 928/941/749 2217/2269/2039 929/942/750
f 1951/1987/1773 2292/2350/2114 929/942/750
f 1382/1400/1203 1381/1399/1202 2129/2176/1951
f 2268/2323/2090 1382/1400/1203 2129/2176/1951
f 1037/1050/858 1036/1049/857 1779/1805/1601
f 1037/1050/858 1779/1805/1601 2024/2065/1846
f 638/643/457 2463/2538/2285 2574/2695/2397
f 2463/2538/2285 638/643/457 531/533/350
f 480/480/299 807/819/628 779/2136/600
f 780/818/601 779/2136/600 807/819/628
f 1154/1168/975 1350/1368/1171 1152/1166/973
f 1589/1609/1410 1152/1166/973 1350/1368/1171
f 2324/2387/2146 2323/2386/2145 1782/1808/1604
f 1296/1311/1117 537/539/356 1771/1797/1593
f 2216/2268/2038 1952/1988/1774 1951/1987/1773
f 2217/2269/2039 1951/1987/1773 929/942/750
f 795/806/616 379/378/198 2050/2091/1872
f 674/681/495 379/378/198 795/806/616
f 2574/2695/2397 2440/2511/2262 2407/2471/2229
f 638/643/457 2574/2695/2397 2408/2472/2230
f 1135/1149/956 875/887/696 1907/1934/1729
f 678/685/499 846/858/667 1907/1934/1729
f 2010/2048/1832 1244/1259/1065 2202/2254/2024
f 2008/2046/1830 2010/2048/1832 2202/2254/2024
f 446/446/265 2554/2659/2377 2260/2315/2082
f 2510/2590/2332 2260/2315/2082 2554/2659/2377
f 1904/1931/1726 1902/1929/1724 1905/1932/1727
f 1905/1932/1727 1902/1929/1724 2525/2617/2347
f 1430/1448/1251 596/599/415 1762/1788/1584
f 1762/1788/1584 596/599/415 1764/1790/1586
f 1634/1655/1455 2134/2182/1956 1693/1715/1514
f 928/941/749 1634/1655/1455 1693/1715/1514
f 2287/2345/2109 2289/2347/2111 2306/2367/2128
f 2290/2348/2112 2306/2367/2128 1950/1986/1772
f 2574/2695/2397 575/578/394 1171/1186/992
f 2574/2695/2397 2463/2538/2285 575/578/394
f 1379/1397/1200 1376/1394/1197 1288/1303/1109
f 805/816/626 1379/1397/1200 1288/1303/1109
f 407/406/226 889/901/710 772/782/593
f 770/780/591 772/782/593 889/901/710
f 1702/1724/1523 1687/1709/1508 1686/1708/1507
f 532/534/351 1687/1709/1508 1702/1724/1523
f 1444/1462/1265 219/216/38 565/568/384
f 1444/1462/1265 565/568/384 1445/1463/1266
f 1339/1357/1160 1766/1792/1588 1342/1360/1163
f 665/670/484 1766/1792/1588 1914/1941/1736
f 2332/2395/2154 2575/2696/2398 2337/2400/2159
f 2014/2052/1836 2336/2399/2158 2158/2206/1980
f 186/2682/10 737/2362/558 353/352/172
f 737/2362/558 2140/2188/1962 353/352/172
f 1640/1661/1461 1143/1157/964 275/273/94
f 275/273/94 274/272/93 1640/1661/1461
f 2079/2121/1901 1531/1549/1352 1540/1559/1361
f 2079/2121/1901 1616/1637/1437 1542/1561/1363
f 2256/2311/2078 2257/2312/2079 1173/1188/994
f 2257/2312/2079 2174/2223/1996 2527/2619/2349
f 1764/1790/1586 2007/2045/1829 1762/1788/1584
f 1764/1790/1586 1808/1834/1630 2007/2045/1829
f 2576/2697/2399 2575/2696/2398 2332/2395/2154
f 2159/2207/1981 2576/2697/2399 2332/2395/2154
f 1341/1359/1162 1914/1941/1736 1339/1357/1160
f 1339/1357/1160 1914/1941/1736 1766/1792/1588
f 424/423/243 1085/2547/906 364/363/183
f 1085/2547/906 855/867/676 1464/1482/1285
f 2295/2353/2117 1914/1941/1736 1704/1726/1525
f 1915/1942/1737 665/670/484 2295/2353/2117
f 1425/1443/1246 1139/1153/960 2546/2645/2368
f 406/405/225 1425/1443/1246 407/406/226
f 872/884/693 2118/2162/1940 399/398/218
f 2118/2162/1940 1032/1045/853 1895/1922/1717
f 1704/1726/1525 1915/1942/1737 2295/2353/2117
f 661/666/480 1667/1689/1488 1703/1725/1524
f 1950/1986/1772 2289/2347/2111 1951/1987/1773
f 1950/1986/1772 2306/2367/2128 2289/2347/2111
f 787/798/608 2211/2263/2033 803/814/624
f 2211/2263/2033 1095/1109/916 803/814/624
f 406/405/225 405/404/224 2420/2487/2242
f 2420/2487/2242 405/404/224 2418/2485/2240
f 1961/1997/1783 1338/1356/1159 642/647/461
f 640/645/459 642/647/461 1338/1356/1159
f 244/241/63 1702/1724/1523 1686/1708/1507
f 244/241/63 1686/1708/1507 946/959/767
f 2393/2457/2215 2392/2456/2214 2396/2460/2218
f 2392/2456/2214 418/417/237 2396/2460/2218
f 1528/1546/1349 1345/1363/1166 1529/1547/1350
f 843/855/664 1529/1547/1350 1345/1363/1166
f 1883/1910/1705 2083/2125/1905 632/635/451
f 632/635/451 631/634/450 1885/1912/1707
f 1567/1586/1388 2221/2273/2043 2219/2271/2041
f 1567/1586/1388 695/702/516 694/701/515
f 470/470/289 764/774/585 2467/2542/2289
f 470/470/289 469/469/288 764/774/585
f 2427/2496/2249 943/956/764 946/959/767
f 244/241/63 946/959/767 943/956/764
f 1012/1025/833 1857/1884/1679 2373/2437/2195
f 1857/1884/1679 1012/1025/833 2562/2674/2385
f 2577/2698/2400 1123/1137/944 331/330/150
f 319/318/138 1873/1900/1695 329/328/148
f 1785/1811/1607 1763/1789/1585 1373/1391/1194
f 1786/1812/1608 1785/1811/1607 1373/1391/1194
f 1738/1763/1559 467/467/286 468/468/287
f 467/467/286 2578/2699/2401 2470/2545/2292
f 1416/1434/1237 1419/1437/1240 2000/2038/1822
f 2284/2341/2106 1417/1435/1238 1416/1434/1237
f 1172/1187/993 1239/1254/1060 1242/1257/1063
f 1172/1187/993 401/400/220 1239/1254/1060
f 1362/1380/1183 962/975/783 1365/1383/1186
f 2453/2528/2275 1735/1760/1556 1365/1383/1186
f 329/328/148 331/330/150 330/329/149
f 331/330/150 329/328/148 2577/2698/2400
f 1643/1664/1464 193/193/17 1842/1868/1664
f 1842/1868/1664 193/193/17 860/872/681
f 2214/2266/2036 307/305/126 2150/2198/1972
f 289/641/108 307/305/126 2214/2266/2036
f 1407/1425/1228 858/870/679 1017/1030/838
f 858/870/679 1407/1425/1228 1405/1423/1226
f 722/729/543 721/728/542 1211/1226/1032
f 1209/1224/1030 722/729/543 1211/1226/1032
f 387/386/206 1501/1519/1322 615/618/434
f 388/387/207 387/386/206 615/618/434
f 1931/1963/1753 1675/2700/1496 234/2701/53
f 234/2701/53 233/1966/52 1931/1963/1753
f 2388/2452/2210 2182/2232/2004 2387/2451/2209
f 2387/2451/2209 2182/2232/2004 705/712/526
f 1347/1365/1168 1974/2010/1796 1973/2009/1795
f 1347/1365/1168 1973/2009/1795 398/397/217
f 784/795/605 1569/1588/1390 316/315/135
f 681/688/502 784/795/605 316/315/135
f 1249/1264/1070 689/696/510 2547/2647/2369
f 689/696/510 194/194/18 2547/2647/2369
f 2232/2284/2054 1831/1857/1653 2231/2283/2053
f 1832/1858/1654 2232/2284/2054 2231/2283/2053
f 1703/1725/1524 1915/1942/1737 1704/1726/1525
f 557/560/376 1703/1725/1524 1704/1726/1525
f 251/248/70 1904/1931/1726 230/227/49
f 1904/1931/1726 251/248/70 2165/2213/1987
f 2068/2109/1890 196/196/20 2058/2099/1880
f 2068/2109/1890 2058/2099/1880 2069/2110/1891
f 697/2702/518 699/706/520 698/2513/519
f 1876/1903/1698 699/706/520 697/2702/518
f 1943/1977/1765 968/981/789 2543/2640/2365
f 2543/2640/2365 968/981/789 970/983/791
f 1861/1888/1683 1145/1159/966 377/376/196
f 1861/1888/1683 1860/1887/1682 1145/1159/966
f 1371/1389/1192 1920/1947/1742 1372/1390/1193
f 1920/1947/1742 1786/1812/1608 1372/1390/1193
f 251/248/70 1849/1876/1671 2165/2213/1987
f 1849/1876/1671 1073/1087/894 2165/2213/1987
f 2449/2523/2271 1884/1911/1706 1886/1913/1708
f 1883/1910/1705 1884/1911/1706 1593/1613/1414
f 1861/1888/1683 377/376/196 932/945/753
f 932/945/753 377/376/196 540/542/359
f 1922/1949/1744 1383/1401/1204 952/965/773
f 1922/1949/1744 952/965/773 953/966/774
f 2479/2556/2301 1636/1657/1457 2480/2557/2302
f 2480/2557/2302 1636/1657/1457 2277/2334/2099
f 192/192/16 2018/2058/1840 200/200/24
f 2017/2057/1839 200/200/24 2018/2058/1840
f 1593/1613/1414 2481/2558/2303 657/662/476
f 1593/1613/1414 1884/1911/1706 2449/2523/2271
f 1910/1937/1732 2342/2405/2164 2343/2406/2165
f 846/858/667 2343/2406/2165 1906/1933/1728
f 970/983/791 328/327/147 2539/2636/2361
f 2543/2640/2365 970/983/791 2539/2636/2361
f 1204/1219/1025 1919/1946/1741 1548/1567/1369
f 1548/1567/1369 1547/1566/1368 1204/1219/1025
f 530/532/349 609/612/428 531/533/350
f 609/612/428 2463/2538/2285 531/533/350
f 1115/1129/936 455/455/274 750/760/571
f 455/455/274 2099/2143/1921 750/760/571
f 1465/1483/1286 1899/1926/1721 1900/1927/1722
f 2313/2374/2135 1465/1483/1286 1900/1927/1722
f 2277/2334/2099 581/584/400 2480/2557/2302
f 2480/2557/2302 581/584/400 2005/2043/1827
f 1123/1137/944 1874/1901/1696 1932/1964/1754
f 1123/1137/944 1873/1900/1695 1874/1901/1696
f 2383/2447/2205 1097/1111/918 2323/2386/2145
f 1782/1808/1604 2323/2386/2145 2325/2388/2147
f 552/554/371 732/742/553 2152/2200/1974
f 731/741/552 2152/2200/1974 732/742/553
f 1265/1280/1086 1266/1281/1087 1811/1837/1633
f 1266/1281/1087 1265/1280/1086 1267/1282/1088
f 2245/2299/2067 951/964/772 362/361/181
f 949/962/770 951/964/772 1225/1240/1046
f 664/669/483 2566/2683/2389 665/670/484
f 665/670/484 863/875/684 1766/1792/1588
f 1324/1340/1145 413/412/232 2226/2278/2048
f 2226/2278/2048 413/412/232 990/1003/811
f 2350/2414/2172 508/508/327 2536/2631/2358
f 2350/2414/2172 668/673/487 508/508/327
f 1173/1188/994 2527/2619/2349 974/987/795
f 1173/1188/994 2257/2312/2079 2527/2619/2349
f 1809/1835/1631 1813/1839/1635 1810/1836/1632
f 1266/1281/1087 1268/1283/1089 2548/2650/2370
f 1225/1240/1046 951/964/772 2245/2299/2067
f 1226/1241/1047 1225/1240/1046 2245/2299/2067
f 2082/2124/1904 2081/2123/1903 2227/2279/2049
f 2080/2122/1902 2082/2124/1904 2227/2279/2049
f 2516/2603/2338 2524/2615/2346 2517/2604/2339
f 2517/2604/2339 2524/2615/2346 1833/1859/1655
f 2127/2174/1949 1385/1403/1206 1386/1404/1207
f 2127/2174/1949 1459/1477/1280 1385/1403/1206
f 1726/1749/1547 1191/1206/1012 2536/2631/2358
f 2536/2631/2358 1191/1206/1012 2350/2414/2172
f 2509/2589/2331 1174/1189/995 2256/2311/2078
f 2257/2312/2079 2256/2311/2078 1174/1189/995
f 2495/2703/2317 271/268/90 1099/1113/920
f 686/693/507 2495/2703/2317 734/744/555
f 927/940/748 2456/2531/2278 682/689/503
f 2456/2531/2278 927/940/748 2457/2532/2279
f 1162/1176/983 206/2704/490 245/242/64
f 206/2704/490 205/1777/1573 245/242/64
f 1511/1529/1332 1489/1507/1310 1510/1528/1331
f 1489/1507/1310 1511/1529/1332 1490/1508/1311
f 1191/1206/1012 822/834/643 2349/2413/2171
f 2221/2273/2043 2349/2413/2171 822/834/643
f 2170/2219/1992 898/910/719 1227/1242/1048
f 2226/2278/2048 898/910/719 2170/2219/1992
f 734/744/555 2495/2703/2317 1099/1113/920
f 734/744/555 1099/1113/920 1101/1115/922
f 394/393/213 391/390/210 1252/1267/1073
f 394/393/213 392/391/211 391/390/210
f 1677/2670/1498 551/553/370 360/2669/179
f 1677/1699/1498 360/359/179 359/358/178
f 2032/2073/1854 983/996/804 911/923/732
f 983/996/804 2032/2073/1854 947/960/768
f 1997/2035/1819 800/811/621 1096/1110/917
f 1046/1059/867 800/811/621 1997/2035/1819
f 1055/1069/876 1057/1071/878 2067/2108/1889
f 1031/1044/852 1055/1069/876 2459/2534/2281
f 1797/1823/1619 502/502/321 1166/1181/987
f 503/503/322 502/502/321 2132/2180/1954
f 1959/1995/1781 1957/1993/1779 1956/1992/1778
f 1959/1995/1781 2184/2234/2006 1957/1993/1779
f 2413/2478/2235 1226/1241/1047 2412/2477/2234
f 2413/2478/2235 2412/2477/2234 983/996/804
f 1048/1061/869 1049/1062/870 2326/2389/2148
f 1049/1062/870 1711/1733/1532 2326/2389/2148
f 1676/1698/1497 1677/1699/1498 1042/1055/863
f 1042/1055/863 1674/1696/1495 1676/1698/1497
f 890/902/711 1227/1242/1048 897/909/718
f 2169/2218/1991 1227/1242/1048 890/902/711
f 1797/1823/1619 2579/2705/2402 502/502/321
f 1784/1810/1606 2579/2705/2402 2131/2179/1953
f 1394/1412/1215 1007/1020/828 1882/1909/1704
f 1394/1412/1215 1882/1909/1704 1004/1017/825
f 2123/2167/1945 1277/1292/1098 1279/1294/1100
f 2432/2501/2254 1277/1292/1098 2123/2167/1945
f 333/2309/152 1985/2022/1807 714/721/535
f 335/2520/154 1985/2022/1807 333/2309/152
f 1047/1060/868 1128/1142/949 1127/1141/948
f 1127/1141/948 630/633/449 1047/1060/868
f 1691/1713/1512 2285/2342/2107 2148/2196/1970
f 1693/1715/1514 2285/2342/2107 1691/1713/1512
f 1976/2012/1798 1517/1535/1338 2072/2113/1894
f 1531/1549/1352 1517/1535/1338 1976/2012/1798
f 909/921/730 2412/2477/2234 1223/1238/1044
f 983/996/804 2412/2477/2234 909/921/730
f 2514/2601/2336 229/226/48 1948/1984/1770
f 2514/2601/2336 1948/1984/1770 230/227/49
f 1692/1714/1513 2148/2196/1970 2300/2358/2122
f 2300/2358/2122 2133/2181/1955 1692/1714/1513
f 2267/2322/2089 1923/1950/1745 2268/2323/2090
f 2120/2164/1942 2121/2165/1943 2267/2322/2089
f 1479/1497/1300 2580/2706/2403 2015/2053/1837
f 1577/1596/1398 2580/2706/2403 1200/1215/1021
f 758/768/579 315/2707/134 1837/1863/1659
f 2542/2639/2364 315/2707/134 1384/1402/1205
f 2110/2154/1932 841/853/662 1624/1645/1445
f 488/488/307 841/853/662 2110/2154/1932
f 2120/2164/1942 2268/2323/2090 2129/2176/1951
f 2267/2322/2089 2268/2323/2090 2120/2164/1942
f 1426/2646/1247 2546/2645/2368 403/442/222
f 1138/1152/959 403/442/222 2546/2645/2368
f 911/923/732 910/922/731 2033/2074/1855
f 2032/2073/1854 911/923/732 2033/2074/1855
f 2039/2080/1861 681/2290/502 758/768/579
f 315/2707/134 758/768/579 681/2290/502
f 1130/1144/951 787/798/608 786/797/607
f 1010/1023/831 1130/1144/951 786/797/607
f 2236/2288/2058 2479/2556/2301 2005/2043/1827
f 2007/2045/1829 2236/2288/2058 2005/2043/1827
f 403/442/222 1138/1152/959 443/443/262
f 1138/1152/959 2200/2252/2022 443/443/262
f 2482/2559/2304 2443/2515/2265 1845/1871/1667
f 2482/2559/2304 2450/2524/2272 2443/2515/2265
f 1283/1298/1104 1756/1782/1578 335/2520/154
f 1756/1782/1578 1283/1298/1104 1757/1783/1579
f 2384/2448/2206 918/930/739 2385/2449/2207
f 2270/2325/2092 1415/1433/1236 918/930/739
f 1044/1057/865 1054/1068/875 1039/1052/860
f 1054/1068/875 1661/1682/1482 1039/1052/860
f 2443/2515/2265 2089/2132/1911 1845/1871/1667
f 658/663/477 1845/1871/1667 2089/2132/1911
f 448/448/267 1415/1433/1236 2270/2325/2092
f 448/448/267 1414/1432/1235 1415/1433/1236
f 1120/1134/941 1751/1776/1572 1116/1130/937
f 1751/1776/1572 1120/1134/941 578/581/397
f 2534/2629/2356 2020/2060/1842 2461/2536/2283
f 2020/2060/1842 1996/2034/1818 2461/2536/2283
f 614/617/433 388/387/207 615/618/434
f 614/617/433 1391/1409/1212 1011/1024/832
f 1698/1720/1519 2502/2582/2324 1699/1721/1520
f 2502/2582/2324 2503/2583/2325 1699/1721/1520
f 2053/2094/1875 2055/2096/1877 2027/2068/1849
f 2027/2068/1849 2055/2096/1877 2020/2060/1842
f 2178/2228/2000 1306/1321/1127 2551/2654/2373
f 1396/1414/1217 1306/1321/1127 2178/2228/2000
f 2095/2139/1917 2296/2354/2118 2291/2349/2113
f 2095/2139/1917 1331/1347/1152 2296/2354/2118
f 1572/1591/1393 1553/1572/1374 837/849/658
f 1553/1572/1374 434/433/253 837/849/658
f 1148/1162/969 1147/1161/968 1131/1145/952
f 1148/1162/969 1131/1145/952 1622/1643/1443
f 660/665/479 662/667/481 556/559/375
f 367/366/186 660/665/479 556/559/375
f 2095/2139/1917 2291/2349/2113 1952/1988/1774
f 1952/1988/1774 2291/2349/2113 1950/1986/1772
f 2433/2504/2255 1128/1142/949 1106/1120/927
f 1360/1378/1181 2433/2504/2255 1106/1120/927
f 685/692/506 1935/2178/1757 1664/2708/1485
f 686/693/507 685/692/506 1664/2708/1485
f 2195/2247/2017 677/684/498 1979/2016/1801
f 677/684/498 676/683/497 1979/2016/1801
f 2028/2069/1850 1123/1137/944 1933/1965/1755
f 1933/1965/1755 2568/2685/2391 2028/2069/1850
f 1223/1238/1044 2246/2300/2068 2254/2308/2076
f 2412/2477/2234 2246/2300/2068 1223/1238/1044
f 2125/2169/1947 2126/2170/1948 2405/2469/2227
f 2405/2469/2227 2115/2159/1937 1917/1944/1739
f 1645/1666/1466 731/741/552 1644/1665/1465
f 1645/1666/1466 2152/2200/1974 731/741/552
f 2377/2441/2199 2376/2440/2198 1706/1728/1527
f 1970/2006/1792 1971/2007/1793 243/240/62
f 1843/1869/1665 1250/1265/1071 1251/1266/1072
f 1045/1058/866 1843/1869/1665 2560/2667/2383
f 1223/1238/1044 2254/2308/2076 1184/1199/1005
f 1184/1199/1005 362/361/181 1717/1740/1538
f 925/938/746 773/783/594 926/939/747
f 773/783/594 925/938/746 2049/2090/1871
f 367/366/186 2417/2484/2239 2505/2585/2327
f 2505/2585/2327 2417/2484/2239 2544/2641/2366
f 984/997/805 1431/1449/1252 1224/1239/1045
f 1431/1449/1252 2321/2383/2143 1224/1239/1045
f 1079/1093/900 1460/1478/1281 755/765/576
f 755/765/576 1460/1478/1281 1459/1477/1280
f 675/682/496 2258/2313/2080 676/683/497
f 357/356/176 2258/2313/2080 675/682/496
f 2549/2651/2371 305/2600/124 230/227/49
f 2526/2618/2348 305/2600/124 2549/2651/2371
f 666/1739/485 2180/2709/2002 1827/1853/1649
f 1827/1853/1649 2414/2481/2236 2181/2231/2003
f 2560/2667/2383 691/698/512 801/812/622
f 2560/2667/2383 1843/1869/1665 1251/1266/1072
f 2194/2246/2016 723/730/544 2185/2235/2007
f 2199/2251/2021 2194/2246/2016 2185/2235/2007
f 1852/1879/1674 1851/1878/1673 2282/2339/2104
f 2564/2676/2387 2282/2339/2104 1851/1878/1673
f 920/932/741 1330/1346/1151 923/935/744
f 923/935/744 921/933/742 920/932/741
f 246/243/65 1753/1779/1575 525/527/344
f 245/242/64 1752/1778/1574 246/243/65
f 1245/1260/1066 2272/2327/2094 916/928/737
f 2272/2327/2094 2385/2449/2207 916/928/737
f 691/698/512 2560/2667/2383 1251/1266/1072
f 691/698/512 1251/1266/1072 692/699/513
f 1230/1245/1051 1841/1867/1663 1229/1244/1050
f 1869/1896/1691 1229/1244/1050 1841/1867/1663
f 546/548/365 2500/2580/2322 2121/2165/1943
f 545/547/364 2500/2580/2322 546/548/365
f 258/255/77 276/274/95 256/253/75
f 1304/1319/1125 948/961/769 276/274/95
f 290/288/109 2477/2554/2299 291/289/110
f 1081/1095/902 291/289/110 2477/2554/2299
f 2340/2403/2162 2339/2402/2161 515/516/334
f 2339/2402/2161 2356/2420/2178 2154/2202/1976
f 2416/2483/2238 906/918/727 1490/1508/1311
f 1511/1529/1332 1512/1530/1333 1490/1508/1311
f 1240/1255/1061 2368/2432/2190 2262/2317/2084
f 400/399/219 2368/2432/2190 1240/1255/1061
f 2507/2587/2329 886/898/707 891/903/712
f 1830/1856/1652 891/903/712 886/898/707
f 1080/1094/901 2489/2567/2311 291/289/110
f 338/337/157 2318/2379/2140 2489/2567/2311
f 276/274/95 258/255/77 1304/1319/1125
f 1820/1846/1642 1304/1319/1125 258/255/77
f 2340/2403/2162 2356/2420/2178 2339/2402/2161
f 2340/2403/2162 682/689/503 2356/2420/2178
f 2029/2070/1851 1271/1286/1092 2172/2221/1994
f 2172/2221/1994 1275/1290/1096 1274/1289/1095
f 1694/1716/1515 1668/1690/1489 1327/1343/1148
f 1694/1716/1515 1327/1343/1148 2205/2257/2027
f 266/263/85 2141/2189/1963 227/224/46
f 2142/2190/1964 1254/1269/1075 2276/2333/2098
f 2122/2166/1944 1256/1271/1077 1805/1831/1627
f 2122/2166/1944 745/755/566 1256/1271/1077
f 2540/2637/2362 1887/1914/1709 1866/1893/1688
f 1870/1897/1692 2540/2637/2362 1866/1893/1688
f 1147/1161/968 1133/1147/954 1131/1145/952
f 1147/1161/968 1150/1164/971 1133/1147/954
f 808/820/629 2098/2142/1920 495/495/314
f 495/495/314 2098/2142/1920 496/496/315
f 1615/1636/1436 1555/1574/1376 1554/1573/1375
f 1555/1574/1376 1615/1636/1436 1556/1575/1377
f 266/263/85 1253/1268/1074 1254/1269/1075
f 266/263/85 1254/1269/1075 2141/2189/1963
f 993/1006/814 992/1005/813 2404/2468/2226
f 2402/2466/2224 2404/2468/2226 992/1005/813
f 364/363/183 1718/2693/1539 1717/1740/1538
f 1185/1200/1006 1717/2710/1538 1718/1741/1539
f 1480/1498/1301 646/651/465 975/988/796
f 975/988/796 646/651/465 648/653/467
f 2453/2528/2275 1365/1383/1186 962/975/783
f 2453/2528/2275 962/975/783 961/974/782
f 849/861/670 1483/1501/1304 603/606/422
f 1258/1273/1079 849/861/670 603/606/422
f 1182/2605/1003 1185/1200/1006 914/926/735
f 1185/1200/1006 1182/2605/1003 1717/2710/1538
f 2403/2467/2225 425/424/244 427/426/246
f 2403/2467/2225 790/801/611 425/424/244
f 1427/1445/1248 817/829/638 350/349/169
f 817/829/638 820/832/641 350/349/169
f 776/786/597 1742/1767/1563 1310/1326/1131
f 1310/1326/1131 1742/1767/1563 1311/1327/1132
f 1439/1457/1260 2552/2655/2374 814/826/635
f 814/826/635 2552/2655/2374 815/827/636
f 393/392/212 392/391/211 959/972/780
f 393/392/212 959/972/780 1247/1262/1068
f 1886/1913/1708 2444/2516/2266 2450/2524/2272
f 1885/1912/1707 2444/2516/2266 1886/1913/1708
f 914/926/735 1185/1200/1006 760/770/581
f 759/769/580 914/926/735 760/770/581
f 656/661/475 659/2711/478 654/659/473
f 1594/1614/1415 657/662/476 659/664/478
f 1010/1023/831 785/796/606 388/387/207
f 1010/1023/831 786/797/607 785/796/606
f 499/499/318 966/979/787 500/500/319
f 966/979/787 499/499/318 1640/1661/1461
f 1684/1706/1505 641/646/460 2427/2496/2249
f 1684/1706/1505 1169/1184/990 641/646/460
f 386/385/205 1972/2008/1794 788/799/609
f 785/796/606 1972/2008/1794 386/385/205
f 1979/2016/1801 1980/2017/1802 876/888/697
f 2239/2293/2061 876/888/697 1980/2017/1802
f 526/528/345 2225/2277/2047 299/297/118
f 2225/2277/2047 314/313/133 1570/1589/1391
f 444/444/263 1300/1315/1121 1299/1314/1120
f 1299/1314/1120 361/555/180 444/444/263
f 667/2331/486 1716/1738/1537 1193/1208/1014
f 667/672/486 666/671/485 1716/2712/1537
f 1279/1294/1100 1683/1705/1504 2124/2168/1946
f 1684/1706/1505 2124/2168/1946 1683/1705/1504
f 476/476/295 2486/2564/2308 792/803/613
f 792/803/613 2521/2611/2343 793/804/614
f 1747/1772/1568 1102/1116/923 351/350/170
f 2263/2318/2085 351/350/170 1102/1116/923
f 1237/1252/1058 2335/2398/2157 1006/1019/827
f 1526/1544/1347 1525/1543/1346 2335/2398/2157
f 1569/1588/1390 299/297/118 1570/1589/1391
f 1570/1589/1391 299/297/118 2225/2277/2047
f 2394/2458/2216 2022/2063/1844 2023/2064/1845
f 874/886/695 2022/2063/1844 2394/2458/2216
f 220/217/39 196/196/20 2068/2109/1890
f 2319/2380/2141 196/196/20 220/217/39
f 238/2713/57 1662/2714/1483 1442/1460/1263
f 1662/2714/1483 873/885/694 1926/1953/1748
f 408/2715/227 1334/2658/1155 2016/2573/1838
f 240/237/59 408/407/227 2016/2054/1838
f 1908/1935/1730 255/252/74 1909/1936/1731
f 846/858/667 255/252/74 1908/1935/1730
f 250/247/69 593/596/412 262/259/81
f 262/259/81 248/245/67 250/247/69
f 1525/1543/1346 1006/1019/827 2335/2398/2157
f 1525/1543/1346 1007/1020/828 1006/1019/827
f 2286/2343/2108 576/579/395 1119/1133/940
f 634/637/453 576/579/395 2286/2343/2108
f 1665/1687/1486 989/1002/810 1666/1688/1487
f 899/911/720 1666/1688/1487 660/665/479
f 1282/1297/1103 2422/2491/2244 323/322/142
f 1280/1295/1101 1282/1297/1103 323/322/142
f 223/2664/42 1523/1541/1344 1260/2716/1081
f 622/625/441 624/627/443 1260/2716/1081
f 424/423/243 855/867/676 1085/2547/906
f 424/423/243 423/422/242 855/867/676
f 241/238/60 240/237/59 481/791/300
f 240/237/59 184/184/8 481/791/300
f 1626/1647/1447 1623/1644/1444 845/857/666
f 1623/1644/1444 1626/1647/1447 1624/1645/1445
f 927/940/748 1280/1295/1101 323/322/142
f 1281/1296/1102 1280/1295/1101 927/940/748
f 1971/2007/1793 1706/1728/1527 243/240/62
f 1706/1728/1527 1702/1724/1523 243/240/62
f 338/337/157 2489/2567/2311 1080/1094/901
f 336/335/155 338/337/157 1080/1094/901
f 1523/1541/1344 1524/1542/1345 622/625/441
f 622/625/441 1260/2716/1081 1523/1541/1344
f 2038/2079/1860 385/384/204 832/844/653
f 1297/1312/1118 2038/2079/1860 832/844/653
f 649/654/468 1496/1514/1317 1728/1751/1549
f 649/654/468 1728/1751/1549 650/655/469
f 1852/1879/1674 1879/1906/1701 1854/1881/1676
f 1853/1880/1675 1854/1881/1676 1879/1906/1701
f 1378/1396/1199 1286/1301/1107 1358/1376/1179
f 1286/1301/1107 1105/1119/926 1358/1376/1179
f 753/763/574 1897/1924/1719 1896/1923/1718
f 1958/1994/1780 1896/1923/1718 1897/1924/1719
f 2554/2659/2377 446/446/265 2054/2095/1876
f 445/445/264 2054/2095/1876 446/446/265
f 1524/1542/1345 1258/1273/1079 604/607/423
f 604/607/423 296/294/115 1524/1542/1345
f 1015/1028/836 2209/2261/2031 1018/1031/839
f 1017/1030/838 2209/2261/2031 1015/1028/836
f 2435/2506/2257 1255/1270/1076 1557/1576/1378
f 1255/1270/1076 2293/2351/2115 745/755/566
f 1287/1302/1108 1108/1122/929 465/465/284
f 1836/1862/1658 1287/1302/1108 465/465/284
f 1566/1585/1387 552/554/371 1580/1599/1401
f 552/554/371 2152/2200/1974 1580/1599/1401
f 2378/2442/2200 1596/1616/1417 1584/1604/1405
f 1600/1620/1421 1596/1616/1417 2378/2442/2200
f 1916/1943/1738 1442/1460/1263 1926/1953/1748
f 1662/2714/1483 1926/1953/1748 1442/1460/1263
f 843/855/664 1018/1031/839 1554/1573/1375
f 1554/1573/1375 1555/1574/1376 843/855/664
f 2051/2092/1873 819/831/640 2050/2091/1872
f 2050/2091/1872 819/831/640 1504/1522/1325
f 997/1010/818 872/884/693 225/222/44
f 253/250/72 534/536/353 997/1010/818
f 1757/1783/1579 1758/1784/1580 514/515/333
f 513/514/332 1757/1783/1579 514/515/333
f 1590/1610/1411 1349/1367/1170 1930/1962/1752
f 1588/1608/1409 1590/1610/1411 1930/1962/1752
f 598/601/417 597/600/416 588/591/407
f 1430/1448/1251 598/601/417 588/591/407
f 1018/1031/839 341/340/160 1554/1573/1375
f 1018/1031/839 2209/2261/2031 341/340/160
f 1095/1109/916 1359/1377/1180 804/815/625
f 1095/1109/916 1094/1108/915 1359/1377/1180
f 872/884/693 998/1011/819 1032/1045/853
f 1032/1045/853 2118/2162/1940 872/884/693
f 2217/2269/2039 2215/2267/2037 2216/2268/2038
f 2217/2269/2039 2216/2268/2038 1951/1987/1773
f 1695/1717/1516 2422/2491/2244 832/844/653
f 323/322/142 2422/2491/2244 1695/1717/1516
f 683/690/504 1759/1785/1581 1281/1296/1102
f 514/515/333 1759/1785/1581 683/690/504
f 1347/1365/1168 1520/1538/1341 1974/2010/1796
f 1974/2010/1796 1520/1538/1341 2375/2439/2197
f 570/573/389 1602/1622/1423 2378/2442/2200
f 1486/1504/1307 1602/1622/1423 570/573/389
f 2180/2709/2002 2414/2481/2236 1827/1853/1649
f 2180/2709/2002 2415/2482/2237 2414/2481/2236
f 1017/1030/838 2210/2262/2032 2208/2260/2030
f 620/623/439 2208/2260/2030 2210/2262/2032
f 799/810/620 1137/1151/958 797/808/618
f 797/808/618 1137/1151/958 1746/1771/1567
f 955/968/776 1447/1465/1268 2426/2495/2248
f 955/968/776 954/967/775 1447/1465/1268
f 2144/2192/1966 2145/2193/1967 2113/2157/1935
f 2145/2193/1967 2144/2192/1966 574/577/393
f 544/546/363 2071/2112/1893 571/574/390
f 571/574/390 303/301/122 544/546/363
f 729/737/550 1774/1800/1596 1775/1801/1597
f 1774/1800/1596 729/737/550 1090/2116/911
f 2581/2717/2404 2156/2204/1978 2337/2400/2159
f 2337/2400/2159 2156/2204/1978 1579/1598/1400
f 1734/2718/1555 1063/1077/884 1681/1703/1502
f 1065/2215/886 2561/2673/2384 1734/2718/1555
f 1234/1249/1055 2484/2561/2306 799/810/620
f 2483/2560/2305 2484/2561/2306 1234/1249/1055
f 1487/1505/1308 572/575/391 2071/2112/1893
f 1487/1505/1308 570/573/389 572/575/391
f 2158/2206/1980 2336/2399/2158 2575/2696/2398
f 2336/2399/2158 2156/2204/1978 2581/2717/2404
f 1092/1106/913 1422/1440/1243 562/565/381
f 1092/1106/913 1420/1438/1241 1422/1440/1243
f 877/889/698 2508/2588/2330 2023/2064/1845
f 1538/1557/1359 2508/2588/2330 877/889/698
f 2582/2719/2405 2529/2623/2351 322/321/141
f 797/808/618 2529/2672/2351 2582/2720/2405
f 2166/2214/1988 1064/1078/885 1063/1077/884
f 749/759/570 751/761/572 1064/1078/885
f 882/894/703 1190/1205/1011 2090/2133/1912
f 1505/1523/1326 1190/1205/1011 882/894/703
f 860/872/681 859/871/680 1508/1526/1329
f 1506/1524/1327 1508/1526/1329 859/871/680
f 728/735/549 1089/1103/910 1088/1102/909
f 1088/1102/909 1090/1104/911 729/2721/550
f 2166/2214/1988 749/759/570 1064/1078/885
f 1535/1553/1356 749/759/570 2166/2214/1988
f 879/891/700 2239/2293/2061 2238/2292/2060
f 2239/2293/2061 879/891/700 876/888/697
f 985/998/806 948/961/769 594/597/413
f 985/998/806 947/960/768 948/961/769
f 358/357/177 1134/1148/955 1458/1476/1279
f 1458/1476/1279 1134/1148/955 940/953/761
f 1315/1331/1136 2441/2512/2263 558/561/377
f 1314/1330/1135 2441/2512/2263 1315/1331/1136
f 1966/2002/1788 2327/2390/2149 2528/2622/2350
f 1967/2003/1789 2327/2390/2149 1966/2002/1788
f 1196/1211/1017 1384/1402/1205 312/310/131
f 1196/1211/1017 312/310/131 1197/1212/1018
f 1313/1329/1134 1312/1328/1133 1314/1330/1135
f 1313/1329/1134 1314/1330/1135 1934/1967/1756
f 2184/2234/2006 2198/2250/2020 2199/2251/2021
f 1023/1036/844 2199/2251/2021 2198/2250/2020
f 498/498/317 282/280/101 284/282/103
f 498/498/317 2275/2332/2097 282/280/101
f 376/375/195 1767/1793/1589 1769/1795/1591
f 2327/2390/2149 1767/1793/1589 2530/2624/2352
f 2074/2115/1896 2519/2609/2341 189/189/13
f 191/191/15 1939/1973/1761 2074/2115/1896
f 747/757/568 1921/1948/1743 2466/2541/2288
f 2466/2541/2288 1921/1948/1743 2120/2164/1942
f 1100/1114/921 2075/2117/1897 1101/1115/922
f 1100/1114/921 1104/1118/925 2075/2117/1897
f 430/429/249 2573/2722/2396 428/427/247
f 2492/2570/2314 2223/2275/2045 2573/2722/2396
f 1208/1223/1029 1440/1458/1261 1642/1663/1463
f 2138/2186/1960 1208/1223/1029 2139/2187/1961
f 728/735/549 729/2721/550 184/736/8
f 728/735/549 1088/1102/909 729/2721/550
f 2223/2275/2045 908/920/729 428/427/247
f 2573/2722/2396 2223/2275/2045 428/427/247
f 878/890/699 874/886/695 879/891/700
f 2022/2063/1844 874/886/695 878/890/699
f 538/540/357 672/679/493 2168/2217/1990
f 2583/2723/2406 1098/1112/919 538/540/357
f 1920/1947/1742 1375/1393/1196 507/507/326
f 1375/1393/1196 505/505/324 507/507/326
f 2179/2229/2001 2551/2654/2373 1307/1322/1128
f 1306/1321/1127 1307/1322/1128 2551/2654/2373
f 285/2381/104 287/510/106 2320/2382/2142
f 287/510/106 509/509/328 2320/2382/2142
f 1765/1791/1587 866/878/687 1491/1509/1312
f 1491/1509/1312 1035/1048/856 1343/1361/1164
f 191/191/15 2074/2115/1896 189/189/13
f 2017/2057/1839 191/191/15 189/189/13
f 221/218/40 2068/2109/1890 1775/1801/1597
f 563/566/382 221/218/40 1775/1801/1597
f 1230/1245/1051 2518/2608/2340 1051/1064/872
f 1841/1867/1663 1230/1245/1051 1051/1064/872
f 2322/2385/2144 1962/1998/1784 1620/1641/1441
f 1962/1998/1784 1117/1131/938 1620/1641/1441
f 2325/2388/2147 1097/1111/918 490/490/309
f 2325/2388/2147 2323/2386/2145 1097/1111/918
f 2017/2057/1839 188/188/12 1794/1820/1616
f 189/189/13 188/188/12 2017/2057/1839
f 1798/1824/1620 1166/1181/987 2557/2662/2380
f 583/586/402 2235/2287/2057 2557/2662/2380
f 2516/2603/2338 1778/1804/1600 560/563/379
f 2516/2603/2338 560/563/379 559/562/378
f 1495/1513/1316 1507/1525/1328 1889/1916/1711
f 1889/1916/1711 1507/1525/1328 1890/1917/1712
f 1765/1791/1587 1491/1509/1312 1343/1361/1164
f 1343/1361/1164 862/874/683 1765/1791/1587
f 2021/2062/1843 2395/2459/2217 2264/2319/2086
f 2266/2321/2088 2264/2319/2086 2395/2459/2217
f 2139/2187/1961 1216/1231/1037 2137/2185/1959
f 2137/2185/1959 1216/1231/1037 1218/1233/1039
f 2063/2104/1885 2062/2103/1884 2064/2105/1886
f 2504/2584/2326 1297/1312/1118 2062/2103/1884
f 2562/2674/2385 2564/2676/2387 608/611/427
f 2564/2676/2387 609/612/428 608/611/427
f 1808/1834/1630 1807/1833/1629 2235/2287/2057
f 1798/1824/1620 2557/2662/2380 2235/2287/2057
f 1461/1479/1282 1215/1230/1036 2307/2368/2129
f 2307/2368/2129 790/801/611 1461/1479/1282
f 1353/1371/1174 1558/1577/1379 1351/1369/1172
f 1351/1369/1172 1558/1577/1379 2329/2392/2151
f 2376/2440/2198 530/532/349 532/534/351
f 608/611/427 530/532/349 1858/1885/1680
f 2428/2497/2250 2169/2218/1991 2499/2579/2321
f 2499/2579/2321 2169/2218/1991 890/902/711
f 1068/1082/889 2397/2461/2219 1537/1556/1358
f 1069/1083/890 2397/2461/2219 1068/1082/889
f 763/773/584 1760/1786/1582 761/771/582
f 1760/1786/1582 763/773/584 1262/1277/1083
f 938/951/759 1458/1476/1279 1075/1089/896
f 1075/1089/896 1458/1476/1279 940/953/761
f 513/514/332 515/516/334 826/838/647
f 515/516/334 2339/2402/2161 826/838/647
f 875/887/696 678/685/499 1907/1934/1729
f 2367/2431/2189 678/685/499 875/887/696
f 833/845/654 1656/1677/1477 1673/1695/1494
f 1673/1695/1494 1656/1677/1477 1671/1693/1492
f 2138/2186/1960 1325/1341/1146 793/804/614
f 1325/1341/1146 1214/1229/1035 1213/1228/1034
f 2580/2706/2403 1479/1497/1300 1198/1213/1019
f 1198/1213/1019 1200/1215/1021 2580/2706/2403
f 730/740/551 1643/1664/1464 731/741/552
f 1643/1664/1464 730/740/551 733/743/554
f 678/685/499 421/420/240 844/856/665
f 1626/1647/1447 844/856/665 421/420/240
f 1577/1596/1398 2156/2204/1978 2015/2053/1837
f 2015/2053/1837 2580/2706/2403 1577/1596/1398
f 1819/1845/1641 1801/1827/1623 987/1000/808
f 1819/1845/1641 986/999/807 1801/1827/1623
f 313/312/132 214/209/32 269/266/88
f 213/2724/2407 212/210/33 214/209/32
f 1272/1287/1093 320/319/139 322/321/141
f 1121/1135/942 320/319/139 2030/2071/1852
f 898/910/719 1665/1687/1486 899/911/720
f 1665/1687/1486 1666/1688/1487 899/911/720
f 2401/2465/2223 1892/1919/1714 1498/1516/1319
f 1498/1516/1319 1537/1556/1358 2401/2465/2223
f 941/954/762 1893/1920/1715 2386/2450/2208
f 1893/1920/1715 941/954/762 1135/1149/956
f 2190/2242/2012 1860/1887/1682 1984/2021/1806
f 1880/1907/1702 1145/1159/966 1860/1887/1682
f 2029/2070/1851 2030/2071/1852 1272/1287/1093
f 320/319/139 1272/1287/1093 2030/2071/1852
f 1891/1918/1713 1889/1916/1711 651/656/470
f 651/656/470 653/658/472 1727/1750/1548
f 1585/1605/1406 1586/1606/1407 568/571/387
f 568/571/387 567/570/386 1585/1605/1406
f 2297/2355/2119 2305/2366/2127 2298/2356/2120
f 2305/2366/2127 2306/2367/2128 2290/2348/2112
f 214/209/32 215/212/34 1020/1033/841
f 215/212/34 431/430/250 1020/1033/841
f 2296/2354/2118 919/931/740 2288/2346/2110
f 2289/2347/2111 2288/2346/2110 1949/1985/1771
f 1727/1750/1548 1498/1516/1319 1891/1918/1713
f 1891/1918/1713 651/656/470 1727/1750/1548
f 573/576/392 575/578/394 2463/2538/2285
f 2462/2537/2284 573/576/392 2463/2538/2285
f 2096/2140/1918 526/528/345 298/296/117
f 526/528/345 2096/2140/1918 210/207/30
f 697/704/518 429/428/248 409/408/228
f 697/704/518 409/408/228 1875/1902/1697
f 600/2725/419 602/2726/421 624/627/443
f 624/2591/443 602/2592/421 185/185/9
f 493/493/312 371/370/190 373/372/192
f 493/493/312 1721/1744/1542 371/370/190
f 1661/1682/1482 524/526/343 260/257/79
f 1661/1682/1482 260/257/79 1039/1052/860
f 489/489/308 1232/1247/1053 1202/1217/1023
f 490/490/309 489/489/308 1202/1217/1023
f 2009/2047/1831 2357/2421/2179 1522/1540/1343
f 2357/2421/2179 2009/2047/1831 2351/2415/2173
f 484/484/303 654/659/473 1847/2727/1669
f 484/484/303 1847/2727/1669 1110/2621/931
f 426/425/245 1439/1457/1260 2076/2118/1898
f 426/425/245 2076/2118/1898 427/426/246
f 2399/2463/2221 2206/2258/2028 2398/2462/2220
f 263/260/82 2399/2463/2221 2119/2163/1941
f 1848/1875/1670 938/951/759 252/249/71
f 232/229/51 1848/1875/1670 252/249/71
f 930/943/751 1730/1754/1551 828/840/649
f 829/841/650 828/840/649 1730/1754/1551
f 1558/1577/1379 1353/1371/1174 1559/1578/1380
f 1353/1371/1174 2439/2510/2261 1559/1578/1380
f 1610/2644/1431 226/223/45 1609/1630/1430
f 600/603/419 1610/2644/1431 1609/1630/1430
f 2230/2282/2052 1296/1311/1117 368/367/187
f 2230/2282/2052 535/537/354 1296/1311/1117
f 1532/1550/1353 2361/2425/2183 1533/1551/1354
f 1533/1551/1354 2361/2425/2183 1615/1636/1436
f 600/2725/419 624/627/443 623/626/442
f 1610/1631/1431 600/2725/419 623/626/442
f 2104/2148/1926 2105/2149/1927 2107/2151/1929
f 2107/2151/1929 2105/2149/1927 895/907/716
f 1919/1946/1741 2498/2578/2320 2405/2469/2227
f 1919/1946/1741 1233/1248/1054 2498/2578/2320
f 1126/1140/947 2567/2684/2390 664/669/483
f 664/669/483 663/668/482 1126/1140/947
f 1070/1084/891 616/619/435 618/621/437
f 2380/2444/2202 1070/1084/891 1069/1083/890
f 2304/2365/2126 949/962/770 1225/1240/1046
f 2321/2383/2143 949/962/770 2304/2365/2126
f 1647/1668/1468 1631/1652/1452 1637/1658/1458
f 1630/1651/1451 1631/1652/1452 1647/1668/1468
f 1969/2005/1791 1546/1565/1367 1968/2004/1790
f 1546/1565/1367 2116/2160/1938 1968/2004/1790
f 652/657/471 1890/1917/1712 2571/2690/2394
f 2571/2690/2394 1407/1425/1228 652/657/471
f 2380/2444/2202 1645/1666/1466 616/619/435
f 1070/1084/891 2380/2444/2202 616/619/435
f 587/590/406 950/963/771 949/962/770
f 2278/2335/2100 950/963/771 587/590/406
f 1349/1367/1170 1351/1369/1172 2329/2392/2151
f 1349/1367/1170 1911/1938/1733 1930/1962/1752
f 1432/1450/1253 1960/2127/1782 2085/2728/1907
f 1433/1451/1254 1432/1450/1253 2085/2728/1907
f 2251/2305/2073 986/999/807 203/204/27
f 2251/2305/2073 203/204/27 202/203/26
f 1122/2729/943 471/471/290 321/1752/140
f 2568/2686/2391 471/471/290 1122/2729/943
f 2465/2540/2287 777/787/598 2366/2430/2188
f 2465/2540/2287 1291/1306/1112 777/787/598
f 582/585/401 2278/2335/2100 587/590/406
f 581/584/400 2278/2335/2100 582/585/401
f 1108/1122/929 1871/1898/1693 463/463/282
f 1289/1304/1110 1357/1375/1178 1871/1898/1693
f 2524/2615/2346 1780/1806/1602 1834/1860/1656
f 1779/1805/1601 2155/2203/1977 1780/1806/1602
f 2333/2396/2155 2337/2400/2159 1579/1598/1400
f 1578/1597/1399 2333/2396/2155 1579/1598/1400
f 1241/1256/1062 1240/1255/1061 2262/2317/2084
f 2261/2316/2083 1243/1258/1064 2262/2317/2084
f 1873/1900/1695 1123/1137/944 2577/2698/2400
f 1873/1900/1695 2577/2698/2400 329/328/148
f 440/439/259 1235/1250/1056 1005/1018/826
f 1235/1250/1056 1006/1019/827 1005/1018/826
f 607/610/426 606/609/425 2114/2158/1936
f 606/609/425 2112/2156/1934 2114/2158/1936
f 197/197/21 2471/2548/2293 193/193/17
f 197/197/21 200/200/24 2472/2549/2294
f 1161/1175/982 873/885/694 974/987/795
f 873/885/694 1161/1175/982 1926/1953/1748
f 392/391/211 957/970/778 959/972/780
f 392/391/211 2541/2638/2363 957/970/778
f 1239/1254/1060 1241/1256/1062 1243/1258/1064
f 1241/1256/1062 2262/2317/2084 1243/1258/1064
f 2242/2296/2064 1320/1336/1141 1321/1337/1142
f 2242/2296/2064 1742/1767/1563 1320/1336/1141
f 605/608/424 1409/1427/1230 1565/1584/1386
f 606/609/425 605/608/424 1565/1584/1386
f 2398/2462/2220 1040/1053/861 593/596/412
f 593/596/412 2399/2463/2221 2398/2462/2220
f 2004/2042/1826 2160/2208/1982 2539/2636/2361
f 2160/2208/1982 2004/2042/1826 2161/2209/1983
f 2386/2450/2208 1909/1936/1731 254/251/73
f 2183/2233/2005 2386/2450/2208 254/251/73
f 1810/1836/1632 702/709/523 1250/1265/1071
f 1250/1265/1071 1811/1837/1633 1810/1836/1632
f 1320/1336/1141 482/482/301 410/409/229
f 410/409/229 482/482/301 484/484/303
f 1815/1841/1637 1824/1850/1646 1168/1183/989
f 1815/1841/1637 1168/1183/989 1276/1291/1097
f 995/1008/816 1114/1128/935 1110/1124/931
f 994/1007/815 1114/1128/935 995/1008/816
f 1250/1265/1071 1844/1870/1666 1811/1837/1633
f 1811/1837/1633 1844/1870/1666 1265/1280/1086
f 2290/2348/2112 2291/2349/2113 2298/2356/2120
f 2298/2356/2120 2305/2366/2127 2290/2348/2112
f 1834/1860/1656 2478/2555/2300 1776/1802/1598
f 1780/1806/1602 2155/2203/1977 1834/1860/1656
f 867/879/688 442/441/261 443/443/262
f 867/879/688 1472/1490/1293 1471/1489/1292
f 802/813/623 2136/2184/1958 1573/1592/1394
f 802/813/623 1571/1590/1392 2136/2184/1958
f 2574/2695/2397 1171/1186/992 2440/2511/2262
f 1171/1186/992 1823/1849/1645 2440/2511/2262
f 1515/1533/1336 2383/2447/2205 441/440/260
f 441/440/260 440/439/259 1515/1533/1336
f 2083/2125/1905 1853/1880/1675 632/635/451
f 1411/1429/1232 1853/1880/1675 2083/2125/1905
f 239/236/58 1749/2730/1570 1332/2241/1153
f 1749/1774/1570 1333/1349/1154 1332/1348/1153
f 1834/1860/1656 2155/2203/1977 2478/2555/2300
f 2155/2203/1977 853/865/674 2478/2555/2300
f 2472/2549/2294 2471/2548/2293 197/197/21
f 1754/1780/1576 2471/2548/2293 2472/2549/2294
f 1583/1603/1404 2086/2129/1908 520/522/339
f 520/522/339 2086/2129/1908 1084/1098/905
f 1290/1305/1111 2464/2539/2286 806/817/627
f 806/817/627 2464/2539/2286 780/818/601
f 269/266/88 1019/1032/840 270/267/89
f 214/209/32 1019/1032/840 269/266/88
f 750/760/571 1680/1702/1501 751/761/572
f 1682/1704/1503 751/761/572 1680/1702/1501
f 1591/1611/1412 1694/1716/1515 2205/2257/2027
f 1591/1611/1412 2205/2257/2027 1330/1346/1151
f 1301/1316/1122 1317/1333/1138 1164/1179/985
f 1164/1179/985 1299/1314/1120 1301/1316/1122
f 1075/1089/896 2253/2307/2075 1076/1090/897
f 2253/2307/2075 2244/2298/2066 1076/1090/897
f 1175/1190/996 2261/2316/2083 1158/1172/979
f 1175/1190/996 1158/1172/979 1451/1469/1272
f 1736/1761/1557 1995/2033/1817 2468/2543/2290
f 1995/2033/1817 470/470/289 2468/2543/2290
f 286/284/105 1682/1704/1503 1680/1702/1501
f 1682/1704/1503 286/284/105 1681/1703/1502
f 2345/2409/2167 1068/1082/889 2036/2077/1858
f 2345/2409/2167 2036/2077/1858 2584/2731/2408
f 1672/1694/1493 1671/1693/1492 1658/1679/1479
f 1672/1694/1493 1658/1679/1479 2301/2359/2123
f 2324/2387/2146 1782/1808/1604 1771/1797/1593
f 1772/1798/1594 1771/1797/1593 1782/1808/1604
f 1633/1654/1454 516/517/335 518/519/337
f 518/519/337 517/518/336 2275/2332/2097
f 888/900/709 972/985/793 973/986/794
f 972/985/793 2531/2625/2353 973/986/794
f 2435/2506/2257 1257/1272/1078 2293/2351/2115
f 2293/2351/2115 1255/1270/1076 2435/2506/2257
f 1771/1797/1593 537/539/356 2324/2387/2146
f 536/538/355 2324/2387/2146 537/539/356
f 1680/1702/1501 1622/1643/1443 286/284/105
f 286/284/105 1622/1643/1443 1131/1145/952
f 183/183/7 1549/1568/1370 1534/1552/1355
f 613/616/432 1550/1569/1371 1549/1568/1370
f 998/1011/819 1030/1043/851 1032/1045/853
f 1030/1043/851 998/1011/819 1055/1069/876
f 1633/1654/1454 2275/2332/2097 1690/1712/1511
f 2275/2332/2097 1633/1654/1454 518/519/337
f 2406/2470/2228 912/924/733 759/769/580
f 912/924/733 2406/2470/2228 272/270/91
f 1741/1766/1562 477/477/296 476/476/295
f 477/477/296 1741/1766/1562 812/824/633
f 1479/1497/1300 1492/1510/1313 1198/1213/1019
f 1493/1511/1314 1492/1510/1313 1479/1497/1300
f 1639/1660/1460 2173/2222/1995 1143/1157/964
f 2173/2222/1995 1639/1660/1460 1263/1278/1084
f 754/764/575 1903/1930/1725 752/762/573
f 1903/1930/1725 754/764/575 1896/1923/1718
f 2063/2104/1885 1285/1300/1106 2504/2584/2326
f 2063/2104/1885 2504/2584/2326 2062/2103/1884
f 1089/1103/910 727/734/548 1194/2384/1015
f 1194/2384/1015 727/734/548 184/736/8
f 261/258/80 1818/1844/1640 248/245/67
f 261/258/80 248/245/67 262/259/81
f 2219/2271/2041 695/702/516 1567/1586/1388
f 695/702/516 2219/2271/2041 1469/1487/1290
f 915/927/736 2143/2191/1965 1245/1260/1066
f 2143/2191/1965 2272/2327/2094 1245/1260/1066
f 1104/1118/925 1424/1442/1245 2263/2318/2085
f 1424/1442/1245 351/350/170 2263/2318/2085
f 1172/1187/993 1242/1257/1063 2509/2589/2331
f 2509/2589/2331 1242/1257/1063 1174/1189/995
f 1270/1285/1091 1649/1670/1470 545/547/364
f 1270/1285/1091 545/547/364 547/549/366
f 1852/1879/1674 2282/2339/2104 2283/2340/2105
f 1852/1879/1674 2283/2340/2105 1879/1906/1701
f 2345/2409/2167 2584/2731/2408 2346/2410/2168
f 2238/2292/2060 2237/2291/2059 2584/2731/2408
f 1374/1392/1195 1393/1411/1214 311/309/130
f 311/309/130 310/308/129 1374/1392/1195
f 2041/2082/1863 1177/1192/998 1189/1204/1010
f 2042/2083/1864 2041/2082/1863 1189/1204/1010
f 2299/2357/2121 2148/2196/1970 2146/2194/1968
f 2148/2196/1970 2299/2357/2121 2300/2358/2122
f 2313/2374/2135 903/915/724 181/181/5
f 902/914/723 181/181/5 903/915/724
f 447/447/266 1361/1379/1182 1414/1432/1235
f 959/972/780 1361/1379/1182 447/447/266
f 2237/2291/2059 2346/2410/2168 2584/2731/2408
f 2249/2303/2071 2346/2410/2168 2237/2291/2059
f 2500/2580/2322 1383/1401/1204 2121/2165/1943
f 2267/2322/2089 2121/2165/1943 1383/1401/1204
f 2042/2083/1864 397/396/216 2040/2081/1862
f 397/396/216 2042/2083/1864 1189/1204/1010
f 893/905/714 449/449/268 2390/2454/2212
f 2390/2454/2212 449/449/268 2270/2325/2092
f 1601/1621/1422 1597/1617/1418 1596/1616/1417
f 1598/1960/1419 1597/1617/1418 1601/1621/1422
f 2490/2568/2312 1500/1518/1321 1836/1862/1658
f 1836/1862/1658 465/465/284 1835/1861/1657
f 1688/1710/1509 2473/2550/2295 1689/1711/1510
f 1688/1710/1509 639/644/458 2473/2550/2295
f 1898/1925/1720 2184/2234/2006 1959/1995/1781
f 1897/1924/1719 1898/1925/1720 1959/1995/1781
f 2311/2372/2133 1691/1713/1512 1701/1723/1522
f 2312/2373/2134 1701/1723/1522 2411/2476/2233
f 1050/1063/871 1870/1897/1692 1841/1867/1663
f 1870/1897/1692 1050/1063/871 2540/2637/2362
f 1208/1223/1029 1642/1663/1463 2139/2187/1961
f 2139/2187/1961 1642/1663/1463 1216/1231/1037
f 2473/2550/2295 2432/2501/2254 1689/1711/1510
f 1689/1711/1510 2432/2501/2254 1685/1707/1506
f 1593/1613/1414 2449/2523/2271 2481/2558/2303
f 2481/2558/2303 2449/2523/2271 2450/2524/2272
f 2190/2242/2012 1880/1907/1702 1860/1887/1682
f 2190/2242/2012 2452/2527/2274 1880/1907/1702
f 291/289/110 2100/2144/1922 278/276/97
f 278/276/97 2100/2144/1922 279/277/98
f 322/321/141 1729/1753/1550 2582/2719/2405
f 797/808/618 2582/2720/2405 473/473/292
f 1463/1481/1284 1466/1484/1287 2315/2376/2137
f 1463/1481/1284 2315/2376/2137 1464/1482/1285
f 1321/1337/1142 2379/2443/2201 2243/2297/2065
f 1761/1787/1583 2379/2443/2201 1321/1337/1142
f 293/291/112 1587/1607/1408 1988/2026/1810
f 1988/2026/1810 1587/1607/1408 2043/2084/1865
f 2390/2454/2212 2270/2325/2092 2384/2448/2206
f 2270/2325/2092 918/930/739 2384/2448/2206
f 2157/2205/1979 1575/1594/1396 1574/1593/1395
f 2002/2040/1824 2157/2205/1979 1574/1593/1395
f 1373/1391/1194 1763/1789/1585 2553/2657/2376
f 2553/2657/2376 1763/1789/1585 596/599/415
f 1060/1074/881 1062/1076/883 1061/1075/882
f 412/411/231 1060/1074/881 1061/1075/882
f 1885/1912/1707 1884/1911/1706 1883/1910/1705
f 1883/1910/1705 632/635/451 1885/1912/1707
f 2312/2373/2134 2311/2372/2133 1701/1723/1522
f 2312/2373/2134 327/326/146 2311/2372/2133
f 2451/2526/2273 1739/1764/1560 924/937/745
f 2451/2526/2273 924/937/745 1723/1746/1544
f 1079/1093/900 383/382/202 1460/1478/1281
f 1155/1169/976 383/382/202 1079/1093/900
f 2570/2689/2393 1563/1582/1384 2348/2412/2170
f 2348/2412/2170 2347/2411/2169 2570/2689/2393
f 238/2713/57 1442/1460/1263 648/653/467
f 238/2713/57 648/653/467 236/2598/55
f 1991/2029/1813 1042/1055/863 359/358/178
f 359/358/178 361/360/180 1991/2029/1813
f 2245/2299/2067 362/361/181 2254/2308/2076
f 2254/2308/2076 362/361/181 1184/1199/1005
f 1572/1591/1393 837/849/658 1552/1571/1373
f 1572/1591/1393 1552/1571/1373 1551/1570/1372
f 1772/1798/1594 2448/2522/2270 2445/2517/2267
f 2448/2522/2270 1953/1989/1775 2446/2518/2268
f 1757/1783/1579 513/514/332 327/326/146
f 2311/2372/2133 327/326/146 513/514/332
f 2550/2653/2372 2002/2040/1824 1574/1593/1395
f 1186/1201/1007 2002/2040/1824 2550/2653/2372
f 2025/2066/1847 1344/1362/1165 1037/1050/858
f 1344/1362/1165 1038/1051/859 1037/1050/858
f 1901/1928/1723 1124/1138/945 2410/2475/2232
f 852/864/673 1901/1928/1723 2410/2475/2232
f 1772/1798/1594 490/490/309 1953/1989/1775
f 1953/1989/1775 2448/2522/2270 1772/1798/1594
f 2413/2478/2235 947/960/768 984/997/805
f 984/997/805 1224/1239/1045 2413/2478/2235
f 924/937/745 926/939/747 1724/1747/1545
f 1724/1747/1545 926/939/747 890/902/711
f 478/478/297 790/801/611 1462/1480/1283
f 1462/1480/1283 790/801/611 2307/2368/2129
f 340/339/159 2106/2150/1928 894/906/715
f 895/907/716 894/906/715 2106/2150/1928
f 742/752/563 640/645/459 1338/1356/1159
f 742/752/563 2207/2259/2029 640/645/459
f 1438/2480/1259 964/977/785 1792/1818/1614
f 1791/1817/1613 1438/2480/1259 1792/1818/1614
f 2109/2153/1931 2130/2177/1952 2111/2155/1933
f 2109/2153/1931 2111/2155/1933 1132/1146/953
f 1947/1982/1769 1391/1409/1212 1009/1983/830
f 1947/1982/1769 2434/2505/2256 1391/1409/1212
f 1986/2023/1808 1179/1194/1000 1181/1196/1002
f 1986/2023/1808 1177/1192/998 1179/1194/1000
f 1809/1835/1631 1811/1837/1633 2548/2650/2370
f 1268/1283/1089 1809/1835/1631 2548/2650/2370
f 381/380/200 380/379/199 1476/1494/1297
f 1199/1214/1020 1476/1494/1297 380/379/199
f 2576/2697/2399 2158/2206/1980 2575/2696/2398
f 2158/2206/1980 2576/2697/2399 2159/2207/1981
f 1618/1639/1439 671/678/492 1918/1945/1740
f 2483/2560/2305 671/678/492 2484/2561/2306
f 568/571/387 294/292/113 2572/2691/2395
f 2572/2732/2395 294/1353/113 2514/2601/2336
f 1976/2012/1798 2072/2113/1894 1595/1615/1416
f 2072/2113/1894 2073/2114/1895 1595/1615/1416
f 2423/2492/2245 2308/2369/2130 2309/2370/2131
f 2419/2486/2241 2423/2492/2245 1368/1386/1189
f 2234/2286/2056 585/588/404 2479/2556/2301
f 1636/1657/1457 2479/2556/2301 585/588/404
f 1820/1846/1642 595/598/414 1304/1319/1125
f 1820/1846/1642 1165/1180/986 595/598/414
f 233/1966/52 1932/1964/1754 1931/1963/1753
f 233/1966/52 1123/1137/944 1932/1964/1754
f 1918/1945/1740 2483/2560/2305 1233/1248/1054
f 671/678/492 2483/2560/2305 1918/1945/1740
f 1450/1468/1271 1468/1486/1289 1448/1466/1269
f 1468/1486/1289 1142/1156/963 1084/1098/905
f 2251/2305/2073 202/203/26 1569/1588/1390
f 1569/1588/1390 202/203/26 299/297/118
f 2150/2198/1972 306/304/125 981/994/802
f 307/305/126 306/304/125 2150/2198/1972
f 2447/2521/2269 1770/1796/1592 2445/2517/2267
f 2445/2517/2267 2448/2522/2270 2447/2521/2269
f 1436/1454/1257 1142/1156/963 1450/1468/1271
f 1450/1468/1271 1142/1156/963 1468/1486/1289
f 1745/1770/1566 342/341/161 1179/1194/1000
f 1053/1066/874 1745/1770/1566 457/2502/276
f 863/875/684 665/670/484 2566/2683/2389
f 2566/2683/2389 864/876/685 863/875/684
f 2544/2641/2366 2417/2484/2239 740/750/561
f 740/750/561 2531/2625/2353 2544/2641/2366
f 1083/2733/904 1696/2546/1517 1464/1482/1285
f 1083/2733/904 1464/1482/1285 259/256/78
f 1599/1961/1420 1600/1620/1421 222/1624/41
f 1599/1961/1420 1601/1621/1422 1600/1620/1421
f 2364/2428/2186 1449/1467/1270 2365/2429/2187
f 1436/1454/1257 1450/1468/1271 1449/1467/1270
f 895/907/716 880/892/701 896/908/717
f 880/892/701 2090/2133/1912 896/908/717
f 1367/1385/1188 2052/2607/1874 1366/1384/1187
f 1367/1385/1188 456/1067/275 2052/2607/1874
f 611/614/430 1115/1129/936 612/615/431
f 611/614/430 2559/2666/2382 1115/1129/936
f 2424/2493/2246 597/600/416 599/602/418
f 597/600/416 2369/2433/2191 1937/1971/1759
f 464/464/283 1608/1629/1429 1456/1474/1277
f 1608/1629/1429 464/464/283 1607/1628/1428
f 1624/1645/1445 1626/1647/1447 1625/1646/1446
f 1625/1646/1446 2110/2154/1932 1624/1645/1445
f 1349/1367/1170 2329/2392/2151 1911/1938/1733
f 1911/1938/1733 2329/2392/2151 1912/1939/1734
f 1723/1746/1544 1426/2646/1247 2451/2526/2273
f 1426/2646/1247 1723/1746/1544 1425/1443/1246
f 2081/2123/1903 2381/2445/2203 2228/2280/2050
f 2228/2280/2050 2227/2279/2049 2081/2123/1903
f 2578/2699/2401 1995/2033/1817 2470/2545/2292
f 1994/2032/1816 2470/2545/2292 1995/2033/1817
f 1038/1051/859 1343/1361/1164 1035/1048/856
f 1344/1362/1165 1343/1361/1164 1038/1051/859
f 253/250/72 225/222/44 254/251/73
f 997/1010/818 225/222/44 253/250/72
f 768/778/589 1482/1500/1303 2102/2146/1924
f 2102/2146/1924 1482/1500/1303 356/355/175
f 706/713/527 2193/2245/2015 1023/1036/844
f 706/713/527 1023/1036/844 704/711/525
f 1500/1518/1321 1981/2018/1803 521/523/340
f 521/523/340 1981/2018/1803 453/453/272
f 2578/2699/2401 467/467/286 1738/1763/1559
f 1995/2033/1817 2578/2699/2401 1738/1763/1559
f 2503/2583/2325 1402/1420/1223 1699/1721/1520
f 1400/1418/1221 1402/1420/1223 2503/2583/2325
f 1737/1762/1558 356/355/175 1482/1500/1303
f 1737/1762/1558 2520/2610/2342 356/355/175
f 2097/2141/1919 1753/1779/1575 1752/1778/1574
f 1753/1779/1575 246/243/65 1752/1778/1574
f 2104/2148/1926 2161/2209/1983 2003/2041/1825
f 330/329/149 2003/2041/1825 2161/2209/1983
f 2037/2078/1859 2035/2076/1857 1537/1556/1358
f 2037/2078/1859 1538/1557/1359 2035/2076/1857
f 2193/2245/2015 723/730/544 2194/2246/2016
f 723/730/544 2193/2245/2015 706/713/527
f 2562/2674/2385 1856/1883/1678 2282/2339/2104
f 2562/2674/2385 1012/1025/833 1856/1883/1678
f 1826/1852/1648 1436/1454/1257 2364/2428/2186
f 1449/1467/1270 2364/2428/2186 1436/1454/1257
f 1097/1111/918 1002/1015/823 1783/1809/1605
f 1783/1809/1605 1002/1015/823 1990/2028/1812
f 1478/1496/1299 1493/1511/1314 1479/1497/1300
f 836/848/657 1493/1511/1314 1478/1496/1299
f 1653/1674/1474 1504/1522/1325 2229/2281/2051
f 2229/2281/2051 1504/1522/1325 818/830/639
f 2377/2441/2199 1706/1728/1527 1971/2007/1793
f 2373/2437/2195 2377/2441/2199 1971/2007/1793
f 2365/2429/2187 1449/1467/1270 1448/1466/1269
f 1448/1466/1269 1469/1487/1290 2365/2429/2187
f 1359/1377/1180 1360/1378/1181 1378/1396/1199
f 1286/1301/1107 1378/1396/1199 1360/1378/1181
f 1641/1662/1462 1865/1892/1687 967/980/788
f 1641/1662/1462 1793/1819/1615 1865/1892/1687
f 567/570/386 569/572/388 303/301/122
f 303/301/122 571/574/390 567/570/386
f 1990/2028/1812 1002/1015/823 1863/1890/1685
f 1990/2028/1812 1863/1890/1685 1862/1889/1684
f 974/987/795 2527/2619/2349 1159/1173/980
f 974/987/795 1159/1173/980 1161/1175/982
f 2459/2534/2281 2067/2108/1889 1868/1895/1690
f 2067/2108/1889 2459/2534/2281 1055/1069/876
f 2175/2224/1997 2474/2551/2296 811/823/632
f 2175/2224/1997 811/823/632 280/936/99
f 618/621/437 1495/1513/1316 1071/1085/892
f 1071/1085/892 1070/1084/891 618/621/437
f 1804/1830/1626 1803/1829/1625 2281/2338/2103
f 1805/1831/1627 2207/2259/2029 1803/1829/1625
f 1334/2658/1155 1679/1701/1500 2496/2576/2318
f 1678/1700/1499 2496/2576/2318 1679/1701/1500
f 2338/2401/2160 1720/1743/1541 637/642/456
f 2338/2401/2160 637/642/456 492/492/311
f 1268/1283/1089 1813/1839/1635 1809/1835/1631
f 1877/1904/1699 1813/1839/1635 1268/1283/1089
f 2149/2197/1971 306/304/125 308/306/127
f 2149/2197/1971 308/306/127 1473/1491/1294
f 1639/1660/1460 2046/2087/1868 1604/1625/1425
f 1604/1625/1425 2046/2087/1868 2045/2086/1867
f 1924/2626/1746 2044/2085/1866 1928/1958/1750
f 1925/1952/1747 1928/1958/1750 2044/2085/1866
f 2281/2338/2103 2207/2259/2029 742/752/563
f 1803/1829/1625 2207/2259/2029 2281/2338/2103
f 475/475/294 812/824/633 2474/2551/2296
f 2474/2551/2296 812/824/633 811/823/632
f 1466/1484/1287 2314/2375/2136 2315/2376/2137
f 1465/1483/1286 2314/2375/2136 1466/1484/1287
f 2166/2214/1988 1063/1077/884 2561/2673/2384
f 1734/2718/1555 2561/2673/2384 1063/1077/884
f 422/421/241 363/362/182 1777/1803/1599
f 363/362/182 422/421/241 364/363/183
f 1568/1587/1389 2350/2414/2172 2220/2272/2042
f 2220/2272/2042 2350/2414/2172 2349/2413/2171
f 1824/1850/1646 1336/1354/1157 1168/1183/989
f 1824/1850/1646 642/647/461 1336/1354/1157
f 2164/2212/1986 2162/2210/1984 752/762/573
f 752/762/573 2162/2210/1984 753/763/574
f 840/852/661 2535/2630/2357 2358/2422/2180
f 2535/2630/2357 692/699/513 2358/2422/2180
f 1875/2671/1697 1876/1903/1698 697/2702/518
f 242/239/61 1876/1903/1698 1875/2671/1697
f 2579/2705/2402 2132/2180/1954 502/502/321
f 2132/2180/1954 2579/2705/2402 506/506/325
f 1941/1975/1763 968/981/789 1943/1977/1765
f 2558/2663/2381 1943/1977/1765 1940/1974/1762
f 2051/2092/1873 684/691/505 820/832/641
f 2051/2092/1873 820/832/641 819/831/640
f 224/221/43 1433/2013/1254 2183/2233/2005
f 254/251/73 224/221/43 2183/2233/2005
f 1650/1671/1471 1651/1672/1472 503/503/322
f 2132/2180/1954 1650/1671/1471 503/503/322
f 1086/1100/907 1144/1158/965 2501/2581/2323
f 2501/2581/2323 1719/1742/1540 1086/1100/907
f 305/2600/124 304/2734/123 2514/2601/2336
f 2572/2732/2395 2514/2601/2336 304/2734/123
f 1942/1976/1764 1938/1972/1760 1943/1977/1765
f 1944/1978/1766 1938/1972/1760 1942/1976/1764
f 816/828/637 2374/2438/2196 1901/1928/1723
f 816/828/637 902/914/723 2374/2438/2196
f 1269/1284/1090 1151/1165/972 1456/1474/1277
f 1151/1165/972 1269/1284/1090 1149/1163/970
f 1139/1153/960 1425/1443/1246 406/405/225
f 406/405/225 2420/2487/2242 1139/1153/960
f 2574/2695/2397 2407/2471/2229 2408/2472/2230
f 2407/2471/2229 639/644/458 2408/2472/2230
f 1453/1471/1274 1451/1469/1272 1157/1171/978
f 976/989/797 1453/1471/1274 1157/1171/978
f 1530/1548/1351 1556/1575/1377 2353/2417/2175
f 2361/2425/2183 2353/2417/2175 1556/1575/1377
f 458/458/277 474/474/293 2585/2735/2409
f 474/474/293 458/458/277 457/457/276
f 2164/2212/1986 1903/1930/1725 1904/1931/1726
f 1904/1931/1726 2165/2213/1987 2164/2212/1986
f 2442/2514/2264 1112/1126/933 994/1007/815
f 2443/2515/2265 2442/2514/2264 994/1007/815
f 355/2364/174 1025/1038/846 736/2363/557
f 186/186/10 355/354/174 736/746/557
f 1917/1944/1739 1548/1567/1369 2117/2161/1939
f 2117/2161/1939 2405/2469/2227 1917/1944/1739
f 2330/2393/2152 840/852/661 839/851/660
f 1571/1590/1392 839/851/660 1553/1572/1374
f 2585/2736/2409 474/2597/293 2512/2595/2334
f 643/648/462 645/650/464 2512/2595/2334
f 2265/2320/2087 420/419/239 2264/2319/2086
f 421/420/240 420/419/239 1627/1648/1448
f 1205/1220/1026 2530/2624/2352 376/375/195
f 376/375/195 2530/2624/2352 1767/1793/1589
f 2585/2736/2409 2512/2595/2334 645/650/464
f 458/2596/277 2585/2736/2409 645/650/464
f 2381/2445/2203 2224/2276/2046 2228/2280/2050
f 2093/2137/1915 2224/2276/2046 2381/2445/2203
f 1283/1298/1104 2065/2106/1887 1758/1784/1580
f 1758/1784/1580 2065/2106/1887 1759/1785/1581
f 2430/2499/2252 1447/1465/1268 1445/1463/1266
f 1445/1463/1266 564/567/383 2430/2499/2252
f 1934/1967/1756 365/364/184 1313/1329/1134
f 2389/2453/2211 365/364/184 1934/1967/1756
f 437/436/256 1825/1851/1647 1945/1979/1767
f 2255/2310/2077 715/722/536 437/436/256
f 996/1009/817 995/1008/816 1846/1873/1668
f 2088/2131/1910 994/1007/815 996/1009/817
f 1840/1866/1662 2093/2137/1915 2381/2445/2203
f 1839/1865/1661 2093/2137/1915 1840/1866/1662
f 1663/1685/1484 686/2737/507 1664/1686/1485
f 2495/2575/2317 686/2737/507 1663/1685/1484
f 2255/2310/2077 1945/1979/1767 390/1981/209
f 1945/1979/1767 2255/2310/2077 437/436/256
f 1013/1026/834 1012/1025/833 2371/2435/2193
f 2444/2516/2266 1013/1026/834 2371/2435/2193
f 473/473/292 1729/2738/1550 321/1752/140
f 473/473/292 2582/2720/2405 1729/2738/1550
f 187/187/11 189/189/13 857/869/678
f 856/868/677 187/187/11 857/869/678
f 839/851/660 1571/1590/1392 2330/2393/2152
f 690/697/511 2330/2393/2152 1571/1590/1392
f 628/631/447 1965/2001/1787 1964/2000/1786
f 1965/2001/1787 1130/1144/951 1964/2000/1786
f 202/203/26 2522/2613/2344 298/296/117
f 523/525/342 298/296/117 2522/2613/2344
f 1846/1873/1668 2088/2131/1910 996/1009/817
f 658/663/477 2088/2131/1910 1846/1873/1668
f 1012/1025/833 2373/2437/2195 2372/2436/2194
f 2372/2436/2194 2373/2437/2195 2437/2508/2259
f 1136/1150/957 2493/2571/2315 1427/1445/1248
f 1136/1150/957 1698/1720/1519 2493/2571/2315
f 1253/1268/1074 1248/1263/1069 893/905/714
f 447/447/266 893/905/714 1248/1263/1069
f 653/658/472 652/657/471 1016/1029/837
f 1016/1029/837 650/655/469 653/658/472
f 813/825/634 2494/2574/2316 2451/2526/2273
f 813/825/634 1740/1765/1561 2494/2574/2316
f 2376/2440/2198 1858/1885/1680 530/532/349
f 2373/2437/2195 1858/1885/1680 2376/2440/2198
f 2262/2317/2084 1480/1498/1301 1156/1170/977
f 1480/1498/1301 1157/1171/978 1156/1170/977
f 1532/1550/1353 2354/2418/2176 1975/2011/1797
f 1976/2012/1798 1975/2011/1797 2354/2418/2176
f 249/246/68 1818/1844/1640 589/592/408
f 249/246/68 248/245/67 1818/1844/1640
f 2556/2661/2379 2555/2660/2378 522/524/341
f 522/524/341 2559/2666/2382 2556/2661/2379
f 1977/2014/1799 717/724/538 719/726/540
f 1295/1310/1116 718/725/539 717/724/538
f 2070/2111/1892 543/545/362 1788/1814/1610
f 543/545/362 2071/2112/1893 544/546/363
f 1506/1524/1327 1406/1424/1227 2571/2690/2394
f 2571/2690/2394 1406/1424/1227 1407/1425/1228
f 1700/1722/1521 796/807/617 1654/1675/1475
f 1700/1722/1521 1654/1675/1475 1502/1520/1323
f 2071/2112/1893 2070/2111/1892 1487/1505/1308
f 2070/2111/1892 2071/2112/1893 543/545/362
f 2092/2135/1914 2091/2134/1913 2090/2133/1912
f 2092/2135/1914 884/896/705 2091/2134/1913
f 1428/1446/1249 1502/1520/1323 1429/1447/1250
f 1700/1722/1521 1502/1520/1323 1428/1446/1249
f 1515/1533/1336 1003/1016/824 2383/2447/2205
f 1097/1111/918 2383/2447/2205 1003/1016/824
f 2510/2590/2332 2554/2659/2377 1302/1317/1123
f 1317/1333/1138 2510/2590/2332 1302/1317/1123
f 1977/2014/1799 1978/2015/1800 1295/1310/1116
f 1295/1310/1116 717/724/538 1977/2014/1799
f 264/640/83 636/639/455 1720/1743/1541
f 233/2687/52 264/640/83 1720/1743/1541
f 207/2739/2375 208/675/489 216/213/35
f 216/213/35 209/211/29 207/2739/2375
f 534/536/353 1348/1366/1169 1056/1070/877
f 998/1011/819 534/536/353 1056/1070/877
f 892/904/713 915/927/736 917/929/738
f 917/929/738 769/779/590 892/904/713
f 2253/2307/2075 2252/2306/2074 2244/2298/2066
f 2387/2451/2209 2244/2298/2066 2252/2306/2074
f 1435/1453/1256 850/862/671 2084/2126/1906
f 1435/1453/1256 2084/2126/1906 1432/1450/1253
f 1307/1322/1128 2455/2530/2277 2179/2229/2001
f 1561/1580/1382 2179/2229/2001 2455/2530/2277
f 999/1012/820 836/848/657 1478/1496/1299
f 1001/1014/822 999/1012/820 1478/1496/1299
f 228/225/47 915/927/736 892/904/713
f 2141/2189/1963 915/927/736 228/225/47
f 1949/1985/1771 919/931/740 1000/1013/821
f 2288/2346/2110 919/931/740 1949/1985/1771
f 2441/2512/2263 1312/1328/1133 556/559/375
f 1314/1330/1135 1312/1328/1133 2441/2512/2263
f 284/282/103 283/281/102 1592/1612/1413
f 284/282/103 1592/1612/1413 497/497/316
f 1544/1563/1365 982/995/803 1545/1564/1366
f 2545/2642/2367 1545/1564/1366 982/995/803
f 429/428/248 698/705/519 430/429/249
f 430/1757/249 698/2513/519 1021/1034/842
f 485/485/304 487/487/306 486/486/305
f 485/485/304 1496/1514/1317 487/487/306
f 2415/2482/2237 2180/2709/2002 1828/2479/1650
f 2415/2482/2237 1828/2479/1650 1791/1817/1613
f 2342/2405/2164 1135/1149/956 1906/1933/1728
f 1906/1933/1728 2343/2406/2165 2342/2405/2164
f 662/667/481 557/560/376 556/559/375
f 662/667/481 1703/1725/1524 557/560/376
f 432/431/251 227/224/46 1678/1700/1499
f 433/432/252 432/431/251 1678/1700/1499
f 1565/1584/1386 1564/1583/1385 1796/1822/1618
f 1564/1583/1385 2112/2156/1934 1796/1822/1618
f 597/600/416 2424/2493/2246 2369/2433/2191
f 2006/2044/1828 2369/2433/2191 2424/2493/2246
f 733/743/554 1677/2670/1498 1675/2700/1496
f 1931/1963/1753 733/743/554 1675/2700/1496
f 519/1555/338 259/256/78 1534/1552/1355
f 1549/1568/1370 519/1555/338 1534/1552/1355
f 580/583/399 2369/2433/2191 2370/2434/2192
f 2370/2434/2192 2005/2043/1827 580/583/399
f 2141/2189/1963 2142/2190/1964 915/927/736
f 2141/2189/1963 1254/1269/1075 2142/2190/1964
f 335/334/154 782/793/603 2218/2270/2040
f 1283/1298/1104 335/2520/154 2218/2519/2040
f 1789/1815/1611 1773/1799/1595 850/862/671
f 850/862/671 1435/1453/1256 1789/1815/1611
f 2215/2267/2037 1731/1755/1552 1732/1756/1553
f 1329/1345/1150 1731/1755/1552 1613/1634/1434
f 2250/2304/2072 2248/2302/2070 676/683/497
f 2249/2303/2071 2248/2302/2070 2250/2304/2072
f 190/190/14 318/317/137 191/191/15
f 190/190/14 1931/1963/1753 318/317/137
f 235/232/54 2206/2258/2028 263/260/82
f 2206/2258/2028 2399/2463/2221 263/260/82
f 2491/2569/2313 1220/1235/1041 1222/1237/1043
f 2491/2569/2313 1455/1473/1276 1220/1235/1041
f 1074/1088/895 1022/1035/843 1072/1086/893
f 1072/1086/893 1022/1035/843 1024/1037/845
f 1660/1681/1481 1043/1056/864 1992/2030/1814
f 1992/2030/1814 1043/1056/864 1042/1055/863
f 1613/1634/1434 1731/1755/1552 2215/2267/2037
f 1611/1632/1432 1613/1634/1434 2215/2267/2037
f 735/745/556 1747/1772/1568 1027/1040/848
f 1747/1772/1568 2140/2188/1962 1027/1040/848
f 1457/1475/1278 1220/1235/1041 1455/1473/1276
f 1457/1475/1278 1455/1473/1276 1456/1474/1277
f 1789/1815/1611 1434/1452/1255 295/293/114
f 725/732/546 295/293/114 1434/1452/1255
f 656/2473/475 1594/1614/1415 659/664/478
f 1592/1612/1413 1594/1614/1415 656/2473/475
f 2159/2207/1981 1578/1597/1399 2322/2385/2144
f 1575/1594/1396 2157/2205/1979 2159/2207/1981
f 432/431/251 267/264/86 227/224/46
f 267/264/86 266/263/85 227/224/46
f 354/2649/173 346/345/165 1028/2740/849
f 1029/2668/850 1028/2740/849 346/345/165
f 511/512/330 510/511/329 1715/1737/1536
f 1715/1737/1536 510/511/329 1193/1208/1014
f 2196/2248/2018 378/377/197 377/376/196
f 271/2563/90 378/377/197 2196/2248/2018
f 2485/2562/2307 1329/1345/1150 1613/1634/1434
f 1613/1634/1434 2457/2532/2279 2485/2562/2307
f 1658/1679/1479 1657/1678/1478 2438/2509/2260
f 1657/1678/1478 1078/1092/899 2438/2509/2260
f 1990/2028/1812 1983/2020/1805 2488/2566/2310
f 2488/2566/2310 1983/2020/1805 538/540/357
f 1368/1386/1189 2423/2492/2245 2309/2370/2131
f 712/719/533 1368/1386/1189 2309/2370/2131
f 2159/2207/1981 2322/2385/2144 1575/1594/1396
f 2322/2385/2144 1619/1640/1440 1575/1594/1396
f 1323/1339/1144 789/800/610 791/802/612
f 789/800/610 1323/1339/1144 1213/1228/1034
f 2265/2320/2087 1627/1648/1448 420/419/239
f 1625/1646/1446 1627/1648/1448 2265/2320/2087
f 759/769/580 1326/1342/1147 1318/1334/1139
f 1319/1335/1140 1318/1334/1139 1326/1342/1147
f 1954/1990/1776 607/610/426 1014/1027/835
f 1954/1990/1776 605/608/424 607/610/426
f 1274/1289/1095 1273/1288/1094 2029/2070/1851
f 2172/2221/1994 1274/1289/1095 2029/2070/1851
f 961/974/782 2534/2629/2356 2461/2536/2283
f 2019/2059/1841 2534/2629/2356 961/974/782
f 1836/1862/1658 1835/1861/1657 2490/2568/2312
f 2490/2568/2312 1835/1861/1657 2491/2569/2313
f 1214/1229/1035 2138/2186/1960 2137/2185/1959
f 1325/1341/1146 2138/2186/1960 1214/1229/1035
f 845/857/666 2047/2088/1869 846/858/667
f 845/857/666 1623/1644/1444 1519/1537/1340
f 2427/2496/2249 946/959/767 945/958/766
f 945/958/766 1684/1706/1505 2427/2496/2249
f 1562/1581/1383 1120/1134/941 1560/1579/1381
f 1120/1134/941 1116/1130/937 1560/1579/1381
f 1459/1477/1280 756/766/577 755/765/576
f 1459/1477/1280 2127/2174/1949 756/766/577
f 2131/2179/1953 2579/2705/2402 1797/1823/1619
f 2131/2179/1953 1797/1823/1619 1787/1813/1609
f 1540/1559/1361 1616/1637/1437 2079/2121/1901
f 1616/1637/1437 1540/1559/1361 1539/1558/1360
f 1519/1537/1340 1347/1365/1168 2047/2088/1869
f 845/857/666 1519/1537/1340 2047/2088/1869
f 2506/2633/2328 2409/2678/2231 496/496/315
f 2506/2633/2328 496/496/315 2537/2634/2359
f 2284/2341/2106 1416/1434/1237 2000/2038/1822
f 1199/1214/1020 2284/2341/2106 2000/2038/1822
f 210/311/30 213/2724/2407 313/312/132
f 313/312/132 213/2724/2407 214/209/32
f 958/971/779 1303/1318/1124 2053/2094/1875
f 957/970/778 1303/1318/1124 958/971/779
f 1781/1807/1603 2524/2615/2346 2516/2603/2338
f 1781/1807/1603 1780/1806/1602 2524/2615/2346
f 2538/2635/2360 644/649/463 1033/1046/854
f 2523/2614/2345 1366/1384/1187 2586/2741/2410
f 506/506/325 2579/2705/2402 1784/1810/1606
f 1786/1812/1608 506/506/325 1784/1810/1606
f 1271/1286/1092 882/894/703 881/893/702
f 1271/1286/1092 881/893/702 2172/2221/1994
f 2230/2282/2052 869/881/690 2513/2599/2335
f 1472/1490/1293 2513/2599/2335 869/881/690
f 2575/2696/2398 2581/2717/2404 2337/2400/2159
f 2336/2399/2158 2581/2717/2404 2575/2696/2398
f 2040/2081/1862 396/395/215 883/895/704
f 1976/2012/1798 883/895/704 396/395/215
f 1807/1833/1629 1798/1824/1620 2235/2287/2057
f 1787/1813/1609 1798/1824/1620 1807/1833/1629
f 301/299/120 1201/1216/1022 2001/2039/1823
f 1201/1216/1022 1477/1495/1298 2001/2039/1823
f 1887/1914/1709 2523/2614/2345 2538/2635/2360
f 2523/2614/2345 2586/2741/2410 2538/2635/2360
f 1652/1673/1473 2240/2294/2062 310/308/129
f 1374/1392/1195 310/308/129 2240/2294/2062
f 601/1684/420 348/347/167 1664/1686/1485
f 601/604/420 1664/1968/1485 602/605/421
f 334/333/153 333/332/152 389/388/208
f 783/794/604 334/333/153 389/388/208
f 1878/1905/1700 1877/1904/1699 2587/2742/2411
f 2326/2389/2148 1878/1905/1700 1048/1061/869
f 2586/2741/2410 1366/1384/1187 644/649/463
f 2538/2635/2360 2586/2741/2410 644/649/463
f 1703/1725/1524 1667/1689/1488 1915/1942/1737
f 1667/1689/1488 663/668/482 1915/1942/1737
f 419/418/238 678/685/499 2367/2431/2189
f 419/418/238 2367/2431/2189 2021/2062/1843
f 1679/1701/1500 1334/2658/1155 2492/2743/2314
f 2492/2743/2314 2573/2694/2396 1679/1701/1500
f 1048/1061/869 1878/1905/1700 2587/2742/2411
f 2587/2742/2411 1877/1904/1699 1267/1282/1088
f 1053/1066/874 343/342/162 342/341/161
f 342/341/161 1745/1770/1566 1053/1066/874
f 1544/1563/1365 1967/2003/1789 1969/2005/1791
f 1546/1565/1367 1969/2005/1791 1967/2003/1789
f 1732/1756/1553 2094/2138/1916 2095/2139/1917
f 1329/1345/1150 2094/2138/1916 1732/1756/1553
f 1667/1689/1488 661/666/480 1666/1688/1487
f 660/665/479 1666/1688/1487 661/666/480
f 1048/1061/869 1267/1282/1088 1264/1279/1085
f 2587/2742/2411 1267/1282/1088 1048/1061/869
f 183/183/7 182/182/6 613/616/432
f 183/183/7 613/616/432 1549/1568/1370
f 2411/2476/2233 1701/1723/1522 1690/1712/1511
f 2275/2332/2097 2411/2476/2233 1690/1712/1511
f 1837/1863/1659 315/2707/134 2542/2639/2364
f 1385/1403/1206 1837/1863/1659 2542/2639/2364
f 1289/1304/1110 1871/1898/1693 1108/1122/929
f 1289/1304/1110 1108/1122/929 1287/1302/1108
f 1790/1816/1612 963/976/784 967/980/788
f 1790/1816/1612 967/980/788 1865/1892/1687
f 2555/2660/2378 611/614/430 610/613/429
f 610/613/429 613/616/432 2555/2660/2378
f 2168/2217/1990 2583/2723/2406 538/540/357
f 491/491/310 1098/1112/919 2583/2723/2406
f 865/877/686 2077/2119/1899 1125/1139/946
f 1124/1138/945 1125/1139/946 2077/2119/1899
f 404/403/223 442/2171/261 1471/2172/1292
f 867/879/688 1471/1489/1292 442/441/261
f 2532/2627/2354 2402/2466/2224 992/1005/813
f 415/414/234 2402/2466/2224 2532/2627/2354
f 937/950/758 2565/2680/2388 352/351/171
f 963/976/784 2565/2680/2388 937/950/758
f 1839/1865/1661 1140/1154/961 1141/1155/962
f 2093/2137/1915 1839/1865/1661 1141/1155/962
f 613/616/432 610/613/429 2588/2744/2412
f 612/615/431 2588/2744/2412 610/613/429
f 2486/2564/2308 2521/2611/2343 792/803/613
f 2521/2611/2343 2486/2564/2308 2487/2565/2309
f 454/454/273 1222/1237/1043 2099/2143/1921
f 454/454/273 2491/2569/2313 1222/1237/1043
f 971/984/792 1941/1975/1763 2558/2663/2381
f 1941/1975/1763 1943/1977/1765 2558/2663/2381
f 2036/2077/1858 879/891/700 2238/2292/2060
f 2238/2292/2060 2584/2731/2408 2036/2077/1858
f 1106/1120/927 1096/1110/917 1107/1121/928
f 1606/1627/1427 1107/1121/928 1096/1110/917
f 2126/2170/1948 373/372/192 2115/2159/1937
f 2126/2170/1948 2115/2159/1937 2405/2469/2227
f 613/616/432 2588/2744/2412 1550/1569/1371
f 612/615/431 1550/1569/1371 2588/2744/2412
f 614/617/433 1011/1024/832 388/387/207
f 1010/1023/831 388/387/207 1011/1024/832
f 989/1002/810 991/1004/812 663/668/482
f 991/1004/812 1126/1140/947 663/668/482
f 491/491/310 2168/2217/1990 489/489/308
f 2168/2217/1990 491/491/310 2583/2723/2406
f 1361/1379/1182 1362/1380/1183 1414/1432/1235
f 1364/1382/1185 1414/1432/1235 1362/1380/1183
f 2558/2663/2381 2429/2498/2251 971/984/792
f 2429/2498/2251 317/316/136 971/984/792
f 2563/2675/2386 708/715/529 707/714/528
f 2563/2675/2386 2382/2446/2204 708/715/529
f 1963/1999/1785 1395/1413/1216 1387/1405/1208
f 1963/1999/1785 1199/1214/1020 1395/1413/1216
f 1490/1508/1311 1512/1530/1333 2416/2483/2238
f 2316/2377/2138 2416/2483/2238 1512/1530/1333
f 1004/1017/825 2452/2527/2274 1864/1891/1686
f 1864/1891/1686 2452/2527/2274 2190/2242/2012
f 593/596/412 590/593/409 591/594/410
f 590/593/409 592/595/411 591/594/410
f 2421/2616/2243 305/2600/124 2526/2618/2348
f 2421/2616/2243 2526/2618/2348 1958/1994/1780
f 1324/1340/1145 2328/2391/2150 413/412/232
f 791/802/612 2328/2391/2150 1324/1340/1145
f 1963/1999/1785 1387/1405/1208 1117/1131/938
f 1117/1131/938 1387/1405/1208 1389/1407/1210
f 208/675/489 670/677/491 2541/2638/2363
f 2541/2638/2363 670/677/491 957/970/778
f 210/311/30 209/211/29 212/210/33 213/2724/2407
f 206/2704/490 208/2745/489 207/2656/2375 205/1777/1573
usemtl Wick
f 2589/2746/2413 2590/2747/2414 2591/2748/2415
f 2592/2749/2416 2590/2747/2414 2593/2750/2417
f 2594/2751/2418 2595/2752/2419 2596/2753/2420
f 2597/2754/2421 2598/2755/2422 2599/2756/2423
f 2600/2757/2424 2601/2758/2425 2602/2759/2426
f 2603/2760/2427 2604/2761/2428 2605/2762/2429
f 2606/2763/2430 2589/2746/2413 2591/2748/2415
f 2607/2764/2431 2608/2765/2432 2609/2766/2433
f 2610/2767/2434 2611/2768/2435 2612/2769/2436
f 2613/2770/2437 2614/2771/2438 2615/2772/2439
f 2616/2773/2440 2617/2774/2441 2618/2775/2442
f 2616/2773/2440 2619/2776/2443 2617/2774/2441
f 2620/2777/2444 2592/2749/2416 2593/2750/2417
f 2621/2778/2445 2622/2779/2446 2623/2780/2447
f 2597/2754/2421 2599/2756/2423 2596/2781/2420
f 2622/2779/2446 2620/2782/2444 2593/2783/2417
f 2600/2757/2424 2624/2784/2448 2625/2785/2449
f 2625/2785/2449 2626/2786/2450 2613/2770/2437
f 2627/2787/2451 2628/2788/2452 2629/2789/2453
f 2630/2790/2454 2631/2791/2455 2628/2788/2452
f 2600/2757/2424 2632/2792/2456 2624/2784/2448
f 2596/2781/2420 2595/2793/2419 2597/2754/2421
f 2611/2768/2435 2630/2790/2454 2612/2769/2436
f 2630/2790/2454 2611/2768/2435 2617/2774/2441
f 2599/2794/2423 2619/2776/2443 2596/2753/2420
f 2616/2773/2440 2596/2753/2420 2619/2776/2443
f 2630/2790/2454 2633/2795/2457 2612/2769/2436
f 2612/2769/2436 2602/2759/2426 2610/2767/2434
f 2592/2749/2416 2591/2748/2415 2590/2747/2414
f 2634/2796/2458 2607/2797/2431 2635/2798/2459
f 2604/2761/2428 2614/2771/2438 2605/2762/2429
f 2636/2799/2460 2637/2800/2461 2638/2801/2462
f 2620/2782/2444 2622/2779/2446 2621/2778/2445
f 2607/2797/2431 2634/2796/2458 2639/2802/2463
f 2610/2767/2434 2613/2770/2437 2618/2775/2442
f 2613/2770/2437 2640/2803/2464 2618/2775/2442
f 2599/2756/2423 2633/2795/2457 2627/2787/2451
f 2619/2804/2443 2599/2756/2423 2627/2787/2451
f 2637/2805/2461 2641/2806/2465 2642/2807/2466
f 2643/2808/2467 2614/2771/2438 2644/2809/2468
f 2645/2810/2469 2632/2792/2456 2646/2811/2470
f 2632/2792/2456 2645/2810/2469 2647/2812/2471
f 2591/2748/2415 2635/2813/2459 2607/2764/2431
f 2607/2764/2431 2609/2766/2433 2591/2748/2415
f 2627/2787/2451 2622/2779/2446 2648/2814/2472
f 2629/2789/2453 2622/2779/2446 2627/2787/2451
f 2626/2786/2450 2625/2785/2449 2624/2784/2448
f 2644/2809/2468 2614/2771/2438 2636/2799/2460
f 2617/2774/2441 2589/2746/2413 2630/2790/2454
f 2630/2790/2454 2589/2746/2413 2606/2763/2430
f 2646/2811/2470 2603/2815/2427 2605/2816/2429
f 2642/2817/2466 2641/2818/2465 2643/2819/2467
f 2629/2789/2453 2628/2788/2452 2631/2791/2455
f 2623/2780/2447 2606/2763/2430 2591/2748/2415
f 2649/2820/2473 2650/2821/2474 2604/2761/2428
f 2651/2822/2475 2613/2770/2437 2615/2772/2439
f 2591/2748/2415 2609/2766/2433 2623/2780/2447
f 2609/2766/2433 2621/2778/2445 2623/2780/2447
f 2596/2753/2420 2640/2803/2464 2594/2751/2418
f 2594/2751/2418 2640/2803/2464 2613/2770/2437
f 2627/2787/2451 2633/2795/2457 2652/2823/2476
f 2633/2795/2457 2630/2790/2454 2652/2823/2476
f 2635/2813/2459 2591/2748/2415 2592/2749/2416
f 2635/2813/2459 2592/2749/2416 2653/2824/2477
f 2610/2767/2434 2602/2759/2426 2601/2758/2425
f 2625/2785/2449 2613/2770/2437 2610/2767/2434
f 2590/2747/2414 2648/2825/2472 2593/2750/2417
f 2593/2783/2417 2648/2814/2472 2622/2779/2446
f 2654/2826/2478 2606/2763/2430 2623/2780/2447
f 2654/2826/2478 2623/2780/2447 2622/2779/2446
f 2632/2792/2456 2603/2815/2427 2646/2811/2470
f 2600/2757/2424 2649/2827/2473 2632/2792/2456
f 2611/2768/2435 2618/2775/2442 2617/2774/2441
f 2610/2767/2434 2618/2775/2442 2611/2768/2435
f 2632/2792/2456 2649/2827/2473 2603/2815/2427
f 2649/2820/2473 2604/2761/2428 2603/2760/2427
f 2634/2828/2458 2620/2782/2444 2655/2829/2479
f 2653/2824/2477 2592/2749/2416 2620/2777/2444
f 2640/2803/2464 2596/2753/2420 2616/2773/2440
f 2618/2775/2442 2640/2803/2464 2616/2773/2440
f 2627/2787/2451 2652/2823/2476 2628/2788/2452
f 2652/2823/2476 2630/2790/2454 2628/2788/2452
f 2636/2799/2460 2614/2771/2438 2626/2786/2450
f 2614/2771/2438 2613/2770/2437 2626/2786/2450
f 2608/2765/2432 2656/2830/2480 2609/2766/2433
f 2620/2782/2444 2621/2778/2445 2655/2829/2479
f 2617/2774/2441 2619/2776/2443 2657/2831/2481
f 2589/2746/2413 2617/2774/2441 2657/2831/2481
f 2647/2812/2471 2624/2784/2448 2632/2792/2456
f 2647/2812/2471 2626/2786/2450 2624/2784/2448
f 2608/2765/2432 2655/2829/2479 2656/2830/2480
f 2608/2765/2432 2607/2764/2431 2639/2832/2463
f 2638/2833/2462 2637/2805/2461 2642/2807/2466
f 2638/2801/2462 2644/2809/2468 2636/2799/2460
f 2597/2754/2421 2595/2793/2419 2600/2757/2424
f 2597/2754/2421 2600/2757/2424 2602/2759/2426
f 2643/2808/2467 2644/2809/2468 2642/2834/2466
f 2644/2809/2468 2638/2801/2462 2642/2834/2466
f 2621/2778/2445 2609/2766/2433 2656/2830/2480
f 2655/2829/2479 2621/2778/2445 2656/2830/2480
f 2595/2793/2419 2649/2827/2473 2600/2757/2424
f 2595/2793/2419 2650/2835/2474 2649/2827/2473
f 2654/2826/2478 2622/2779/2446 2629/2789/2453
f 2606/2763/2430 2654/2826/2478 2629/2789/2453
f 2634/2796/2458 2655/2836/2479 2639/2802/2463
f 2639/2832/2463 2655/2829/2479 2608/2765/2432
f 2651/2822/2475 2615/2772/2439 2650/2821/2474
f 2650/2821/2474 2595/2752/2419 2651/2822/2475
f 2641/2818/2465 2646/2811/2470 2643/2819/2467
f 2645/2810/2469 2646/2811/2470 2641/2818/2465
f 2633/2795/2457 2599/2756/2423 2598/2755/2422
f 2633/2795/2457 2598/2755/2422 2612/2769/2436
f 2637/2800/2461 2647/2812/2471 2645/2810/2469
f 2645/2837/2469 2641/2806/2465 2637/2805/2461
f 2590/2747/2414 2589/2746/2413 2657/2831/2481
f 2657/2831/2481 2648/2825/2472 2590/2747/2414
f 2604/2761/2428 2650/2821/2474 2615/2772/2439
f 2615/2772/2439 2614/2771/2438 2604/2761/2428
f 2598/2755/2422 2597/2754/2421 2602/2759/2426
f 2612/2769/2436 2598/2755/2422 2602/2759/2426
f 2606/2763/2430 2629/2789/2453 2631/2791/2455
f 2631/2791/2455 2630/2790/2454 2606/2763/2430
f 2636/2799/2460 2647/2812/2471 2637/2800/2461
f 2636/2799/2460 2626/2786/2450 2647/2812/2471
f 2651/2822/2475 2595/2752/2419 2594/2751/2418
f 2613/2770/2437 2651/2822/2475 2594/2751/2418
f 2643/2808/2467 2605/2762/2429 2614/2771/2438
f 2646/2811/2470 2605/2816/2429 2643/2819/2467
f 2653/2824/2477 2620/2777/2444 2634/2838/2458
f 2634/2838/2458 2635/2813/2459 2653/2824/2477
f 2625/2785/2449 2601/2758/2425 2600/2757/2424
f 2625/2785/2449 2610/2767/2434 2601/2758/2425
f 2627/2787/2451 2648/2814/2472 2619/2804/2443
f 2648/2825/2472 2657/2831/2481 2619/2776/2443
